2026-05-28 14:40:42,100 [INFO] __main__ — === Pipeline start: tokyo ===
2026-05-28 14:40:42,214 [INFO] __main__ — Book loaded: Explore Tokyo
2026-05-28 14:40:42,215 [INFO] __main__ — Storyboard ready — city=Tokyo, pages=30
2026-05-28 14:47:34,646 [INFO] __main__ — === Pipeline start: explore_tokyo ===
2026-05-28 14:47:34,759 [INFO] __main__ — Book loaded: Explore Tokyo
2026-05-28 14:47:34,759 [INFO] __main__ — Storyboard ready — city=Tokyo, pages=30
2026-05-28 14:47:41,346 [INFO] __main__ — Interior PDF: /Users/jonathan/kdp_coloring_books/output/interiors/explore_tokyo_interior.pdf
2026-05-28 14:47:41,347 [INFO] __main__ — Cover PDF: /Users/jonathan/kdp_coloring_books/output/covers/tokyo_cover.pdf
2026-05-28 14:47:41,347 [INFO] __main__ — Metadata: /Users/jonathan/kdp_coloring_books/output/metadata/explore_tokyo_metadata.json
2026-05-28 14:47:41,347 [INFO] __main__ — === Pipeline complete: explore_tokyo ===
2026-05-28 14:52:29,762 [INFO] __main__ — === Pipeline start: tokyo ===
2026-05-28 14:52:29,903 [INFO] __main__ — Matched spreadsheet row: 0
2026-05-28 14:52:29,951 [INFO] __main__ — Book loaded: Explore Tokyo
2026-05-28 14:52:29,952 [INFO] __main__ — Storyboard ready — city=Tokyo, pages=30
2026-05-28 14:52:29,952 [INFO] __main__ — Image provider: stub
2026-05-28 14:52:29,952 [INFO] __main__ — Generating cover...
2026-05-28 14:52:30,194 [INFO] __main__ — Generating page 01/30: arrival
2026-05-28 14:52:30,210 [INFO] __main__ — Generating page 02/30: first_glimpse
2026-05-28 14:52:30,227 [INFO] __main__ — Generating page 03/30: hotel
2026-05-28 14:52:30,242 [INFO] __main__ — Generating page 04/30: breakfast
2026-05-28 14:52:30,258 [INFO] __main__ — Generating page 05/30: landmark_1
2026-05-28 14:52:30,273 [INFO] __main__ — Generating page 06/30: photo
2026-05-28 14:52:30,289 [INFO] __main__ — Generating page 07/30: market
2026-05-28 14:52:30,304 [INFO] __main__ — Generating page 08/30: street_food
2026-05-28 14:52:30,319 [INFO] __main__ — Generating page 09/30: park
2026-05-28 14:52:30,333 [INFO] __main__ — Generating page 10/30: local_animal
2026-05-28 14:52:30,347 [INFO] __main__ — Generating page 11/30: transport
2026-05-28 14:52:30,362 [INFO] __main__ — Generating page 12/30: landmark_2
2026-05-28 14:52:30,377 [INFO] __main__ — Generating page 13/30: shopping
2026-05-28 14:52:30,401 [INFO] __main__ — Generating page 14/30: craft
2026-05-28 14:52:30,420 [INFO] __main__ — Generating page 15/30: temple
2026-05-28 14:52:30,444 [INFO] __main__ — Generating page 16/30: viewpoint
2026-05-28 14:52:30,465 [INFO] __main__ — Generating page 17/30: snack
2026-05-28 14:52:30,485 [INFO] __main__ — Generating page 18/30: festival
2026-05-28 14:52:30,505 [INFO] __main__ — Generating page 19/30: dinner
2026-05-28 14:52:30,520 [INFO] __main__ — Generating page 20/30: evening_walk
2026-05-28 14:52:30,536 [INFO] __main__ — Generating page 21/30: museum
2026-05-28 14:52:30,552 [INFO] __main__ — Generating page 22/30: outdoor
2026-05-28 14:52:30,567 [INFO] __main__ — Generating page 23/30: waterside
2026-05-28 14:52:30,581 [INFO] __main__ — Generating page 24/30: sport
2026-05-28 14:52:30,596 [INFO] __main__ — Generating page 25/30: art_market
2026-05-28 14:52:30,611 [INFO] __main__ — Generating page 26/30: celebration
2026-05-28 14:52:30,627 [INFO] __main__ — Generating page 27/30: new_friends
2026-05-28 14:52:30,643 [INFO] __main__ — Generating page 28/30: packing
2026-05-28 14:52:30,659 [INFO] __main__ — Generating page 29/30: farewell
2026-05-28 14:52:30,676 [INFO] __main__ — Generating page 30/30: memories
2026-05-28 14:52:32,149 [INFO] __main__ — Interior PDF: /Users/jonathan/kdp_coloring_books/output/interiors/explore_tokyo_interior.pdf
2026-05-28 14:52:32,205 [INFO] __main__ — Cover PDF: /Users/jonathan/kdp_coloring_books/output/covers/tokyo_cover.pdf
2026-05-28 14:52:32,207 [INFO] __main__ — Metadata: /Users/jonathan/kdp_coloring_books/output/metadata/tokyo_metadata.json
2026-05-28 14:52:32,209 [INFO] __main__ — === Pipeline complete: tokyo ===
2026-05-28 14:52:38,553 [INFO] __main__ — === Pipeline start: new_york_city ===
2026-05-28 14:52:38,680 [INFO] __main__ — Matched spreadsheet row: 16
2026-05-28 14:52:38,734 [INFO] __main__ — Book loaded: Explore New York City
2026-05-28 14:52:38,738 [INFO] __main__ — Storyboard ready — city=New York City, pages=30
2026-05-28 14:52:38,738 [INFO] __main__ — Image provider: stub
2026-05-28 14:52:38,738 [INFO] __main__ — Generating cover...
2026-05-28 14:52:38,771 [INFO] __main__ — Generating page 01/30: arrival
2026-05-28 14:52:38,787 [INFO] __main__ — Generating page 02/30: first_glimpse
2026-05-28 14:52:38,803 [INFO] __main__ — Generating page 03/30: hotel
2026-05-28 14:52:38,819 [INFO] __main__ — Generating page 04/30: breakfast
2026-05-28 14:52:38,834 [INFO] __main__ — Generating page 05/30: landmark_1
2026-05-28 14:52:38,849 [INFO] __main__ — Generating page 06/30: photo
2026-05-28 14:52:38,864 [INFO] __main__ — Generating page 07/30: market
2026-05-28 14:52:38,879 [INFO] __main__ — Generating page 08/30: street_food
2026-05-28 14:52:38,894 [INFO] __main__ — Generating page 09/30: park
2026-05-28 14:52:38,909 [INFO] __main__ — Generating page 10/30: local_animal
2026-05-28 14:52:38,927 [INFO] __main__ — Generating page 11/30: transport
2026-05-28 14:52:38,943 [INFO] __main__ — Generating page 12/30: landmark_2
2026-05-28 14:52:38,960 [INFO] __main__ — Generating page 13/30: shopping
2026-05-28 14:52:38,977 [INFO] __main__ — Generating page 14/30: craft
2026-05-28 14:52:38,998 [INFO] __main__ — Generating page 15/30: temple
2026-05-28 14:52:39,014 [INFO] __main__ — Generating page 16/30: viewpoint
2026-05-28 14:52:39,031 [INFO] __main__ — Generating page 17/30: snack
2026-05-28 14:52:39,048 [INFO] __main__ — Generating page 18/30: festival
2026-05-28 14:52:39,065 [INFO] __main__ — Generating page 19/30: dinner
2026-05-28 14:52:39,081 [INFO] __main__ — Generating page 20/30: evening_walk
2026-05-28 14:52:39,100 [INFO] __main__ — Generating page 21/30: museum
2026-05-28 14:52:39,116 [INFO] __main__ — Generating page 22/30: outdoor
2026-05-28 14:52:39,133 [INFO] __main__ — Generating page 23/30: waterside
2026-05-28 14:52:39,153 [INFO] __main__ — Generating page 24/30: sport
2026-05-28 14:52:39,171 [INFO] __main__ — Generating page 25/30: art_market
2026-05-28 14:52:39,189 [INFO] __main__ — Generating page 26/30: celebration
2026-05-28 14:52:39,208 [INFO] __main__ — Generating page 27/30: new_friends
2026-05-28 14:52:39,229 [INFO] __main__ — Generating page 28/30: packing
2026-05-28 14:52:39,246 [INFO] __main__ — Generating page 29/30: farewell
2026-05-28 14:52:39,263 [INFO] __main__ — Generating page 30/30: memories
2026-05-28 14:52:40,711 [INFO] __main__ — Interior PDF: /Users/jonathan/kdp_coloring_books/output/interiors/explore_new_york_city_interior.pdf
2026-05-28 14:52:40,766 [INFO] __main__ — Cover PDF: /Users/jonathan/kdp_coloring_books/output/covers/new_york_city_cover.pdf
2026-05-28 14:52:40,767 [INFO] __main__ — Metadata: /Users/jonathan/kdp_coloring_books/output/metadata/new_york_city_metadata.json
2026-05-28 14:52:40,767 [INFO] __main__ — === Pipeline complete: new_york_city ===
2026-05-28 15:14:44,733 [INFO] __main__ — === Pipeline start: tokyo ===
2026-05-28 15:14:44,847 [INFO] __main__ — Matched spreadsheet row: 0
2026-05-28 15:14:44,892 [INFO] __main__ — Book loaded: Explore Tokyo
2026-05-28 15:14:44,893 [INFO] __main__ — Storyboard ready — city=Tokyo, pages=30
2026-05-28 15:14:44,893 [INFO] __main__ — Image provider: pollinations
2026-05-28 15:14:44,893 [INFO] __main__ — Generating cover...
2026-05-28 15:16:07,539 [INFO] __main__ — Generating page 01/30: arrival
2026-05-28 15:17:37,179 [INFO] __main__ — Generating page 02/30: first_glimpse
2026-05-28 15:19:06,882 [INFO] __main__ — Generating page 03/30: hotel
2026-05-28 15:20:37,310 [INFO] __main__ — Generating page 04/30: breakfast
2026-05-28 15:22:07,175 [INFO] __main__ — Generating page 05/30: landmark_1
2026-05-28 15:23:36,809 [INFO] __main__ — Generating page 06/30: photo
2026-05-28 15:25:06,897 [INFO] __main__ — Generating page 07/30: market
2026-05-28 15:26:36,885 [INFO] __main__ — Generating page 08/30: street_food
2026-05-28 15:28:07,085 [INFO] __main__ — Generating page 09/30: park
2026-05-28 15:29:36,887 [INFO] __main__ — Generating page 10/30: local_animal
2026-05-28 15:31:06,761 [INFO] __main__ — Generating page 11/30: transport
2026-05-28 15:32:37,140 [INFO] __main__ — Generating page 12/30: landmark_2
2026-05-28 15:34:06,898 [INFO] __main__ — Generating page 13/30: shopping
2026-05-28 15:35:37,045 [INFO] __main__ — Generating page 14/30: craft
2026-05-28 15:37:07,120 [INFO] __main__ — Generating page 15/30: temple
2026-05-28 15:38:36,849 [INFO] __main__ — Generating page 16/30: viewpoint
2026-05-28 15:40:07,094 [INFO] __main__ — Generating page 17/30: snack
2026-05-28 15:41:36,873 [INFO] __main__ — Generating page 18/30: festival
2026-05-28 15:43:07,296 [INFO] __main__ — Generating page 19/30: dinner
2026-05-28 15:44:36,785 [INFO] __main__ — Generating page 20/30: evening_walk
2026-05-28 15:46:07,210 [INFO] __main__ — Generating page 21/30: museum
2026-05-28 15:47:36,911 [INFO] __main__ — Generating page 22/30: outdoor
2026-05-28 15:49:07,115 [INFO] __main__ — Generating page 23/30: waterside
2026-05-28 15:50:37,365 [INFO] __main__ — Generating page 24/30: sport
2026-05-28 15:52:07,060 [INFO] __main__ — Generating page 25/30: art_market
2026-05-28 15:53:36,870 [INFO] __main__ — Generating page 26/30: celebration
2026-05-28 15:55:06,838 [INFO] __main__ — Generating page 27/30: new_friends
2026-05-28 15:56:36,835 [INFO] __main__ — Generating page 28/30: packing
2026-05-28 15:58:06,864 [INFO] __main__ — Generating page 29/30: farewell
2026-05-28 15:59:36,916 [INFO] __main__ — Generating page 30/30: memories
2026-05-28 16:01:13,121 [INFO] __main__ — Interior PDF: /Users/jonathan/kdp_coloring_books/output/interiors/explore_tokyo_interior.pdf
2026-05-28 16:01:13,385 [INFO] __main__ — Cover PDF: /Users/jonathan/kdp_coloring_books/output/covers/tokyo_cover.pdf
2026-05-28 16:01:13,389 [INFO] __main__ — Metadata: /Users/jonathan/kdp_coloring_books/output/metadata/tokyo_metadata.json
2026-05-28 16:01:13,389 [INFO] __main__ — === Pipeline complete: tokyo ===
2026-05-28 16:14:22,900 [INFO] __main__ — === Pipeline start: new_york_city ===
2026-05-28 16:14:23,014 [INFO] __main__ — Matched spreadsheet row: 16
2026-05-28 16:14:23,059 [INFO] __main__ — Book loaded: Explore New York City
2026-05-28 16:14:23,060 [INFO] __main__ — Storyboard ready — city=New York City, pages=30
2026-05-28 16:14:23,060 [INFO] __main__ — Image provider: pollinations
2026-05-28 16:14:23,060 [INFO] __main__ — Generating cover...
2026-05-28 16:14:47,292 [INFO] __main__ — Generating page 01/30: arrival
2026-05-28 16:14:47,292 [INFO] __main__ — Generating page 02/30: first_glimpse
2026-05-28 16:14:47,292 [INFO] __main__ — Generating page 03/30: hotel
2026-05-28 16:14:47,292 [INFO] __main__ — Generating page 04/30: breakfast
2026-05-28 16:14:48,990 [WARNING] __main__ — Attempt 1/3 failed for new_york_city_page_04.png: 402 Client Error: Payment Required for url: https://image.pollinations.ai/prompt/SCENE%3A%20Capybara%20enjoys%20a%20traditional%20New%20York%20City%20breakfast%20spread%20at%20a%20warm%20local%20caf%C3%A9.%0ACHARACTER%3A%20cute%20capybara%20mascot%2C%20soft%20rounded%20body%2C%20simple%20expressive%20eyes%2C%20tiny%20smiling%20mouth%2C%20blush%20cheeks%2C%20plush%20toy-like%20appearance%2C%20cozy%20travel%20outfit%20matching%20the%20destination%2C%20soft%20rounded%20paws%2C%20emotionally%20warm%20and%20friendly%2C%20consistent%20character%20across%20every%20image.%0ASETTING%3A%20iconic%20New%20York%20City%20location.%20Incorporate%20iconic%20New%20York%20City%20elements%3A%20Statue%20of%20Liberty%3B%20Central%20Park%3B%20Brooklyn%20Bridge%3B%20Times%20Square%3B%20skyline.%20Cultural%20details%20to%20include%3A%20pizza%3B%20bagels%3B%20coffee%3B%20pretzels%3B%20hot%20dogs.%0ASTYLE%3A%20black-and-white%20coloring%20book%20line%20art%20only%2C%20thick%20clean%20outlines%2C%20no%20shading%2C%20no%20grayscale%2C%20no%20crosshatching%2C%20no%20sketch%20texture%2C%20no%20dark%20fills%2C%20large%20open%20coloring%20spaces%2C%20minimal%20details%2C%20one%20clear%20activity%20per%20page%2C%20simple%20uncluttered%20composition%2C%20lots%20of%20white%20space%2C%20soft%20storybook%20feeling%2C%20cozy%20kawaii%20children%27s-book%20style%2C%20Sanrio-like%20emotional%20warmth.%0ARULES%3A%20No%20humans.%20Cute%20anthropomorphic%20animals%20only%20%28rabbits%2C%20cats%2C%20birds%2C%20ducks%2C%20foxes%2C%20pandas%2C%20turtles%2C%20deer%29.%20No%20fake%20text%20or%20signage.%20No%20crowded%20scenes.%20No%20complicated%20architecture.%20No%20tiny%20unreadable%20details.%20Vary%20the%20capybara%20pose%20and%20placement%20from%20nearby%20pages.%0AOVERALL%20FEEL%3A%20cozy%2C%20calming%2C%20emotionally%20comforting%2C%20wholesome%20kawaii%2C%20suitable%20for%20a%20premium%20Amazon%20KDP%20coloring%20book.?width=850&height=1100&model=flux&nologo=true&seed=1454582091
2026-05-28 16:14:48,991 [WARNING] __main__ — Attempt 1/3 failed for new_york_city_page_03.png: 402 Client Error: Payment Required for url: https://image.pollinations.ai/prompt/SCENE%3A%20Capybara%20checks%20into%20a%20cozy%20New%20York%20City-style%20inn%2C%20unpacking%20a%20small%20bag%20on%20the%20bed.%0ACHARACTER%3A%20cute%20capybara%20mascot%2C%20soft%20rounded%20body%2C%20simple%20expressive%20eyes%2C%20tiny%20smiling%20mouth%2C%20blush%20cheeks%2C%20plush%20toy-like%20appearance%2C%20cozy%20travel%20outfit%20matching%20the%20destination%2C%20soft%20rounded%20paws%2C%20emotionally%20warm%20and%20friendly%2C%20consistent%20character%20across%20every%20image.%0ASETTING%3A%20iconic%20New%20York%20City%20location.%20Incorporate%20iconic%20New%20York%20City%20elements%3A%20Statue%20of%20Liberty%3B%20Central%20Park%3B%20Brooklyn%20Bridge%3B%20Times%20Square%3B%20skyline.%20Cultural%20details%20to%20include%3A%20pizza%3B%20bagels%3B%20coffee%3B%20pretzels%3B%20hot%20dogs.%0ASTYLE%3A%20black-and-white%20coloring%20book%20line%20art%20only%2C%20thick%20clean%20outlines%2C%20no%20shading%2C%20no%20grayscale%2C%20no%20crosshatching%2C%20no%20sketch%20texture%2C%20no%20dark%20fills%2C%20large%20open%20coloring%20spaces%2C%20minimal%20details%2C%20one%20clear%20activity%20per%20page%2C%20simple%20uncluttered%20composition%2C%20lots%20of%20white%20space%2C%20soft%20storybook%20feeling%2C%20cozy%20kawaii%20children%27s-book%20style%2C%20Sanrio-like%20emotional%20warmth.%0ARULES%3A%20No%20humans.%20Cute%20anthropomorphic%20animals%20only%20%28rabbits%2C%20cats%2C%20birds%2C%20ducks%2C%20foxes%2C%20pandas%2C%20turtles%2C%20deer%29.%20No%20fake%20text%20or%20signage.%20No%20crowded%20scenes.%20No%20complicated%20architecture.%20No%20tiny%20unreadable%20details.%20Vary%20the%20capybara%20pose%20and%20placement%20from%20nearby%20pages.%0AOVERALL%20FEEL%3A%20cozy%2C%20calming%2C%20emotionally%20comforting%2C%20wholesome%20kawaii%2C%20suitable%20for%20a%20premium%20Amazon%20KDP%20coloring%20book.?width=850&height=1100&model=flux&nologo=true&seed=1918443048
2026-05-28 16:14:48,991 [WARNING] __main__ — Attempt 1/3 failed for new_york_city_page_01.png: 402 Client Error: Payment Required for url: https://image.pollinations.ai/prompt/SCENE%3A%20Capybara%20arrives%20at%20the%20New%20York%20City%20airport%2C%20holding%20a%20small%20rolling%20suitcase%2C%20looking%20happy%20and%20excited.%0ACHARACTER%3A%20cute%20capybara%20mascot%2C%20soft%20rounded%20body%2C%20simple%20expressive%20eyes%2C%20tiny%20smiling%20mouth%2C%20blush%20cheeks%2C%20plush%20toy-like%20appearance%2C%20cozy%20travel%20outfit%20matching%20the%20destination%2C%20soft%20rounded%20paws%2C%20emotionally%20warm%20and%20friendly%2C%20consistent%20character%20across%20every%20image.%0ASETTING%3A%20iconic%20New%20York%20City%20location.%20Incorporate%20iconic%20New%20York%20City%20elements%3A%20Statue%20of%20Liberty%3B%20Central%20Park%3B%20Brooklyn%20Bridge%3B%20Times%20Square%3B%20skyline.%20Cultural%20details%20to%20include%3A%20pizza%3B%20bagels%3B%20coffee%3B%20pretzels%3B%20hot%20dogs.%0ASTYLE%3A%20black-and-white%20coloring%20book%20line%20art%20only%2C%20thick%20clean%20outlines%2C%20no%20shading%2C%20no%20grayscale%2C%20no%20crosshatching%2C%20no%20sketch%20texture%2C%20no%20dark%20fills%2C%20large%20open%20coloring%20spaces%2C%20minimal%20details%2C%20one%20clear%20activity%20per%20page%2C%20simple%20uncluttered%20composition%2C%20lots%20of%20white%20space%2C%20soft%20storybook%20feeling%2C%20cozy%20kawaii%20children%27s-book%20style%2C%20Sanrio-like%20emotional%20warmth.%0ARULES%3A%20No%20humans.%20Cute%20anthropomorphic%20animals%20only%20%28rabbits%2C%20cats%2C%20birds%2C%20ducks%2C%20foxes%2C%20pandas%2C%20turtles%2C%20deer%29.%20No%20fake%20text%20or%20signage.%20No%20crowded%20scenes.%20No%20complicated%20architecture.%20No%20tiny%20unreadable%20details.%20Vary%20the%20capybara%20pose%20and%20placement%20from%20nearby%20pages.%0AOVERALL%20FEEL%3A%20cozy%2C%20calming%2C%20emotionally%20comforting%2C%20wholesome%20kawaii%2C%20suitable%20for%20a%20premium%20Amazon%20KDP%20coloring%20book.?width=850&height=1100&model=flux&nologo=true&seed=1217461176
2026-05-28 16:14:51,345 [WARNING] __main__ — Attempt 2/3 failed for new_york_city_page_04.png: 402 Client Error: Payment Required for url: https://image.pollinations.ai/prompt/SCENE%3A%20Capybara%20enjoys%20a%20traditional%20New%20York%20City%20breakfast%20spread%20at%20a%20warm%20local%20caf%C3%A9.%0ACHARACTER%3A%20cute%20capybara%20mascot%2C%20soft%20rounded%20body%2C%20simple%20expressive%20eyes%2C%20tiny%20smiling%20mouth%2C%20blush%20cheeks%2C%20plush%20toy-like%20appearance%2C%20cozy%20travel%20outfit%20matching%20the%20destination%2C%20soft%20rounded%20paws%2C%20emotionally%20warm%20and%20friendly%2C%20consistent%20character%20across%20every%20image.%0ASETTING%3A%20iconic%20New%20York%20City%20location.%20Incorporate%20iconic%20New%20York%20City%20elements%3A%20Statue%20of%20Liberty%3B%20Central%20Park%3B%20Brooklyn%20Bridge%3B%20Times%20Square%3B%20skyline.%20Cultural%20details%20to%20include%3A%20pizza%3B%20bagels%3B%20coffee%3B%20pretzels%3B%20hot%20dogs.%0ASTYLE%3A%20black-and-white%20coloring%20book%20line%20art%20only%2C%20thick%20clean%20outlines%2C%20no%20shading%2C%20no%20grayscale%2C%20no%20crosshatching%2C%20no%20sketch%20texture%2C%20no%20dark%20fills%2C%20large%20open%20coloring%20spaces%2C%20minimal%20details%2C%20one%20clear%20activity%20per%20page%2C%20simple%20uncluttered%20composition%2C%20lots%20of%20white%20space%2C%20soft%20storybook%20feeling%2C%20cozy%20kawaii%20children%27s-book%20style%2C%20Sanrio-like%20emotional%20warmth.%0ARULES%3A%20No%20humans.%20Cute%20anthropomorphic%20animals%20only%20%28rabbits%2C%20cats%2C%20birds%2C%20ducks%2C%20foxes%2C%20pandas%2C%20turtles%2C%20deer%29.%20No%20fake%20text%20or%20signage.%20No%20crowded%20scenes.%20No%20complicated%20architecture.%20No%20tiny%20unreadable%20details.%20Vary%20the%20capybara%20pose%20and%20placement%20from%20nearby%20pages.%0AOVERALL%20FEEL%3A%20cozy%2C%20calming%2C%20emotionally%20comforting%2C%20wholesome%20kawaii%2C%20suitable%20for%20a%20premium%20Amazon%20KDP%20coloring%20book.?width=850&height=1100&model=flux&nologo=true&seed=1454582091
2026-05-28 16:14:51,345 [WARNING] __main__ — Attempt 2/3 failed for new_york_city_page_01.png: 402 Client Error: Payment Required for url: https://image.pollinations.ai/prompt/SCENE%3A%20Capybara%20arrives%20at%20the%20New%20York%20City%20airport%2C%20holding%20a%20small%20rolling%20suitcase%2C%20looking%20happy%20and%20excited.%0ACHARACTER%3A%20cute%20capybara%20mascot%2C%20soft%20rounded%20body%2C%20simple%20expressive%20eyes%2C%20tiny%20smiling%20mouth%2C%20blush%20cheeks%2C%20plush%20toy-like%20appearance%2C%20cozy%20travel%20outfit%20matching%20the%20destination%2C%20soft%20rounded%20paws%2C%20emotionally%20warm%20and%20friendly%2C%20consistent%20character%20across%20every%20image.%0ASETTING%3A%20iconic%20New%20York%20City%20location.%20Incorporate%20iconic%20New%20York%20City%20elements%3A%20Statue%20of%20Liberty%3B%20Central%20Park%3B%20Brooklyn%20Bridge%3B%20Times%20Square%3B%20skyline.%20Cultural%20details%20to%20include%3A%20pizza%3B%20bagels%3B%20coffee%3B%20pretzels%3B%20hot%20dogs.%0ASTYLE%3A%20black-and-white%20coloring%20book%20line%20art%20only%2C%20thick%20clean%20outlines%2C%20no%20shading%2C%20no%20grayscale%2C%20no%20crosshatching%2C%20no%20sketch%20texture%2C%20no%20dark%20fills%2C%20large%20open%20coloring%20spaces%2C%20minimal%20details%2C%20one%20clear%20activity%20per%20page%2C%20simple%20uncluttered%20composition%2C%20lots%20of%20white%20space%2C%20soft%20storybook%20feeling%2C%20cozy%20kawaii%20children%27s-book%20style%2C%20Sanrio-like%20emotional%20warmth.%0ARULES%3A%20No%20humans.%20Cute%20anthropomorphic%20animals%20only%20%28rabbits%2C%20cats%2C%20birds%2C%20ducks%2C%20foxes%2C%20pandas%2C%20turtles%2C%20deer%29.%20No%20fake%20text%20or%20signage.%20No%20crowded%20scenes.%20No%20complicated%20architecture.%20No%20tiny%20unreadable%20details.%20Vary%20the%20capybara%20pose%20and%20placement%20from%20nearby%20pages.%0AOVERALL%20FEEL%3A%20cozy%2C%20calming%2C%20emotionally%20comforting%2C%20wholesome%20kawaii%2C%20suitable%20for%20a%20premium%20Amazon%20KDP%20coloring%20book.?width=850&height=1100&model=flux&nologo=true&seed=1217461176
2026-05-28 16:14:51,345 [WARNING] __main__ — Attempt 2/3 failed for new_york_city_page_03.png: 402 Client Error: Payment Required for url: https://image.pollinations.ai/prompt/SCENE%3A%20Capybara%20checks%20into%20a%20cozy%20New%20York%20City-style%20inn%2C%20unpacking%20a%20small%20bag%20on%20the%20bed.%0ACHARACTER%3A%20cute%20capybara%20mascot%2C%20soft%20rounded%20body%2C%20simple%20expressive%20eyes%2C%20tiny%20smiling%20mouth%2C%20blush%20cheeks%2C%20plush%20toy-like%20appearance%2C%20cozy%20travel%20outfit%20matching%20the%20destination%2C%20soft%20rounded%20paws%2C%20emotionally%20warm%20and%20friendly%2C%20consistent%20character%20across%20every%20image.%0ASETTING%3A%20iconic%20New%20York%20City%20location.%20Incorporate%20iconic%20New%20York%20City%20elements%3A%20Statue%20of%20Liberty%3B%20Central%20Park%3B%20Brooklyn%20Bridge%3B%20Times%20Square%3B%20skyline.%20Cultural%20details%20to%20include%3A%20pizza%3B%20bagels%3B%20coffee%3B%20pretzels%3B%20hot%20dogs.%0ASTYLE%3A%20black-and-white%20coloring%20book%20line%20art%20only%2C%20thick%20clean%20outlines%2C%20no%20shading%2C%20no%20grayscale%2C%20no%20crosshatching%2C%20no%20sketch%20texture%2C%20no%20dark%20fills%2C%20large%20open%20coloring%20spaces%2C%20minimal%20details%2C%20one%20clear%20activity%20per%20page%2C%20simple%20uncluttered%20composition%2C%20lots%20of%20white%20space%2C%20soft%20storybook%20feeling%2C%20cozy%20kawaii%20children%27s-book%20style%2C%20Sanrio-like%20emotional%20warmth.%0ARULES%3A%20No%20humans.%20Cute%20anthropomorphic%20animals%20only%20%28rabbits%2C%20cats%2C%20birds%2C%20ducks%2C%20foxes%2C%20pandas%2C%20turtles%2C%20deer%29.%20No%20fake%20text%20or%20signage.%20No%20crowded%20scenes.%20No%20complicated%20architecture.%20No%20tiny%20unreadable%20details.%20Vary%20the%20capybara%20pose%20and%20placement%20from%20nearby%20pages.%0AOVERALL%20FEEL%3A%20cozy%2C%20calming%2C%20emotionally%20comforting%2C%20wholesome%20kawaii%2C%20suitable%20for%20a%20premium%20Amazon%20KDP%20coloring%20book.?width=850&height=1100&model=flux&nologo=true&seed=1918443048
2026-05-28 16:14:55,643 [WARNING] __main__ — Attempt 3/3 failed for new_york_city_page_03.png: 402 Client Error: Payment Required for url: https://image.pollinations.ai/prompt/SCENE%3A%20Capybara%20checks%20into%20a%20cozy%20New%20York%20City-style%20inn%2C%20unpacking%20a%20small%20bag%20on%20the%20bed.%0ACHARACTER%3A%20cute%20capybara%20mascot%2C%20soft%20rounded%20body%2C%20simple%20expressive%20eyes%2C%20tiny%20smiling%20mouth%2C%20blush%20cheeks%2C%20plush%20toy-like%20appearance%2C%20cozy%20travel%20outfit%20matching%20the%20destination%2C%20soft%20rounded%20paws%2C%20emotionally%20warm%20and%20friendly%2C%20consistent%20character%20across%20every%20image.%0ASETTING%3A%20iconic%20New%20York%20City%20location.%20Incorporate%20iconic%20New%20York%20City%20elements%3A%20Statue%20of%20Liberty%3B%20Central%20Park%3B%20Brooklyn%20Bridge%3B%20Times%20Square%3B%20skyline.%20Cultural%20details%20to%20include%3A%20pizza%3B%20bagels%3B%20coffee%3B%20pretzels%3B%20hot%20dogs.%0ASTYLE%3A%20black-and-white%20coloring%20book%20line%20art%20only%2C%20thick%20clean%20outlines%2C%20no%20shading%2C%20no%20grayscale%2C%20no%20crosshatching%2C%20no%20sketch%20texture%2C%20no%20dark%20fills%2C%20large%20open%20coloring%20spaces%2C%20minimal%20details%2C%20one%20clear%20activity%20per%20page%2C%20simple%20uncluttered%20composition%2C%20lots%20of%20white%20space%2C%20soft%20storybook%20feeling%2C%20cozy%20kawaii%20children%27s-book%20style%2C%20Sanrio-like%20emotional%20warmth.%0ARULES%3A%20No%20humans.%20Cute%20anthropomorphic%20animals%20only%20%28rabbits%2C%20cats%2C%20birds%2C%20ducks%2C%20foxes%2C%20pandas%2C%20turtles%2C%20deer%29.%20No%20fake%20text%20or%20signage.%20No%20crowded%20scenes.%20No%20complicated%20architecture.%20No%20tiny%20unreadable%20details.%20Vary%20the%20capybara%20pose%20and%20placement%20from%20nearby%20pages.%0AOVERALL%20FEEL%3A%20cozy%2C%20calming%2C%20emotionally%20comforting%2C%20wholesome%20kawaii%2C%20suitable%20for%20a%20premium%20Amazon%20KDP%20coloring%20book.?width=850&height=1100&model=flux&nologo=true&seed=1918443048
2026-05-28 16:14:55,645 [INFO] __main__ — Generating page 05/30: landmark_1
2026-05-28 16:14:55,645 [ERROR] __main__ — Page 03 failed: 402 Client Error: Payment Required for url: https://image.pollinations.ai/prompt/SCENE%3A%20Capybara%20checks%20into%20a%20cozy%20New%20York%20City-style%20inn%2C%20unpacking%20a%20small%20bag%20on%20the%20bed.%0ACHARACTER%3A%20cute%20capybara%20mascot%2C%20soft%20rounded%20body%2C%20simple%20expressive%20eyes%2C%20tiny%20smiling%20mouth%2C%20blush%20cheeks%2C%20plush%20toy-like%20appearance%2C%20cozy%20travel%20outfit%20matching%20the%20destination%2C%20soft%20rounded%20paws%2C%20emotionally%20warm%20and%20friendly%2C%20consistent%20character%20across%20every%20image.%0ASETTING%3A%20iconic%20New%20York%20City%20location.%20Incorporate%20iconic%20New%20York%20City%20elements%3A%20Statue%20of%20Liberty%3B%20Central%20Park%3B%20Brooklyn%20Bridge%3B%20Times%20Square%3B%20skyline.%20Cultural%20details%20to%20include%3A%20pizza%3B%20bagels%3B%20coffee%3B%20pretzels%3B%20hot%20dogs.%0ASTYLE%3A%20black-and-white%20coloring%20book%20line%20art%20only%2C%20thick%20clean%20outlines%2C%20no%20shading%2C%20no%20grayscale%2C%20no%20crosshatching%2C%20no%20sketch%20texture%2C%20no%20dark%20fills%2C%20large%20open%20coloring%20spaces%2C%20minimal%20details%2C%20one%20clear%20activity%20per%20page%2C%20simple%20uncluttered%20composition%2C%20lots%20of%20white%20space%2C%20soft%20storybook%20feeling%2C%20cozy%20kawaii%20children%27s-book%20style%2C%20Sanrio-like%20emotional%20warmth.%0ARULES%3A%20No%20humans.%20Cute%20anthropomorphic%20animals%20only%20%28rabbits%2C%20cats%2C%20birds%2C%20ducks%2C%20foxes%2C%20pandas%2C%20turtles%2C%20deer%29.%20No%20fake%20text%20or%20signage.%20No%20crowded%20scenes.%20No%20complicated%20architecture.%20No%20tiny%20unreadable%20details.%20Vary%20the%20capybara%20pose%20and%20placement%20from%20nearby%20pages.%0AOVERALL%20FEEL%3A%20cozy%2C%20calming%2C%20emotionally%20comforting%2C%20wholesome%20kawaii%2C%20suitable%20for%20a%20premium%20Amazon%20KDP%20coloring%20book.?width=850&height=1100&model=flux&nologo=true&seed=1918443048
2026-05-28 16:14:55,647 [WARNING] __main__ — Attempt 3/3 failed for new_york_city_page_04.png: 402 Client Error: Payment Required for url: https://image.pollinations.ai/prompt/SCENE%3A%20Capybara%20enjoys%20a%20traditional%20New%20York%20City%20breakfast%20spread%20at%20a%20warm%20local%20caf%C3%A9.%0ACHARACTER%3A%20cute%20capybara%20mascot%2C%20soft%20rounded%20body%2C%20simple%20expressive%20eyes%2C%20tiny%20smiling%20mouth%2C%20blush%20cheeks%2C%20plush%20toy-like%20appearance%2C%20cozy%20travel%20outfit%20matching%20the%20destination%2C%20soft%20rounded%20paws%2C%20emotionally%20warm%20and%20friendly%2C%20consistent%20character%20across%20every%20image.%0ASETTING%3A%20iconic%20New%20York%20City%20location.%20Incorporate%20iconic%20New%20York%20City%20elements%3A%20Statue%20of%20Liberty%3B%20Central%20Park%3B%20Brooklyn%20Bridge%3B%20Times%20Square%3B%20skyline.%20Cultural%20details%20to%20include%3A%20pizza%3B%20bagels%3B%20coffee%3B%20pretzels%3B%20hot%20dogs.%0ASTYLE%3A%20black-and-white%20coloring%20book%20line%20art%20only%2C%20thick%20clean%20outlines%2C%20no%20shading%2C%20no%20grayscale%2C%20no%20crosshatching%2C%20no%20sketch%20texture%2C%20no%20dark%20fills%2C%20large%20open%20coloring%20spaces%2C%20minimal%20details%2C%20one%20clear%20activity%20per%20page%2C%20simple%20uncluttered%20composition%2C%20lots%20of%20white%20space%2C%20soft%20storybook%20feeling%2C%20cozy%20kawaii%20children%27s-book%20style%2C%20Sanrio-like%20emotional%20warmth.%0ARULES%3A%20No%20humans.%20Cute%20anthropomorphic%20animals%20only%20%28rabbits%2C%20cats%2C%20birds%2C%20ducks%2C%20foxes%2C%20pandas%2C%20turtles%2C%20deer%29.%20No%20fake%20text%20or%20signage.%20No%20crowded%20scenes.%20No%20complicated%20architecture.%20No%20tiny%20unreadable%20details.%20Vary%20the%20capybara%20pose%20and%20placement%20from%20nearby%20pages.%0AOVERALL%20FEEL%3A%20cozy%2C%20calming%2C%20emotionally%20comforting%2C%20wholesome%20kawaii%2C%20suitable%20for%20a%20premium%20Amazon%20KDP%20coloring%20book.?width=850&height=1100&model=flux&nologo=true&seed=1454582091
2026-05-28 16:14:55,647 [INFO] __main__ — Generating page 06/30: photo
2026-05-28 16:14:55,647 [ERROR] __main__ — Page 04 failed: 402 Client Error: Payment Required for url: https://image.pollinations.ai/prompt/SCENE%3A%20Capybara%20enjoys%20a%20traditional%20New%20York%20City%20breakfast%20spread%20at%20a%20warm%20local%20caf%C3%A9.%0ACHARACTER%3A%20cute%20capybara%20mascot%2C%20soft%20rounded%20body%2C%20simple%20expressive%20eyes%2C%20tiny%20smiling%20mouth%2C%20blush%20cheeks%2C%20plush%20toy-like%20appearance%2C%20cozy%20travel%20outfit%20matching%20the%20destination%2C%20soft%20rounded%20paws%2C%20emotionally%20warm%20and%20friendly%2C%20consistent%20character%20across%20every%20image.%0ASETTING%3A%20iconic%20New%20York%20City%20location.%20Incorporate%20iconic%20New%20York%20City%20elements%3A%20Statue%20of%20Liberty%3B%20Central%20Park%3B%20Brooklyn%20Bridge%3B%20Times%20Square%3B%20skyline.%20Cultural%20details%20to%20include%3A%20pizza%3B%20bagels%3B%20coffee%3B%20pretzels%3B%20hot%20dogs.%0ASTYLE%3A%20black-and-white%20coloring%20book%20line%20art%20only%2C%20thick%20clean%20outlines%2C%20no%20shading%2C%20no%20grayscale%2C%20no%20crosshatching%2C%20no%20sketch%20texture%2C%20no%20dark%20fills%2C%20large%20open%20coloring%20spaces%2C%20minimal%20details%2C%20one%20clear%20activity%20per%20page%2C%20simple%20uncluttered%20composition%2C%20lots%20of%20white%20space%2C%20soft%20storybook%20feeling%2C%20cozy%20kawaii%20children%27s-book%20style%2C%20Sanrio-like%20emotional%20warmth.%0ARULES%3A%20No%20humans.%20Cute%20anthropomorphic%20animals%20only%20%28rabbits%2C%20cats%2C%20birds%2C%20ducks%2C%20foxes%2C%20pandas%2C%20turtles%2C%20deer%29.%20No%20fake%20text%20or%20signage.%20No%20crowded%20scenes.%20No%20complicated%20architecture.%20No%20tiny%20unreadable%20details.%20Vary%20the%20capybara%20pose%20and%20placement%20from%20nearby%20pages.%0AOVERALL%20FEEL%3A%20cozy%2C%20calming%2C%20emotionally%20comforting%2C%20wholesome%20kawaii%2C%20suitable%20for%20a%20premium%20Amazon%20KDP%20coloring%20book.?width=850&height=1100&model=flux&nologo=true&seed=1454582091
2026-05-28 16:14:55,665 [WARNING] __main__ — Attempt 3/3 failed for new_york_city_page_01.png: 402 Client Error: Payment Required for url: https://image.pollinations.ai/prompt/SCENE%3A%20Capybara%20arrives%20at%20the%20New%20York%20City%20airport%2C%20holding%20a%20small%20rolling%20suitcase%2C%20looking%20happy%20and%20excited.%0ACHARACTER%3A%20cute%20capybara%20mascot%2C%20soft%20rounded%20body%2C%20simple%20expressive%20eyes%2C%20tiny%20smiling%20mouth%2C%20blush%20cheeks%2C%20plush%20toy-like%20appearance%2C%20cozy%20travel%20outfit%20matching%20the%20destination%2C%20soft%20rounded%20paws%2C%20emotionally%20warm%20and%20friendly%2C%20consistent%20character%20across%20every%20image.%0ASETTING%3A%20iconic%20New%20York%20City%20location.%20Incorporate%20iconic%20New%20York%20City%20elements%3A%20Statue%20of%20Liberty%3B%20Central%20Park%3B%20Brooklyn%20Bridge%3B%20Times%20Square%3B%20skyline.%20Cultural%20details%20to%20include%3A%20pizza%3B%20bagels%3B%20coffee%3B%20pretzels%3B%20hot%20dogs.%0ASTYLE%3A%20black-and-white%20coloring%20book%20line%20art%20only%2C%20thick%20clean%20outlines%2C%20no%20shading%2C%20no%20grayscale%2C%20no%20crosshatching%2C%20no%20sketch%20texture%2C%20no%20dark%20fills%2C%20large%20open%20coloring%20spaces%2C%20minimal%20details%2C%20one%20clear%20activity%20per%20page%2C%20simple%20uncluttered%20composition%2C%20lots%20of%20white%20space%2C%20soft%20storybook%20feeling%2C%20cozy%20kawaii%20children%27s-book%20style%2C%20Sanrio-like%20emotional%20warmth.%0ARULES%3A%20No%20humans.%20Cute%20anthropomorphic%20animals%20only%20%28rabbits%2C%20cats%2C%20birds%2C%20ducks%2C%20foxes%2C%20pandas%2C%20turtles%2C%20deer%29.%20No%20fake%20text%20or%20signage.%20No%20crowded%20scenes.%20No%20complicated%20architecture.%20No%20tiny%20unreadable%20details.%20Vary%20the%20capybara%20pose%20and%20placement%20from%20nearby%20pages.%0AOVERALL%20FEEL%3A%20cozy%2C%20calming%2C%20emotionally%20comforting%2C%20wholesome%20kawaii%2C%20suitable%20for%20a%20premium%20Amazon%20KDP%20coloring%20book.?width=850&height=1100&model=flux&nologo=true&seed=1217461176
2026-05-28 16:14:55,665 [INFO] __main__ — Generating page 07/30: market
2026-05-28 16:14:55,665 [ERROR] __main__ — Page 01 failed: 402 Client Error: Payment Required for url: https://image.pollinations.ai/prompt/SCENE%3A%20Capybara%20arrives%20at%20the%20New%20York%20City%20airport%2C%20holding%20a%20small%20rolling%20suitcase%2C%20looking%20happy%20and%20excited.%0ACHARACTER%3A%20cute%20capybara%20mascot%2C%20soft%20rounded%20body%2C%20simple%20expressive%20eyes%2C%20tiny%20smiling%20mouth%2C%20blush%20cheeks%2C%20plush%20toy-like%20appearance%2C%20cozy%20travel%20outfit%20matching%20the%20destination%2C%20soft%20rounded%20paws%2C%20emotionally%20warm%20and%20friendly%2C%20consistent%20character%20across%20every%20image.%0ASETTING%3A%20iconic%20New%20York%20City%20location.%20Incorporate%20iconic%20New%20York%20City%20elements%3A%20Statue%20of%20Liberty%3B%20Central%20Park%3B%20Brooklyn%20Bridge%3B%20Times%20Square%3B%20skyline.%20Cultural%20details%20to%20include%3A%20pizza%3B%20bagels%3B%20coffee%3B%20pretzels%3B%20hot%20dogs.%0ASTYLE%3A%20black-and-white%20coloring%20book%20line%20art%20only%2C%20thick%20clean%20outlines%2C%20no%20shading%2C%20no%20grayscale%2C%20no%20crosshatching%2C%20no%20sketch%20texture%2C%20no%20dark%20fills%2C%20large%20open%20coloring%20spaces%2C%20minimal%20details%2C%20one%20clear%20activity%20per%20page%2C%20simple%20uncluttered%20composition%2C%20lots%20of%20white%20space%2C%20soft%20storybook%20feeling%2C%20cozy%20kawaii%20children%27s-book%20style%2C%20Sanrio-like%20emotional%20warmth.%0ARULES%3A%20No%20humans.%20Cute%20anthropomorphic%20animals%20only%20%28rabbits%2C%20cats%2C%20birds%2C%20ducks%2C%20foxes%2C%20pandas%2C%20turtles%2C%20deer%29.%20No%20fake%20text%20or%20signage.%20No%20crowded%20scenes.%20No%20complicated%20architecture.%20No%20tiny%20unreadable%20details.%20Vary%20the%20capybara%20pose%20and%20placement%20from%20nearby%20pages.%0AOVERALL%20FEEL%3A%20cozy%2C%20calming%2C%20emotionally%20comforting%2C%20wholesome%20kawaii%2C%20suitable%20for%20a%20premium%20Amazon%20KDP%20coloring%20book.?width=850&height=1100&model=flux&nologo=true&seed=1217461176
2026-05-28 16:14:57,179 [WARNING] __main__ — Attempt 1/3 failed for new_york_city_page_07.png: 402 Client Error: Payment Required for url: https://image.pollinations.ai/prompt/SCENE%3A%20Capybara%20explores%20a%20colorful%20New%20York%20City%20street%20market%2C%20curiously%20looking%20at%20goods%20on%20display.%0ACHARACTER%3A%20cute%20capybara%20mascot%2C%20soft%20rounded%20body%2C%20simple%20expressive%20eyes%2C%20tiny%20smiling%20mouth%2C%20blush%20cheeks%2C%20plush%20toy-like%20appearance%2C%20cozy%20travel%20outfit%20matching%20the%20destination%2C%20soft%20rounded%20paws%2C%20emotionally%20warm%20and%20friendly%2C%20consistent%20character%20across%20every%20image.%0ASETTING%3A%20iconic%20New%20York%20City%20location.%20Incorporate%20iconic%20New%20York%20City%20elements%3A%20Statue%20of%20Liberty%3B%20Central%20Park%3B%20Brooklyn%20Bridge%3B%20Times%20Square%3B%20skyline.%20Cultural%20details%20to%20include%3A%20pizza%3B%20bagels%3B%20coffee%3B%20pretzels%3B%20hot%20dogs.%0ASTYLE%3A%20black-and-white%20coloring%20book%20line%20art%20only%2C%20thick%20clean%20outlines%2C%20no%20shading%2C%20no%20grayscale%2C%20no%20crosshatching%2C%20no%20sketch%20texture%2C%20no%20dark%20fills%2C%20large%20open%20coloring%20spaces%2C%20minimal%20details%2C%20one%20clear%20activity%20per%20page%2C%20simple%20uncluttered%20composition%2C%20lots%20of%20white%20space%2C%20soft%20storybook%20feeling%2C%20cozy%20kawaii%20children%27s-book%20style%2C%20Sanrio-like%20emotional%20warmth.%0ARULES%3A%20No%20humans.%20Cute%20anthropomorphic%20animals%20only%20%28rabbits%2C%20cats%2C%20birds%2C%20ducks%2C%20foxes%2C%20pandas%2C%20turtles%2C%20deer%29.%20No%20fake%20text%20or%20signage.%20No%20crowded%20scenes.%20No%20complicated%20architecture.%20No%20tiny%20unreadable%20details.%20Vary%20the%20capybara%20pose%20and%20placement%20from%20nearby%20pages.%0AOVERALL%20FEEL%3A%20cozy%2C%20calming%2C%20emotionally%20comforting%2C%20wholesome%20kawaii%2C%20suitable%20for%20a%20premium%20Amazon%20KDP%20coloring%20book.?width=850&height=1100&model=flux&nologo=true&seed=1590410660
2026-05-28 16:14:57,279 [WARNING] __main__ — Attempt 1/3 failed for new_york_city_page_05.png: 402 Client Error: Payment Required for url: https://image.pollinations.ai/prompt/SCENE%3A%20Capybara%20stands%20proudly%20in%20front%20of%20a%20famous%20New%20York%20City%20landmark%2C%20pointing%20at%20it%20with%20joy.%0ACHARACTER%3A%20cute%20capybara%20mascot%2C%20soft%20rounded%20body%2C%20simple%20expressive%20eyes%2C%20tiny%20smiling%20mouth%2C%20blush%20cheeks%2C%20plush%20toy-like%20appearance%2C%20cozy%20travel%20outfit%20matching%20the%20destination%2C%20soft%20rounded%20paws%2C%20emotionally%20warm%20and%20friendly%2C%20consistent%20character%20across%20every%20image.%0ASETTING%3A%20iconic%20New%20York%20City%20location.%20Incorporate%20iconic%20New%20York%20City%20elements%3A%20Statue%20of%20Liberty%3B%20Central%20Park%3B%20Brooklyn%20Bridge%3B%20Times%20Square%3B%20skyline.%20Cultural%20details%20to%20include%3A%20pizza%3B%20bagels%3B%20coffee%3B%20pretzels%3B%20hot%20dogs.%0ASTYLE%3A%20black-and-white%20coloring%20book%20line%20art%20only%2C%20thick%20clean%20outlines%2C%20no%20shading%2C%20no%20grayscale%2C%20no%20crosshatching%2C%20no%20sketch%20texture%2C%20no%20dark%20fills%2C%20large%20open%20coloring%20spaces%2C%20minimal%20details%2C%20one%20clear%20activity%20per%20page%2C%20simple%20uncluttered%20composition%2C%20lots%20of%20white%20space%2C%20soft%20storybook%20feeling%2C%20cozy%20kawaii%20children%27s-book%20style%2C%20Sanrio-like%20emotional%20warmth.%0ARULES%3A%20No%20humans.%20Cute%20anthropomorphic%20animals%20only%20%28rabbits%2C%20cats%2C%20birds%2C%20ducks%2C%20foxes%2C%20pandas%2C%20turtles%2C%20deer%29.%20No%20fake%20text%20or%20signage.%20No%20crowded%20scenes.%20No%20complicated%20architecture.%20No%20tiny%20unreadable%20details.%20Vary%20the%20capybara%20pose%20and%20placement%20from%20nearby%20pages.%0AOVERALL%20FEEL%3A%20cozy%2C%20calming%2C%20emotionally%20comforting%2C%20wholesome%20kawaii%2C%20suitable%20for%20a%20premium%20Amazon%20KDP%20coloring%20book.?width=850&height=1100&model=flux&nologo=true&seed=217175398
2026-05-28 16:14:57,282 [WARNING] __main__ — Attempt 1/3 failed for new_york_city_page_06.png: 402 Client Error: Payment Required for url: https://image.pollinations.ai/prompt/SCENE%3A%20Capybara%20poses%20for%20a%20souvenir%20photo%20at%20the%20New%20York%20City%20landmark%2C%20giving%20a%20peace%20sign.%0ACHARACTER%3A%20cute%20capybara%20mascot%2C%20soft%20rounded%20body%2C%20simple%20expressive%20eyes%2C%20tiny%20smiling%20mouth%2C%20blush%20cheeks%2C%20plush%20toy-like%20appearance%2C%20cozy%20travel%20outfit%20matching%20the%20destination%2C%20soft%20rounded%20paws%2C%20emotionally%20warm%20and%20friendly%2C%20consistent%20character%20across%20every%20image.%0ASETTING%3A%20iconic%20New%20York%20City%20location.%20Incorporate%20iconic%20New%20York%20City%20elements%3A%20Statue%20of%20Liberty%3B%20Central%20Park%3B%20Brooklyn%20Bridge%3B%20Times%20Square%3B%20skyline.%20Cultural%20details%20to%20include%3A%20pizza%3B%20bagels%3B%20coffee%3B%20pretzels%3B%20hot%20dogs.%0ASTYLE%3A%20black-and-white%20coloring%20book%20line%20art%20only%2C%20thick%20clean%20outlines%2C%20no%20shading%2C%20no%20grayscale%2C%20no%20crosshatching%2C%20no%20sketch%20texture%2C%20no%20dark%20fills%2C%20large%20open%20coloring%20spaces%2C%20minimal%20details%2C%20one%20clear%20activity%20per%20page%2C%20simple%20uncluttered%20composition%2C%20lots%20of%20white%20space%2C%20soft%20storybook%20feeling%2C%20cozy%20kawaii%20children%27s-book%20style%2C%20Sanrio-like%20emotional%20warmth.%0ARULES%3A%20No%20humans.%20Cute%20anthropomorphic%20animals%20only%20%28rabbits%2C%20cats%2C%20birds%2C%20ducks%2C%20foxes%2C%20pandas%2C%20turtles%2C%20deer%29.%20No%20fake%20text%20or%20signage.%20No%20crowded%20scenes.%20No%20complicated%20architecture.%20No%20tiny%20unreadable%20details.%20Vary%20the%20capybara%20pose%20and%20placement%20from%20nearby%20pages.%0AOVERALL%20FEEL%3A%20cozy%2C%20calming%2C%20emotionally%20comforting%2C%20wholesome%20kawaii%2C%20suitable%20for%20a%20premium%20Amazon%20KDP%20coloring%20book.?width=850&height=1100&model=flux&nologo=true&seed=116821618
2026-05-28 16:14:59,497 [WARNING] __main__ — Attempt 2/3 failed for new_york_city_page_07.png: 402 Client Error: Payment Required for url: https://image.pollinations.ai/prompt/SCENE%3A%20Capybara%20explores%20a%20colorful%20New%20York%20City%20street%20market%2C%20curiously%20looking%20at%20goods%20on%20display.%0ACHARACTER%3A%20cute%20capybara%20mascot%2C%20soft%20rounded%20body%2C%20simple%20expressive%20eyes%2C%20tiny%20smiling%20mouth%2C%20blush%20cheeks%2C%20plush%20toy-like%20appearance%2C%20cozy%20travel%20outfit%20matching%20the%20destination%2C%20soft%20rounded%20paws%2C%20emotionally%20warm%20and%20friendly%2C%20consistent%20character%20across%20every%20image.%0ASETTING%3A%20iconic%20New%20York%20City%20location.%20Incorporate%20iconic%20New%20York%20City%20elements%3A%20Statue%20of%20Liberty%3B%20Central%20Park%3B%20Brooklyn%20Bridge%3B%20Times%20Square%3B%20skyline.%20Cultural%20details%20to%20include%3A%20pizza%3B%20bagels%3B%20coffee%3B%20pretzels%3B%20hot%20dogs.%0ASTYLE%3A%20black-and-white%20coloring%20book%20line%20art%20only%2C%20thick%20clean%20outlines%2C%20no%20shading%2C%20no%20grayscale%2C%20no%20crosshatching%2C%20no%20sketch%20texture%2C%20no%20dark%20fills%2C%20large%20open%20coloring%20spaces%2C%20minimal%20details%2C%20one%20clear%20activity%20per%20page%2C%20simple%20uncluttered%20composition%2C%20lots%20of%20white%20space%2C%20soft%20storybook%20feeling%2C%20cozy%20kawaii%20children%27s-book%20style%2C%20Sanrio-like%20emotional%20warmth.%0ARULES%3A%20No%20humans.%20Cute%20anthropomorphic%20animals%20only%20%28rabbits%2C%20cats%2C%20birds%2C%20ducks%2C%20foxes%2C%20pandas%2C%20turtles%2C%20deer%29.%20No%20fake%20text%20or%20signage.%20No%20crowded%20scenes.%20No%20complicated%20architecture.%20No%20tiny%20unreadable%20details.%20Vary%20the%20capybara%20pose%20and%20placement%20from%20nearby%20pages.%0AOVERALL%20FEEL%3A%20cozy%2C%20calming%2C%20emotionally%20comforting%2C%20wholesome%20kawaii%2C%20suitable%20for%20a%20premium%20Amazon%20KDP%20coloring%20book.?width=850&height=1100&model=flux&nologo=true&seed=1590410660
2026-05-28 16:14:59,569 [WARNING] __main__ — Attempt 2/3 failed for new_york_city_page_06.png: 402 Client Error: Payment Required for url: https://image.pollinations.ai/prompt/SCENE%3A%20Capybara%20poses%20for%20a%20souvenir%20photo%20at%20the%20New%20York%20City%20landmark%2C%20giving%20a%20peace%20sign.%0ACHARACTER%3A%20cute%20capybara%20mascot%2C%20soft%20rounded%20body%2C%20simple%20expressive%20eyes%2C%20tiny%20smiling%20mouth%2C%20blush%20cheeks%2C%20plush%20toy-like%20appearance%2C%20cozy%20travel%20outfit%20matching%20the%20destination%2C%20soft%20rounded%20paws%2C%20emotionally%20warm%20and%20friendly%2C%20consistent%20character%20across%20every%20image.%0ASETTING%3A%20iconic%20New%20York%20City%20location.%20Incorporate%20iconic%20New%20York%20City%20elements%3A%20Statue%20of%20Liberty%3B%20Central%20Park%3B%20Brooklyn%20Bridge%3B%20Times%20Square%3B%20skyline.%20Cultural%20details%20to%20include%3A%20pizza%3B%20bagels%3B%20coffee%3B%20pretzels%3B%20hot%20dogs.%0ASTYLE%3A%20black-and-white%20coloring%20book%20line%20art%20only%2C%20thick%20clean%20outlines%2C%20no%20shading%2C%20no%20grayscale%2C%20no%20crosshatching%2C%20no%20sketch%20texture%2C%20no%20dark%20fills%2C%20large%20open%20coloring%20spaces%2C%20minimal%20details%2C%20one%20clear%20activity%20per%20page%2C%20simple%20uncluttered%20composition%2C%20lots%20of%20white%20space%2C%20soft%20storybook%20feeling%2C%20cozy%20kawaii%20children%27s-book%20style%2C%20Sanrio-like%20emotional%20warmth.%0ARULES%3A%20No%20humans.%20Cute%20anthropomorphic%20animals%20only%20%28rabbits%2C%20cats%2C%20birds%2C%20ducks%2C%20foxes%2C%20pandas%2C%20turtles%2C%20deer%29.%20No%20fake%20text%20or%20signage.%20No%20crowded%20scenes.%20No%20complicated%20architecture.%20No%20tiny%20unreadable%20details.%20Vary%20the%20capybara%20pose%20and%20placement%20from%20nearby%20pages.%0AOVERALL%20FEEL%3A%20cozy%2C%20calming%2C%20emotionally%20comforting%2C%20wholesome%20kawaii%2C%20suitable%20for%20a%20premium%20Amazon%20KDP%20coloring%20book.?width=850&height=1100&model=flux&nologo=true&seed=116821618
2026-05-28 16:14:59,593 [WARNING] __main__ — Attempt 2/3 failed for new_york_city_page_05.png: 402 Client Error: Payment Required for url: https://image.pollinations.ai/prompt/SCENE%3A%20Capybara%20stands%20proudly%20in%20front%20of%20a%20famous%20New%20York%20City%20landmark%2C%20pointing%20at%20it%20with%20joy.%0ACHARACTER%3A%20cute%20capybara%20mascot%2C%20soft%20rounded%20body%2C%20simple%20expressive%20eyes%2C%20tiny%20smiling%20mouth%2C%20blush%20cheeks%2C%20plush%20toy-like%20appearance%2C%20cozy%20travel%20outfit%20matching%20the%20destination%2C%20soft%20rounded%20paws%2C%20emotionally%20warm%20and%20friendly%2C%20consistent%20character%20across%20every%20image.%0ASETTING%3A%20iconic%20New%20York%20City%20location.%20Incorporate%20iconic%20New%20York%20City%20elements%3A%20Statue%20of%20Liberty%3B%20Central%20Park%3B%20Brooklyn%20Bridge%3B%20Times%20Square%3B%20skyline.%20Cultural%20details%20to%20include%3A%20pizza%3B%20bagels%3B%20coffee%3B%20pretzels%3B%20hot%20dogs.%0ASTYLE%3A%20black-and-white%20coloring%20book%20line%20art%20only%2C%20thick%20clean%20outlines%2C%20no%20shading%2C%20no%20grayscale%2C%20no%20crosshatching%2C%20no%20sketch%20texture%2C%20no%20dark%20fills%2C%20large%20open%20coloring%20spaces%2C%20minimal%20details%2C%20one%20clear%20activity%20per%20page%2C%20simple%20uncluttered%20composition%2C%20lots%20of%20white%20space%2C%20soft%20storybook%20feeling%2C%20cozy%20kawaii%20children%27s-book%20style%2C%20Sanrio-like%20emotional%20warmth.%0ARULES%3A%20No%20humans.%20Cute%20anthropomorphic%20animals%20only%20%28rabbits%2C%20cats%2C%20birds%2C%20ducks%2C%20foxes%2C%20pandas%2C%20turtles%2C%20deer%29.%20No%20fake%20text%20or%20signage.%20No%20crowded%20scenes.%20No%20complicated%20architecture.%20No%20tiny%20unreadable%20details.%20Vary%20the%20capybara%20pose%20and%20placement%20from%20nearby%20pages.%0AOVERALL%20FEEL%3A%20cozy%2C%20calming%2C%20emotionally%20comforting%2C%20wholesome%20kawaii%2C%20suitable%20for%20a%20premium%20Amazon%20KDP%20coloring%20book.?width=850&height=1100&model=flux&nologo=true&seed=217175398
2026-05-28 16:15:03,939 [WARNING] __main__ — Attempt 3/3 failed for new_york_city_page_06.png: 402 Client Error: Payment Required for url: https://image.pollinations.ai/prompt/SCENE%3A%20Capybara%20poses%20for%20a%20souvenir%20photo%20at%20the%20New%20York%20City%20landmark%2C%20giving%20a%20peace%20sign.%0ACHARACTER%3A%20cute%20capybara%20mascot%2C%20soft%20rounded%20body%2C%20simple%20expressive%20eyes%2C%20tiny%20smiling%20mouth%2C%20blush%20cheeks%2C%20plush%20toy-like%20appearance%2C%20cozy%20travel%20outfit%20matching%20the%20destination%2C%20soft%20rounded%20paws%2C%20emotionally%20warm%20and%20friendly%2C%20consistent%20character%20across%20every%20image.%0ASETTING%3A%20iconic%20New%20York%20City%20location.%20Incorporate%20iconic%20New%20York%20City%20elements%3A%20Statue%20of%20Liberty%3B%20Central%20Park%3B%20Brooklyn%20Bridge%3B%20Times%20Square%3B%20skyline.%20Cultural%20details%20to%20include%3A%20pizza%3B%20bagels%3B%20coffee%3B%20pretzels%3B%20hot%20dogs.%0ASTYLE%3A%20black-and-white%20coloring%20book%20line%20art%20only%2C%20thick%20clean%20outlines%2C%20no%20shading%2C%20no%20grayscale%2C%20no%20crosshatching%2C%20no%20sketch%20texture%2C%20no%20dark%20fills%2C%20large%20open%20coloring%20spaces%2C%20minimal%20details%2C%20one%20clear%20activity%20per%20page%2C%20simple%20uncluttered%20composition%2C%20lots%20of%20white%20space%2C%20soft%20storybook%20feeling%2C%20cozy%20kawaii%20children%27s-book%20style%2C%20Sanrio-like%20emotional%20warmth.%0ARULES%3A%20No%20humans.%20Cute%20anthropomorphic%20animals%20only%20%28rabbits%2C%20cats%2C%20birds%2C%20ducks%2C%20foxes%2C%20pandas%2C%20turtles%2C%20deer%29.%20No%20fake%20text%20or%20signage.%20No%20crowded%20scenes.%20No%20complicated%20architecture.%20No%20tiny%20unreadable%20details.%20Vary%20the%20capybara%20pose%20and%20placement%20from%20nearby%20pages.%0AOVERALL%20FEEL%3A%20cozy%2C%20calming%2C%20emotionally%20comforting%2C%20wholesome%20kawaii%2C%20suitable%20for%20a%20premium%20Amazon%20KDP%20coloring%20book.?width=850&height=1100&model=flux&nologo=true&seed=116821618
2026-05-28 16:15:03,940 [WARNING] __main__ — Attempt 3/3 failed for new_york_city_page_05.png: 402 Client Error: Payment Required for url: https://image.pollinations.ai/prompt/SCENE%3A%20Capybara%20stands%20proudly%20in%20front%20of%20a%20famous%20New%20York%20City%20landmark%2C%20pointing%20at%20it%20with%20joy.%0ACHARACTER%3A%20cute%20capybara%20mascot%2C%20soft%20rounded%20body%2C%20simple%20expressive%20eyes%2C%20tiny%20smiling%20mouth%2C%20blush%20cheeks%2C%20plush%20toy-like%20appearance%2C%20cozy%20travel%20outfit%20matching%20the%20destination%2C%20soft%20rounded%20paws%2C%20emotionally%20warm%20and%20friendly%2C%20consistent%20character%20across%20every%20image.%0ASETTING%3A%20iconic%20New%20York%20City%20location.%20Incorporate%20iconic%20New%20York%20City%20elements%3A%20Statue%20of%20Liberty%3B%20Central%20Park%3B%20Brooklyn%20Bridge%3B%20Times%20Square%3B%20skyline.%20Cultural%20details%20to%20include%3A%20pizza%3B%20bagels%3B%20coffee%3B%20pretzels%3B%20hot%20dogs.%0ASTYLE%3A%20black-and-white%20coloring%20book%20line%20art%20only%2C%20thick%20clean%20outlines%2C%20no%20shading%2C%20no%20grayscale%2C%20no%20crosshatching%2C%20no%20sketch%20texture%2C%20no%20dark%20fills%2C%20large%20open%20coloring%20spaces%2C%20minimal%20details%2C%20one%20clear%20activity%20per%20page%2C%20simple%20uncluttered%20composition%2C%20lots%20of%20white%20space%2C%20soft%20storybook%20feeling%2C%20cozy%20kawaii%20children%27s-book%20style%2C%20Sanrio-like%20emotional%20warmth.%0ARULES%3A%20No%20humans.%20Cute%20anthropomorphic%20animals%20only%20%28rabbits%2C%20cats%2C%20birds%2C%20ducks%2C%20foxes%2C%20pandas%2C%20turtles%2C%20deer%29.%20No%20fake%20text%20or%20signage.%20No%20crowded%20scenes.%20No%20complicated%20architecture.%20No%20tiny%20unreadable%20details.%20Vary%20the%20capybara%20pose%20and%20placement%20from%20nearby%20pages.%0AOVERALL%20FEEL%3A%20cozy%2C%20calming%2C%20emotionally%20comforting%2C%20wholesome%20kawaii%2C%20suitable%20for%20a%20premium%20Amazon%20KDP%20coloring%20book.?width=850&height=1100&model=flux&nologo=true&seed=217175398
2026-05-28 16:15:03,941 [INFO] __main__ — Generating page 08/30: street_food
2026-05-28 16:15:03,941 [ERROR] __main__ — Page 06 failed: 402 Client Error: Payment Required for url: https://image.pollinations.ai/prompt/SCENE%3A%20Capybara%20poses%20for%20a%20souvenir%20photo%20at%20the%20New%20York%20City%20landmark%2C%20giving%20a%20peace%20sign.%0ACHARACTER%3A%20cute%20capybara%20mascot%2C%20soft%20rounded%20body%2C%20simple%20expressive%20eyes%2C%20tiny%20smiling%20mouth%2C%20blush%20cheeks%2C%20plush%20toy-like%20appearance%2C%20cozy%20travel%20outfit%20matching%20the%20destination%2C%20soft%20rounded%20paws%2C%20emotionally%20warm%20and%20friendly%2C%20consistent%20character%20across%20every%20image.%0ASETTING%3A%20iconic%20New%20York%20City%20location.%20Incorporate%20iconic%20New%20York%20City%20elements%3A%20Statue%20of%20Liberty%3B%20Central%20Park%3B%20Brooklyn%20Bridge%3B%20Times%20Square%3B%20skyline.%20Cultural%20details%20to%20include%3A%20pizza%3B%20bagels%3B%20coffee%3B%20pretzels%3B%20hot%20dogs.%0ASTYLE%3A%20black-and-white%20coloring%20book%20line%20art%20only%2C%20thick%20clean%20outlines%2C%20no%20shading%2C%20no%20grayscale%2C%20no%20crosshatching%2C%20no%20sketch%20texture%2C%20no%20dark%20fills%2C%20large%20open%20coloring%20spaces%2C%20minimal%20details%2C%20one%20clear%20activity%20per%20page%2C%20simple%20uncluttered%20composition%2C%20lots%20of%20white%20space%2C%20soft%20storybook%20feeling%2C%20cozy%20kawaii%20children%27s-book%20style%2C%20Sanrio-like%20emotional%20warmth.%0ARULES%3A%20No%20humans.%20Cute%20anthropomorphic%20animals%20only%20%28rabbits%2C%20cats%2C%20birds%2C%20ducks%2C%20foxes%2C%20pandas%2C%20turtles%2C%20deer%29.%20No%20fake%20text%20or%20signage.%20No%20crowded%20scenes.%20No%20complicated%20architecture.%20No%20tiny%20unreadable%20details.%20Vary%20the%20capybara%20pose%20and%20placement%20from%20nearby%20pages.%0AOVERALL%20FEEL%3A%20cozy%2C%20calming%2C%20emotionally%20comforting%2C%20wholesome%20kawaii%2C%20suitable%20for%20a%20premium%20Amazon%20KDP%20coloring%20book.?width=850&height=1100&model=flux&nologo=true&seed=116821618
2026-05-28 16:15:03,941 [INFO] __main__ — Generating page 09/30: park
2026-05-28 16:15:03,941 [ERROR] __main__ — Page 05 failed: 402 Client Error: Payment Required for url: https://image.pollinations.ai/prompt/SCENE%3A%20Capybara%20stands%20proudly%20in%20front%20of%20a%20famous%20New%20York%20City%20landmark%2C%20pointing%20at%20it%20with%20joy.%0ACHARACTER%3A%20cute%20capybara%20mascot%2C%20soft%20rounded%20body%2C%20simple%20expressive%20eyes%2C%20tiny%20smiling%20mouth%2C%20blush%20cheeks%2C%20plush%20toy-like%20appearance%2C%20cozy%20travel%20outfit%20matching%20the%20destination%2C%20soft%20rounded%20paws%2C%20emotionally%20warm%20and%20friendly%2C%20consistent%20character%20across%20every%20image.%0ASETTING%3A%20iconic%20New%20York%20City%20location.%20Incorporate%20iconic%20New%20York%20City%20elements%3A%20Statue%20of%20Liberty%3B%20Central%20Park%3B%20Brooklyn%20Bridge%3B%20Times%20Square%3B%20skyline.%20Cultural%20details%20to%20include%3A%20pizza%3B%20bagels%3B%20coffee%3B%20pretzels%3B%20hot%20dogs.%0ASTYLE%3A%20black-and-white%20coloring%20book%20line%20art%20only%2C%20thick%20clean%20outlines%2C%20no%20shading%2C%20no%20grayscale%2C%20no%20crosshatching%2C%20no%20sketch%20texture%2C%20no%20dark%20fills%2C%20large%20open%20coloring%20spaces%2C%20minimal%20details%2C%20one%20clear%20activity%20per%20page%2C%20simple%20uncluttered%20composition%2C%20lots%20of%20white%20space%2C%20soft%20storybook%20feeling%2C%20cozy%20kawaii%20children%27s-book%20style%2C%20Sanrio-like%20emotional%20warmth.%0ARULES%3A%20No%20humans.%20Cute%20anthropomorphic%20animals%20only%20%28rabbits%2C%20cats%2C%20birds%2C%20ducks%2C%20foxes%2C%20pandas%2C%20turtles%2C%20deer%29.%20No%20fake%20text%20or%20signage.%20No%20crowded%20scenes.%20No%20complicated%20architecture.%20No%20tiny%20unreadable%20details.%20Vary%20the%20capybara%20pose%20and%20placement%20from%20nearby%20pages.%0AOVERALL%20FEEL%3A%20cozy%2C%20calming%2C%20emotionally%20comforting%2C%20wholesome%20kawaii%2C%20suitable%20for%20a%20premium%20Amazon%20KDP%20coloring%20book.?width=850&height=1100&model=flux&nologo=true&seed=217175398
2026-05-28 16:15:03,981 [WARNING] __main__ — Attempt 3/3 failed for new_york_city_page_07.png: 402 Client Error: Payment Required for url: https://image.pollinations.ai/prompt/SCENE%3A%20Capybara%20explores%20a%20colorful%20New%20York%20City%20street%20market%2C%20curiously%20looking%20at%20goods%20on%20display.%0ACHARACTER%3A%20cute%20capybara%20mascot%2C%20soft%20rounded%20body%2C%20simple%20expressive%20eyes%2C%20tiny%20smiling%20mouth%2C%20blush%20cheeks%2C%20plush%20toy-like%20appearance%2C%20cozy%20travel%20outfit%20matching%20the%20destination%2C%20soft%20rounded%20paws%2C%20emotionally%20warm%20and%20friendly%2C%20consistent%20character%20across%20every%20image.%0ASETTING%3A%20iconic%20New%20York%20City%20location.%20Incorporate%20iconic%20New%20York%20City%20elements%3A%20Statue%20of%20Liberty%3B%20Central%20Park%3B%20Brooklyn%20Bridge%3B%20Times%20Square%3B%20skyline.%20Cultural%20details%20to%20include%3A%20pizza%3B%20bagels%3B%20coffee%3B%20pretzels%3B%20hot%20dogs.%0ASTYLE%3A%20black-and-white%20coloring%20book%20line%20art%20only%2C%20thick%20clean%20outlines%2C%20no%20shading%2C%20no%20grayscale%2C%20no%20crosshatching%2C%20no%20sketch%20texture%2C%20no%20dark%20fills%2C%20large%20open%20coloring%20spaces%2C%20minimal%20details%2C%20one%20clear%20activity%20per%20page%2C%20simple%20uncluttered%20composition%2C%20lots%20of%20white%20space%2C%20soft%20storybook%20feeling%2C%20cozy%20kawaii%20children%27s-book%20style%2C%20Sanrio-like%20emotional%20warmth.%0ARULES%3A%20No%20humans.%20Cute%20anthropomorphic%20animals%20only%20%28rabbits%2C%20cats%2C%20birds%2C%20ducks%2C%20foxes%2C%20pandas%2C%20turtles%2C%20deer%29.%20No%20fake%20text%20or%20signage.%20No%20crowded%20scenes.%20No%20complicated%20architecture.%20No%20tiny%20unreadable%20details.%20Vary%20the%20capybara%20pose%20and%20placement%20from%20nearby%20pages.%0AOVERALL%20FEEL%3A%20cozy%2C%20calming%2C%20emotionally%20comforting%2C%20wholesome%20kawaii%2C%20suitable%20for%20a%20premium%20Amazon%20KDP%20coloring%20book.?width=850&height=1100&model=flux&nologo=true&seed=1590410660
2026-05-28 16:15:03,981 [INFO] __main__ — Generating page 10/30: local_animal
2026-05-28 16:15:03,981 [ERROR] __main__ — Page 07 failed: 402 Client Error: Payment Required for url: https://image.pollinations.ai/prompt/SCENE%3A%20Capybara%20explores%20a%20colorful%20New%20York%20City%20street%20market%2C%20curiously%20looking%20at%20goods%20on%20display.%0ACHARACTER%3A%20cute%20capybara%20mascot%2C%20soft%20rounded%20body%2C%20simple%20expressive%20eyes%2C%20tiny%20smiling%20mouth%2C%20blush%20cheeks%2C%20plush%20toy-like%20appearance%2C%20cozy%20travel%20outfit%20matching%20the%20destination%2C%20soft%20rounded%20paws%2C%20emotionally%20warm%20and%20friendly%2C%20consistent%20character%20across%20every%20image.%0ASETTING%3A%20iconic%20New%20York%20City%20location.%20Incorporate%20iconic%20New%20York%20City%20elements%3A%20Statue%20of%20Liberty%3B%20Central%20Park%3B%20Brooklyn%20Bridge%3B%20Times%20Square%3B%20skyline.%20Cultural%20details%20to%20include%3A%20pizza%3B%20bagels%3B%20coffee%3B%20pretzels%3B%20hot%20dogs.%0ASTYLE%3A%20black-and-white%20coloring%20book%20line%20art%20only%2C%20thick%20clean%20outlines%2C%20no%20shading%2C%20no%20grayscale%2C%20no%20crosshatching%2C%20no%20sketch%20texture%2C%20no%20dark%20fills%2C%20large%20open%20coloring%20spaces%2C%20minimal%20details%2C%20one%20clear%20activity%20per%20page%2C%20simple%20uncluttered%20composition%2C%20lots%20of%20white%20space%2C%20soft%20storybook%20feeling%2C%20cozy%20kawaii%20children%27s-book%20style%2C%20Sanrio-like%20emotional%20warmth.%0ARULES%3A%20No%20humans.%20Cute%20anthropomorphic%20animals%20only%20%28rabbits%2C%20cats%2C%20birds%2C%20ducks%2C%20foxes%2C%20pandas%2C%20turtles%2C%20deer%29.%20No%20fake%20text%20or%20signage.%20No%20crowded%20scenes.%20No%20complicated%20architecture.%20No%20tiny%20unreadable%20details.%20Vary%20the%20capybara%20pose%20and%20placement%20from%20nearby%20pages.%0AOVERALL%20FEEL%3A%20cozy%2C%20calming%2C%20emotionally%20comforting%2C%20wholesome%20kawaii%2C%20suitable%20for%20a%20premium%20Amazon%20KDP%20coloring%20book.?width=850&height=1100&model=flux&nologo=true&seed=1590410660
2026-05-28 16:15:05,450 [WARNING] __main__ — Attempt 1/3 failed for new_york_city_page_08.png: 402 Client Error: Payment Required for url: https://image.pollinations.ai/prompt/SCENE%3A%20Capybara%20tries%20a%20popular%20New%20York%20City%20street%20food%20for%20the%20first%20time%2C%20holding%20it%20up%20delightedly.%0ACHARACTER%3A%20cute%20capybara%20mascot%2C%20soft%20rounded%20body%2C%20simple%20expressive%20eyes%2C%20tiny%20smiling%20mouth%2C%20blush%20cheeks%2C%20plush%20toy-like%20appearance%2C%20cozy%20travel%20outfit%20matching%20the%20destination%2C%20soft%20rounded%20paws%2C%20emotionally%20warm%20and%20friendly%2C%20consistent%20character%20across%20every%20image.%0ASETTING%3A%20iconic%20New%20York%20City%20location.%20Incorporate%20iconic%20New%20York%20City%20elements%3A%20Statue%20of%20Liberty%3B%20Central%20Park%3B%20Brooklyn%20Bridge%3B%20Times%20Square%3B%20skyline.%20Cultural%20details%20to%20include%3A%20pizza%3B%20bagels%3B%20coffee%3B%20pretzels%3B%20hot%20dogs.%0ASTYLE%3A%20black-and-white%20coloring%20book%20line%20art%20only%2C%20thick%20clean%20outlines%2C%20no%20shading%2C%20no%20grayscale%2C%20no%20crosshatching%2C%20no%20sketch%20texture%2C%20no%20dark%20fills%2C%20large%20open%20coloring%20spaces%2C%20minimal%20details%2C%20one%20clear%20activity%20per%20page%2C%20simple%20uncluttered%20composition%2C%20lots%20of%20white%20space%2C%20soft%20storybook%20feeling%2C%20cozy%20kawaii%20children%27s-book%20style%2C%20Sanrio-like%20emotional%20warmth.%0ARULES%3A%20No%20humans.%20Cute%20anthropomorphic%20animals%20only%20%28rabbits%2C%20cats%2C%20birds%2C%20ducks%2C%20foxes%2C%20pandas%2C%20turtles%2C%20deer%29.%20No%20fake%20text%20or%20signage.%20No%20crowded%20scenes.%20No%20complicated%20architecture.%20No%20tiny%20unreadable%20details.%20Vary%20the%20capybara%20pose%20and%20placement%20from%20nearby%20pages.%0AOVERALL%20FEEL%3A%20cozy%2C%20calming%2C%20emotionally%20comforting%2C%20wholesome%20kawaii%2C%20suitable%20for%20a%20premium%20Amazon%20KDP%20coloring%20book.?width=850&height=1100&model=flux&nologo=true&seed=324899333
2026-05-28 16:15:05,450 [WARNING] __main__ — Attempt 1/3 failed for new_york_city_page_10.png: 402 Client Error: Payment Required for url: https://image.pollinations.ai/prompt/SCENE%3A%20Capybara%20meets%20and%20befriends%20a%20cute%20local%20animal%20that%20is%20famous%20in%20New%20York%20City.%0ACHARACTER%3A%20cute%20capybara%20mascot%2C%20soft%20rounded%20body%2C%20simple%20expressive%20eyes%2C%20tiny%20smiling%20mouth%2C%20blush%20cheeks%2C%20plush%20toy-like%20appearance%2C%20cozy%20travel%20outfit%20matching%20the%20destination%2C%20soft%20rounded%20paws%2C%20emotionally%20warm%20and%20friendly%2C%20consistent%20character%20across%20every%20image.%0ASETTING%3A%20iconic%20New%20York%20City%20location.%20Incorporate%20iconic%20New%20York%20City%20elements%3A%20Statue%20of%20Liberty%3B%20Central%20Park%3B%20Brooklyn%20Bridge%3B%20Times%20Square%3B%20skyline.%20Cultural%20details%20to%20include%3A%20pizza%3B%20bagels%3B%20coffee%3B%20pretzels%3B%20hot%20dogs.%0ASTYLE%3A%20black-and-white%20coloring%20book%20line%20art%20only%2C%20thick%20clean%20outlines%2C%20no%20shading%2C%20no%20grayscale%2C%20no%20crosshatching%2C%20no%20sketch%20texture%2C%20no%20dark%20fills%2C%20large%20open%20coloring%20spaces%2C%20minimal%20details%2C%20one%20clear%20activity%20per%20page%2C%20simple%20uncluttered%20composition%2C%20lots%20of%20white%20space%2C%20soft%20storybook%20feeling%2C%20cozy%20kawaii%20children%27s-book%20style%2C%20Sanrio-like%20emotional%20warmth.%0ARULES%3A%20No%20humans.%20Cute%20anthropomorphic%20animals%20only%20%28rabbits%2C%20cats%2C%20birds%2C%20ducks%2C%20foxes%2C%20pandas%2C%20turtles%2C%20deer%29.%20No%20fake%20text%20or%20signage.%20No%20crowded%20scenes.%20No%20complicated%20architecture.%20No%20tiny%20unreadable%20details.%20Vary%20the%20capybara%20pose%20and%20placement%20from%20nearby%20pages.%0AOVERALL%20FEEL%3A%20cozy%2C%20calming%2C%20emotionally%20comforting%2C%20wholesome%20kawaii%2C%20suitable%20for%20a%20premium%20Amazon%20KDP%20coloring%20book.?width=850&height=1100&model=flux&nologo=true&seed=2136986017
2026-05-28 16:15:05,459 [WARNING] __main__ — Attempt 1/3 failed for new_york_city_page_09.png: 402 Client Error: Payment Required for url: https://image.pollinations.ai/prompt/SCENE%3A%20Capybara%20relaxes%20in%20a%20lush%20New%20York%20City%20park%20or%20garden%2C%20surrounded%20by%20flowers%20and%20plants.%0ACHARACTER%3A%20cute%20capybara%20mascot%2C%20soft%20rounded%20body%2C%20simple%20expressive%20eyes%2C%20tiny%20smiling%20mouth%2C%20blush%20cheeks%2C%20plush%20toy-like%20appearance%2C%20cozy%20travel%20outfit%20matching%20the%20destination%2C%20soft%20rounded%20paws%2C%20emotionally%20warm%20and%20friendly%2C%20consistent%20character%20across%20every%20image.%0ASETTING%3A%20iconic%20New%20York%20City%20location.%20Incorporate%20iconic%20New%20York%20City%20elements%3A%20Statue%20of%20Liberty%3B%20Central%20Park%3B%20Brooklyn%20Bridge%3B%20Times%20Square%3B%20skyline.%20Cultural%20details%20to%20include%3A%20pizza%3B%20bagels%3B%20coffee%3B%20pretzels%3B%20hot%20dogs.%0ASTYLE%3A%20black-and-white%20coloring%20book%20line%20art%20only%2C%20thick%20clean%20outlines%2C%20no%20shading%2C%20no%20grayscale%2C%20no%20crosshatching%2C%20no%20sketch%20texture%2C%20no%20dark%20fills%2C%20large%20open%20coloring%20spaces%2C%20minimal%20details%2C%20one%20clear%20activity%20per%20page%2C%20simple%20uncluttered%20composition%2C%20lots%20of%20white%20space%2C%20soft%20storybook%20feeling%2C%20cozy%20kawaii%20children%27s-book%20style%2C%20Sanrio-like%20emotional%20warmth.%0ARULES%3A%20No%20humans.%20Cute%20anthropomorphic%20animals%20only%20%28rabbits%2C%20cats%2C%20birds%2C%20ducks%2C%20foxes%2C%20pandas%2C%20turtles%2C%20deer%29.%20No%20fake%20text%20or%20signage.%20No%20crowded%20scenes.%20No%20complicated%20architecture.%20No%20tiny%20unreadable%20details.%20Vary%20the%20capybara%20pose%20and%20placement%20from%20nearby%20pages.%0AOVERALL%20FEEL%3A%20cozy%2C%20calming%2C%20emotionally%20comforting%2C%20wholesome%20kawaii%2C%20suitable%20for%20a%20premium%20Amazon%20KDP%20coloring%20book.?width=850&height=1100&model=flux&nologo=true&seed=1311329028
2026-05-28 16:15:07,746 [WARNING] __main__ — Attempt 2/3 failed for new_york_city_page_10.png: 402 Client Error: Payment Required for url: https://image.pollinations.ai/prompt/SCENE%3A%20Capybara%20meets%20and%20befriends%20a%20cute%20local%20animal%20that%20is%20famous%20in%20New%20York%20City.%0ACHARACTER%3A%20cute%20capybara%20mascot%2C%20soft%20rounded%20body%2C%20simple%20expressive%20eyes%2C%20tiny%20smiling%20mouth%2C%20blush%20cheeks%2C%20plush%20toy-like%20appearance%2C%20cozy%20travel%20outfit%20matching%20the%20destination%2C%20soft%20rounded%20paws%2C%20emotionally%20warm%20and%20friendly%2C%20consistent%20character%20across%20every%20image.%0ASETTING%3A%20iconic%20New%20York%20City%20location.%20Incorporate%20iconic%20New%20York%20City%20elements%3A%20Statue%20of%20Liberty%3B%20Central%20Park%3B%20Brooklyn%20Bridge%3B%20Times%20Square%3B%20skyline.%20Cultural%20details%20to%20include%3A%20pizza%3B%20bagels%3B%20coffee%3B%20pretzels%3B%20hot%20dogs.%0ASTYLE%3A%20black-and-white%20coloring%20book%20line%20art%20only%2C%20thick%20clean%20outlines%2C%20no%20shading%2C%20no%20grayscale%2C%20no%20crosshatching%2C%20no%20sketch%20texture%2C%20no%20dark%20fills%2C%20large%20open%20coloring%20spaces%2C%20minimal%20details%2C%20one%20clear%20activity%20per%20page%2C%20simple%20uncluttered%20composition%2C%20lots%20of%20white%20space%2C%20soft%20storybook%20feeling%2C%20cozy%20kawaii%20children%27s-book%20style%2C%20Sanrio-like%20emotional%20warmth.%0ARULES%3A%20No%20humans.%20Cute%20anthropomorphic%20animals%20only%20%28rabbits%2C%20cats%2C%20birds%2C%20ducks%2C%20foxes%2C%20pandas%2C%20turtles%2C%20deer%29.%20No%20fake%20text%20or%20signage.%20No%20crowded%20scenes.%20No%20complicated%20architecture.%20No%20tiny%20unreadable%20details.%20Vary%20the%20capybara%20pose%20and%20placement%20from%20nearby%20pages.%0AOVERALL%20FEEL%3A%20cozy%2C%20calming%2C%20emotionally%20comforting%2C%20wholesome%20kawaii%2C%20suitable%20for%20a%20premium%20Amazon%20KDP%20coloring%20book.?width=850&height=1100&model=flux&nologo=true&seed=2136986017
2026-05-28 16:15:07,751 [WARNING] __main__ — Attempt 2/3 failed for new_york_city_page_09.png: 402 Client Error: Payment Required for url: https://image.pollinations.ai/prompt/SCENE%3A%20Capybara%20relaxes%20in%20a%20lush%20New%20York%20City%20park%20or%20garden%2C%20surrounded%20by%20flowers%20and%20plants.%0ACHARACTER%3A%20cute%20capybara%20mascot%2C%20soft%20rounded%20body%2C%20simple%20expressive%20eyes%2C%20tiny%20smiling%20mouth%2C%20blush%20cheeks%2C%20plush%20toy-like%20appearance%2C%20cozy%20travel%20outfit%20matching%20the%20destination%2C%20soft%20rounded%20paws%2C%20emotionally%20warm%20and%20friendly%2C%20consistent%20character%20across%20every%20image.%0ASETTING%3A%20iconic%20New%20York%20City%20location.%20Incorporate%20iconic%20New%20York%20City%20elements%3A%20Statue%20of%20Liberty%3B%20Central%20Park%3B%20Brooklyn%20Bridge%3B%20Times%20Square%3B%20skyline.%20Cultural%20details%20to%20include%3A%20pizza%3B%20bagels%3B%20coffee%3B%20pretzels%3B%20hot%20dogs.%0ASTYLE%3A%20black-and-white%20coloring%20book%20line%20art%20only%2C%20thick%20clean%20outlines%2C%20no%20shading%2C%20no%20grayscale%2C%20no%20crosshatching%2C%20no%20sketch%20texture%2C%20no%20dark%20fills%2C%20large%20open%20coloring%20spaces%2C%20minimal%20details%2C%20one%20clear%20activity%20per%20page%2C%20simple%20uncluttered%20composition%2C%20lots%20of%20white%20space%2C%20soft%20storybook%20feeling%2C%20cozy%20kawaii%20children%27s-book%20style%2C%20Sanrio-like%20emotional%20warmth.%0ARULES%3A%20No%20humans.%20Cute%20anthropomorphic%20animals%20only%20%28rabbits%2C%20cats%2C%20birds%2C%20ducks%2C%20foxes%2C%20pandas%2C%20turtles%2C%20deer%29.%20No%20fake%20text%20or%20signage.%20No%20crowded%20scenes.%20No%20complicated%20architecture.%20No%20tiny%20unreadable%20details.%20Vary%20the%20capybara%20pose%20and%20placement%20from%20nearby%20pages.%0AOVERALL%20FEEL%3A%20cozy%2C%20calming%2C%20emotionally%20comforting%2C%20wholesome%20kawaii%2C%20suitable%20for%20a%20premium%20Amazon%20KDP%20coloring%20book.?width=850&height=1100&model=flux&nologo=true&seed=1311329028
2026-05-28 16:15:07,753 [WARNING] __main__ — Attempt 2/3 failed for new_york_city_page_08.png: 402 Client Error: Payment Required for url: https://image.pollinations.ai/prompt/SCENE%3A%20Capybara%20tries%20a%20popular%20New%20York%20City%20street%20food%20for%20the%20first%20time%2C%20holding%20it%20up%20delightedly.%0ACHARACTER%3A%20cute%20capybara%20mascot%2C%20soft%20rounded%20body%2C%20simple%20expressive%20eyes%2C%20tiny%20smiling%20mouth%2C%20blush%20cheeks%2C%20plush%20toy-like%20appearance%2C%20cozy%20travel%20outfit%20matching%20the%20destination%2C%20soft%20rounded%20paws%2C%20emotionally%20warm%20and%20friendly%2C%20consistent%20character%20across%20every%20image.%0ASETTING%3A%20iconic%20New%20York%20City%20location.%20Incorporate%20iconic%20New%20York%20City%20elements%3A%20Statue%20of%20Liberty%3B%20Central%20Park%3B%20Brooklyn%20Bridge%3B%20Times%20Square%3B%20skyline.%20Cultural%20details%20to%20include%3A%20pizza%3B%20bagels%3B%20coffee%3B%20pretzels%3B%20hot%20dogs.%0ASTYLE%3A%20black-and-white%20coloring%20book%20line%20art%20only%2C%20thick%20clean%20outlines%2C%20no%20shading%2C%20no%20grayscale%2C%20no%20crosshatching%2C%20no%20sketch%20texture%2C%20no%20dark%20fills%2C%20large%20open%20coloring%20spaces%2C%20minimal%20details%2C%20one%20clear%20activity%20per%20page%2C%20simple%20uncluttered%20composition%2C%20lots%20of%20white%20space%2C%20soft%20storybook%20feeling%2C%20cozy%20kawaii%20children%27s-book%20style%2C%20Sanrio-like%20emotional%20warmth.%0ARULES%3A%20No%20humans.%20Cute%20anthropomorphic%20animals%20only%20%28rabbits%2C%20cats%2C%20birds%2C%20ducks%2C%20foxes%2C%20pandas%2C%20turtles%2C%20deer%29.%20No%20fake%20text%20or%20signage.%20No%20crowded%20scenes.%20No%20complicated%20architecture.%20No%20tiny%20unreadable%20details.%20Vary%20the%20capybara%20pose%20and%20placement%20from%20nearby%20pages.%0AOVERALL%20FEEL%3A%20cozy%2C%20calming%2C%20emotionally%20comforting%2C%20wholesome%20kawaii%2C%20suitable%20for%20a%20premium%20Amazon%20KDP%20coloring%20book.?width=850&height=1100&model=flux&nologo=true&seed=324899333
2026-05-28 16:15:12,064 [WARNING] __main__ — Attempt 3/3 failed for new_york_city_page_10.png: 402 Client Error: Payment Required for url: https://image.pollinations.ai/prompt/SCENE%3A%20Capybara%20meets%20and%20befriends%20a%20cute%20local%20animal%20that%20is%20famous%20in%20New%20York%20City.%0ACHARACTER%3A%20cute%20capybara%20mascot%2C%20soft%20rounded%20body%2C%20simple%20expressive%20eyes%2C%20tiny%20smiling%20mouth%2C%20blush%20cheeks%2C%20plush%20toy-like%20appearance%2C%20cozy%20travel%20outfit%20matching%20the%20destination%2C%20soft%20rounded%20paws%2C%20emotionally%20warm%20and%20friendly%2C%20consistent%20character%20across%20every%20image.%0ASETTING%3A%20iconic%20New%20York%20City%20location.%20Incorporate%20iconic%20New%20York%20City%20elements%3A%20Statue%20of%20Liberty%3B%20Central%20Park%3B%20Brooklyn%20Bridge%3B%20Times%20Square%3B%20skyline.%20Cultural%20details%20to%20include%3A%20pizza%3B%20bagels%3B%20coffee%3B%20pretzels%3B%20hot%20dogs.%0ASTYLE%3A%20black-and-white%20coloring%20book%20line%20art%20only%2C%20thick%20clean%20outlines%2C%20no%20shading%2C%20no%20grayscale%2C%20no%20crosshatching%2C%20no%20sketch%20texture%2C%20no%20dark%20fills%2C%20large%20open%20coloring%20spaces%2C%20minimal%20details%2C%20one%20clear%20activity%20per%20page%2C%20simple%20uncluttered%20composition%2C%20lots%20of%20white%20space%2C%20soft%20storybook%20feeling%2C%20cozy%20kawaii%20children%27s-book%20style%2C%20Sanrio-like%20emotional%20warmth.%0ARULES%3A%20No%20humans.%20Cute%20anthropomorphic%20animals%20only%20%28rabbits%2C%20cats%2C%20birds%2C%20ducks%2C%20foxes%2C%20pandas%2C%20turtles%2C%20deer%29.%20No%20fake%20text%20or%20signage.%20No%20crowded%20scenes.%20No%20complicated%20architecture.%20No%20tiny%20unreadable%20details.%20Vary%20the%20capybara%20pose%20and%20placement%20from%20nearby%20pages.%0AOVERALL%20FEEL%3A%20cozy%2C%20calming%2C%20emotionally%20comforting%2C%20wholesome%20kawaii%2C%20suitable%20for%20a%20premium%20Amazon%20KDP%20coloring%20book.?width=850&height=1100&model=flux&nologo=true&seed=2136986017
2026-05-28 16:15:12,064 [WARNING] __main__ — Attempt 3/3 failed for new_york_city_page_09.png: 402 Client Error: Payment Required for url: https://image.pollinations.ai/prompt/SCENE%3A%20Capybara%20relaxes%20in%20a%20lush%20New%20York%20City%20park%20or%20garden%2C%20surrounded%20by%20flowers%20and%20plants.%0ACHARACTER%3A%20cute%20capybara%20mascot%2C%20soft%20rounded%20body%2C%20simple%20expressive%20eyes%2C%20tiny%20smiling%20mouth%2C%20blush%20cheeks%2C%20plush%20toy-like%20appearance%2C%20cozy%20travel%20outfit%20matching%20the%20destination%2C%20soft%20rounded%20paws%2C%20emotionally%20warm%20and%20friendly%2C%20consistent%20character%20across%20every%20image.%0ASETTING%3A%20iconic%20New%20York%20City%20location.%20Incorporate%20iconic%20New%20York%20City%20elements%3A%20Statue%20of%20Liberty%3B%20Central%20Park%3B%20Brooklyn%20Bridge%3B%20Times%20Square%3B%20skyline.%20Cultural%20details%20to%20include%3A%20pizza%3B%20bagels%3B%20coffee%3B%20pretzels%3B%20hot%20dogs.%0ASTYLE%3A%20black-and-white%20coloring%20book%20line%20art%20only%2C%20thick%20clean%20outlines%2C%20no%20shading%2C%20no%20grayscale%2C%20no%20crosshatching%2C%20no%20sketch%20texture%2C%20no%20dark%20fills%2C%20large%20open%20coloring%20spaces%2C%20minimal%20details%2C%20one%20clear%20activity%20per%20page%2C%20simple%20uncluttered%20composition%2C%20lots%20of%20white%20space%2C%20soft%20storybook%20feeling%2C%20cozy%20kawaii%20children%27s-book%20style%2C%20Sanrio-like%20emotional%20warmth.%0ARULES%3A%20No%20humans.%20Cute%20anthropomorphic%20animals%20only%20%28rabbits%2C%20cats%2C%20birds%2C%20ducks%2C%20foxes%2C%20pandas%2C%20turtles%2C%20deer%29.%20No%20fake%20text%20or%20signage.%20No%20crowded%20scenes.%20No%20complicated%20architecture.%20No%20tiny%20unreadable%20details.%20Vary%20the%20capybara%20pose%20and%20placement%20from%20nearby%20pages.%0AOVERALL%20FEEL%3A%20cozy%2C%20calming%2C%20emotionally%20comforting%2C%20wholesome%20kawaii%2C%20suitable%20for%20a%20premium%20Amazon%20KDP%20coloring%20book.?width=850&height=1100&model=flux&nologo=true&seed=1311329028
2026-05-28 16:15:12,065 [INFO] __main__ — Generating page 11/30: transport
2026-05-28 16:15:12,065 [ERROR] __main__ — Page 10 failed: 402 Client Error: Payment Required for url: https://image.pollinations.ai/prompt/SCENE%3A%20Capybara%20meets%20and%20befriends%20a%20cute%20local%20animal%20that%20is%20famous%20in%20New%20York%20City.%0ACHARACTER%3A%20cute%20capybara%20mascot%2C%20soft%20rounded%20body%2C%20simple%20expressive%20eyes%2C%20tiny%20smiling%20mouth%2C%20blush%20cheeks%2C%20plush%20toy-like%20appearance%2C%20cozy%20travel%20outfit%20matching%20the%20destination%2C%20soft%20rounded%20paws%2C%20emotionally%20warm%20and%20friendly%2C%20consistent%20character%20across%20every%20image.%0ASETTING%3A%20iconic%20New%20York%20City%20location.%20Incorporate%20iconic%20New%20York%20City%20elements%3A%20Statue%20of%20Liberty%3B%20Central%20Park%3B%20Brooklyn%20Bridge%3B%20Times%20Square%3B%20skyline.%20Cultural%20details%20to%20include%3A%20pizza%3B%20bagels%3B%20coffee%3B%20pretzels%3B%20hot%20dogs.%0ASTYLE%3A%20black-and-white%20coloring%20book%20line%20art%20only%2C%20thick%20clean%20outlines%2C%20no%20shading%2C%20no%20grayscale%2C%20no%20crosshatching%2C%20no%20sketch%20texture%2C%20no%20dark%20fills%2C%20large%20open%20coloring%20spaces%2C%20minimal%20details%2C%20one%20clear%20activity%20per%20page%2C%20simple%20uncluttered%20composition%2C%20lots%20of%20white%20space%2C%20soft%20storybook%20feeling%2C%20cozy%20kawaii%20children%27s-book%20style%2C%20Sanrio-like%20emotional%20warmth.%0ARULES%3A%20No%20humans.%20Cute%20anthropomorphic%20animals%20only%20%28rabbits%2C%20cats%2C%20birds%2C%20ducks%2C%20foxes%2C%20pandas%2C%20turtles%2C%20deer%29.%20No%20fake%20text%20or%20signage.%20No%20crowded%20scenes.%20No%20complicated%20architecture.%20No%20tiny%20unreadable%20details.%20Vary%20the%20capybara%20pose%20and%20placement%20from%20nearby%20pages.%0AOVERALL%20FEEL%3A%20cozy%2C%20calming%2C%20emotionally%20comforting%2C%20wholesome%20kawaii%2C%20suitable%20for%20a%20premium%20Amazon%20KDP%20coloring%20book.?width=850&height=1100&model=flux&nologo=true&seed=2136986017
2026-05-28 16:15:12,065 [INFO] __main__ — Generating page 12/30: landmark_2
2026-05-28 16:15:12,066 [ERROR] __main__ — Page 09 failed: 402 Client Error: Payment Required for url: https://image.pollinations.ai/prompt/SCENE%3A%20Capybara%20relaxes%20in%20a%20lush%20New%20York%20City%20park%20or%20garden%2C%20surrounded%20by%20flowers%20and%20plants.%0ACHARACTER%3A%20cute%20capybara%20mascot%2C%20soft%20rounded%20body%2C%20simple%20expressive%20eyes%2C%20tiny%20smiling%20mouth%2C%20blush%20cheeks%2C%20plush%20toy-like%20appearance%2C%20cozy%20travel%20outfit%20matching%20the%20destination%2C%20soft%20rounded%20paws%2C%20emotionally%20warm%20and%20friendly%2C%20consistent%20character%20across%20every%20image.%0ASETTING%3A%20iconic%20New%20York%20City%20location.%20Incorporate%20iconic%20New%20York%20City%20elements%3A%20Statue%20of%20Liberty%3B%20Central%20Park%3B%20Brooklyn%20Bridge%3B%20Times%20Square%3B%20skyline.%20Cultural%20details%20to%20include%3A%20pizza%3B%20bagels%3B%20coffee%3B%20pretzels%3B%20hot%20dogs.%0ASTYLE%3A%20black-and-white%20coloring%20book%20line%20art%20only%2C%20thick%20clean%20outlines%2C%20no%20shading%2C%20no%20grayscale%2C%20no%20crosshatching%2C%20no%20sketch%20texture%2C%20no%20dark%20fills%2C%20large%20open%20coloring%20spaces%2C%20minimal%20details%2C%20one%20clear%20activity%20per%20page%2C%20simple%20uncluttered%20composition%2C%20lots%20of%20white%20space%2C%20soft%20storybook%20feeling%2C%20cozy%20kawaii%20children%27s-book%20style%2C%20Sanrio-like%20emotional%20warmth.%0ARULES%3A%20No%20humans.%20Cute%20anthropomorphic%20animals%20only%20%28rabbits%2C%20cats%2C%20birds%2C%20ducks%2C%20foxes%2C%20pandas%2C%20turtles%2C%20deer%29.%20No%20fake%20text%20or%20signage.%20No%20crowded%20scenes.%20No%20complicated%20architecture.%20No%20tiny%20unreadable%20details.%20Vary%20the%20capybara%20pose%20and%20placement%20from%20nearby%20pages.%0AOVERALL%20FEEL%3A%20cozy%2C%20calming%2C%20emotionally%20comforting%2C%20wholesome%20kawaii%2C%20suitable%20for%20a%20premium%20Amazon%20KDP%20coloring%20book.?width=850&height=1100&model=flux&nologo=true&seed=1311329028
2026-05-28 16:15:12,072 [WARNING] __main__ — Attempt 3/3 failed for new_york_city_page_08.png: 402 Client Error: Payment Required for url: https://image.pollinations.ai/prompt/SCENE%3A%20Capybara%20tries%20a%20popular%20New%20York%20City%20street%20food%20for%20the%20first%20time%2C%20holding%20it%20up%20delightedly.%0ACHARACTER%3A%20cute%20capybara%20mascot%2C%20soft%20rounded%20body%2C%20simple%20expressive%20eyes%2C%20tiny%20smiling%20mouth%2C%20blush%20cheeks%2C%20plush%20toy-like%20appearance%2C%20cozy%20travel%20outfit%20matching%20the%20destination%2C%20soft%20rounded%20paws%2C%20emotionally%20warm%20and%20friendly%2C%20consistent%20character%20across%20every%20image.%0ASETTING%3A%20iconic%20New%20York%20City%20location.%20Incorporate%20iconic%20New%20York%20City%20elements%3A%20Statue%20of%20Liberty%3B%20Central%20Park%3B%20Brooklyn%20Bridge%3B%20Times%20Square%3B%20skyline.%20Cultural%20details%20to%20include%3A%20pizza%3B%20bagels%3B%20coffee%3B%20pretzels%3B%20hot%20dogs.%0ASTYLE%3A%20black-and-white%20coloring%20book%20line%20art%20only%2C%20thick%20clean%20outlines%2C%20no%20shading%2C%20no%20grayscale%2C%20no%20crosshatching%2C%20no%20sketch%20texture%2C%20no%20dark%20fills%2C%20large%20open%20coloring%20spaces%2C%20minimal%20details%2C%20one%20clear%20activity%20per%20page%2C%20simple%20uncluttered%20composition%2C%20lots%20of%20white%20space%2C%20soft%20storybook%20feeling%2C%20cozy%20kawaii%20children%27s-book%20style%2C%20Sanrio-like%20emotional%20warmth.%0ARULES%3A%20No%20humans.%20Cute%20anthropomorphic%20animals%20only%20%28rabbits%2C%20cats%2C%20birds%2C%20ducks%2C%20foxes%2C%20pandas%2C%20turtles%2C%20deer%29.%20No%20fake%20text%20or%20signage.%20No%20crowded%20scenes.%20No%20complicated%20architecture.%20No%20tiny%20unreadable%20details.%20Vary%20the%20capybara%20pose%20and%20placement%20from%20nearby%20pages.%0AOVERALL%20FEEL%3A%20cozy%2C%20calming%2C%20emotionally%20comforting%2C%20wholesome%20kawaii%2C%20suitable%20for%20a%20premium%20Amazon%20KDP%20coloring%20book.?width=850&height=1100&model=flux&nologo=true&seed=324899333
2026-05-28 16:15:12,072 [INFO] __main__ — Generating page 13/30: shopping
2026-05-28 16:15:12,072 [ERROR] __main__ — Page 08 failed: 402 Client Error: Payment Required for url: https://image.pollinations.ai/prompt/SCENE%3A%20Capybara%20tries%20a%20popular%20New%20York%20City%20street%20food%20for%20the%20first%20time%2C%20holding%20it%20up%20delightedly.%0ACHARACTER%3A%20cute%20capybara%20mascot%2C%20soft%20rounded%20body%2C%20simple%20expressive%20eyes%2C%20tiny%20smiling%20mouth%2C%20blush%20cheeks%2C%20plush%20toy-like%20appearance%2C%20cozy%20travel%20outfit%20matching%20the%20destination%2C%20soft%20rounded%20paws%2C%20emotionally%20warm%20and%20friendly%2C%20consistent%20character%20across%20every%20image.%0ASETTING%3A%20iconic%20New%20York%20City%20location.%20Incorporate%20iconic%20New%20York%20City%20elements%3A%20Statue%20of%20Liberty%3B%20Central%20Park%3B%20Brooklyn%20Bridge%3B%20Times%20Square%3B%20skyline.%20Cultural%20details%20to%20include%3A%20pizza%3B%20bagels%3B%20coffee%3B%20pretzels%3B%20hot%20dogs.%0ASTYLE%3A%20black-and-white%20coloring%20book%20line%20art%20only%2C%20thick%20clean%20outlines%2C%20no%20shading%2C%20no%20grayscale%2C%20no%20crosshatching%2C%20no%20sketch%20texture%2C%20no%20dark%20fills%2C%20large%20open%20coloring%20spaces%2C%20minimal%20details%2C%20one%20clear%20activity%20per%20page%2C%20simple%20uncluttered%20composition%2C%20lots%20of%20white%20space%2C%20soft%20storybook%20feeling%2C%20cozy%20kawaii%20children%27s-book%20style%2C%20Sanrio-like%20emotional%20warmth.%0ARULES%3A%20No%20humans.%20Cute%20anthropomorphic%20animals%20only%20%28rabbits%2C%20cats%2C%20birds%2C%20ducks%2C%20foxes%2C%20pandas%2C%20turtles%2C%20deer%29.%20No%20fake%20text%20or%20signage.%20No%20crowded%20scenes.%20No%20complicated%20architecture.%20No%20tiny%20unreadable%20details.%20Vary%20the%20capybara%20pose%20and%20placement%20from%20nearby%20pages.%0AOVERALL%20FEEL%3A%20cozy%2C%20calming%2C%20emotionally%20comforting%2C%20wholesome%20kawaii%2C%20suitable%20for%20a%20premium%20Amazon%20KDP%20coloring%20book.?width=850&height=1100&model=flux&nologo=true&seed=324899333
2026-05-28 16:15:13,550 [WARNING] __main__ — Attempt 1/3 failed for new_york_city_page_12.png: 402 Client Error: Payment Required for url: https://image.pollinations.ai/prompt/SCENE%3A%20Capybara%20visits%20a%20second%20iconic%20New%20York%20City%20landmark%2C%20sketchbook%20in%20hand%2C%20drawing%20it.%0ACHARACTER%3A%20cute%20capybara%20mascot%2C%20soft%20rounded%20body%2C%20simple%20expressive%20eyes%2C%20tiny%20smiling%20mouth%2C%20blush%20cheeks%2C%20plush%20toy-like%20appearance%2C%20cozy%20travel%20outfit%20matching%20the%20destination%2C%20soft%20rounded%20paws%2C%20emotionally%20warm%20and%20friendly%2C%20consistent%20character%20across%20every%20image.%0ASETTING%3A%20iconic%20New%20York%20City%20location.%20Incorporate%20iconic%20New%20York%20City%20elements%3A%20Statue%20of%20Liberty%3B%20Central%20Park%3B%20Brooklyn%20Bridge%3B%20Times%20Square%3B%20skyline.%20Cultural%20details%20to%20include%3A%20pizza%3B%20bagels%3B%20coffee%3B%20pretzels%3B%20hot%20dogs.%0ASTYLE%3A%20black-and-white%20coloring%20book%20line%20art%20only%2C%20thick%20clean%20outlines%2C%20no%20shading%2C%20no%20grayscale%2C%20no%20crosshatching%2C%20no%20sketch%20texture%2C%20no%20dark%20fills%2C%20large%20open%20coloring%20spaces%2C%20minimal%20details%2C%20one%20clear%20activity%20per%20page%2C%20simple%20uncluttered%20composition%2C%20lots%20of%20white%20space%2C%20soft%20storybook%20feeling%2C%20cozy%20kawaii%20children%27s-book%20style%2C%20Sanrio-like%20emotional%20warmth.%0ARULES%3A%20No%20humans.%20Cute%20anthropomorphic%20animals%20only%20%28rabbits%2C%20cats%2C%20birds%2C%20ducks%2C%20foxes%2C%20pandas%2C%20turtles%2C%20deer%29.%20No%20fake%20text%20or%20signage.%20No%20crowded%20scenes.%20No%20complicated%20architecture.%20No%20tiny%20unreadable%20details.%20Vary%20the%20capybara%20pose%20and%20placement%20from%20nearby%20pages.%0AOVERALL%20FEEL%3A%20cozy%2C%20calming%2C%20emotionally%20comforting%2C%20wholesome%20kawaii%2C%20suitable%20for%20a%20premium%20Amazon%20KDP%20coloring%20book.?width=850&height=1100&model=flux&nologo=true&seed=598531544
2026-05-28 16:15:13,552 [WARNING] __main__ — Attempt 1/3 failed for new_york_city_page_11.png: 402 Client Error: Payment Required for url: https://image.pollinations.ai/prompt/SCENE%3A%20Capybara%20rides%20a%20classic%20New%20York%20City%20form%20of%20transportation%2C%20waving%20cheerfully%20out%20the%20window.%0ACHARACTER%3A%20cute%20capybara%20mascot%2C%20soft%20rounded%20body%2C%20simple%20expressive%20eyes%2C%20tiny%20smiling%20mouth%2C%20blush%20cheeks%2C%20plush%20toy-like%20appearance%2C%20cozy%20travel%20outfit%20matching%20the%20destination%2C%20soft%20rounded%20paws%2C%20emotionally%20warm%20and%20friendly%2C%20consistent%20character%20across%20every%20image.%0ASETTING%3A%20iconic%20New%20York%20City%20location.%20Incorporate%20iconic%20New%20York%20City%20elements%3A%20Statue%20of%20Liberty%3B%20Central%20Park%3B%20Brooklyn%20Bridge%3B%20Times%20Square%3B%20skyline.%20Cultural%20details%20to%20include%3A%20pizza%3B%20bagels%3B%20coffee%3B%20pretzels%3B%20hot%20dogs.%0ASTYLE%3A%20black-and-white%20coloring%20book%20line%20art%20only%2C%20thick%20clean%20outlines%2C%20no%20shading%2C%20no%20grayscale%2C%20no%20crosshatching%2C%20no%20sketch%20texture%2C%20no%20dark%20fills%2C%20large%20open%20coloring%20spaces%2C%20minimal%20details%2C%20one%20clear%20activity%20per%20page%2C%20simple%20uncluttered%20composition%2C%20lots%20of%20white%20space%2C%20soft%20storybook%20feeling%2C%20cozy%20kawaii%20children%27s-book%20style%2C%20Sanrio-like%20emotional%20warmth.%0ARULES%3A%20No%20humans.%20Cute%20anthropomorphic%20animals%20only%20%28rabbits%2C%20cats%2C%20birds%2C%20ducks%2C%20foxes%2C%20pandas%2C%20turtles%2C%20deer%29.%20No%20fake%20text%20or%20signage.%20No%20crowded%20scenes.%20No%20complicated%20architecture.%20No%20tiny%20unreadable%20details.%20Vary%20the%20capybara%20pose%20and%20placement%20from%20nearby%20pages.%0AOVERALL%20FEEL%3A%20cozy%2C%20calming%2C%20emotionally%20comforting%2C%20wholesome%20kawaii%2C%20suitable%20for%20a%20premium%20Amazon%20KDP%20coloring%20book.?width=850&height=1100&model=flux&nologo=true&seed=131019761
2026-05-28 16:15:13,563 [WARNING] __main__ — Attempt 1/3 failed for new_york_city_page_13.png: 402 Client Error: Payment Required for url: https://image.pollinations.ai/prompt/SCENE%3A%20Capybara%20browses%20a%20New%20York%20City%20souvenir%20shop%2C%20holding%20up%20small%20trinkets%20with%20delight.%0ACHARACTER%3A%20cute%20capybara%20mascot%2C%20soft%20rounded%20body%2C%20simple%20expressive%20eyes%2C%20tiny%20smiling%20mouth%2C%20blush%20cheeks%2C%20plush%20toy-like%20appearance%2C%20cozy%20travel%20outfit%20matching%20the%20destination%2C%20soft%20rounded%20paws%2C%20emotionally%20warm%20and%20friendly%2C%20consistent%20character%20across%20every%20image.%0ASETTING%3A%20iconic%20New%20York%20City%20location.%20Incorporate%20iconic%20New%20York%20City%20elements%3A%20Statue%20of%20Liberty%3B%20Central%20Park%3B%20Brooklyn%20Bridge%3B%20Times%20Square%3B%20skyline.%20Cultural%20details%20to%20include%3A%20pizza%3B%20bagels%3B%20coffee%3B%20pretzels%3B%20hot%20dogs.%0ASTYLE%3A%20black-and-white%20coloring%20book%20line%20art%20only%2C%20thick%20clean%20outlines%2C%20no%20shading%2C%20no%20grayscale%2C%20no%20crosshatching%2C%20no%20sketch%20texture%2C%20no%20dark%20fills%2C%20large%20open%20coloring%20spaces%2C%20minimal%20details%2C%20one%20clear%20activity%20per%20page%2C%20simple%20uncluttered%20composition%2C%20lots%20of%20white%20space%2C%20soft%20storybook%20feeling%2C%20cozy%20kawaii%20children%27s-book%20style%2C%20Sanrio-like%20emotional%20warmth.%0ARULES%3A%20No%20humans.%20Cute%20anthropomorphic%20animals%20only%20%28rabbits%2C%20cats%2C%20birds%2C%20ducks%2C%20foxes%2C%20pandas%2C%20turtles%2C%20deer%29.%20No%20fake%20text%20or%20signage.%20No%20crowded%20scenes.%20No%20complicated%20architecture.%20No%20tiny%20unreadable%20details.%20Vary%20the%20capybara%20pose%20and%20placement%20from%20nearby%20pages.%0AOVERALL%20FEEL%3A%20cozy%2C%20calming%2C%20emotionally%20comforting%2C%20wholesome%20kawaii%2C%20suitable%20for%20a%20premium%20Amazon%20KDP%20coloring%20book.?width=850&height=1100&model=flux&nologo=true&seed=329824268
2026-05-28 16:15:15,923 [WARNING] __main__ — Attempt 2/3 failed for new_york_city_page_11.png: 402 Client Error: Payment Required for url: https://image.pollinations.ai/prompt/SCENE%3A%20Capybara%20rides%20a%20classic%20New%20York%20City%20form%20of%20transportation%2C%20waving%20cheerfully%20out%20the%20window.%0ACHARACTER%3A%20cute%20capybara%20mascot%2C%20soft%20rounded%20body%2C%20simple%20expressive%20eyes%2C%20tiny%20smiling%20mouth%2C%20blush%20cheeks%2C%20plush%20toy-like%20appearance%2C%20cozy%20travel%20outfit%20matching%20the%20destination%2C%20soft%20rounded%20paws%2C%20emotionally%20warm%20and%20friendly%2C%20consistent%20character%20across%20every%20image.%0ASETTING%3A%20iconic%20New%20York%20City%20location.%20Incorporate%20iconic%20New%20York%20City%20elements%3A%20Statue%20of%20Liberty%3B%20Central%20Park%3B%20Brooklyn%20Bridge%3B%20Times%20Square%3B%20skyline.%20Cultural%20details%20to%20include%3A%20pizza%3B%20bagels%3B%20coffee%3B%20pretzels%3B%20hot%20dogs.%0ASTYLE%3A%20black-and-white%20coloring%20book%20line%20art%20only%2C%20thick%20clean%20outlines%2C%20no%20shading%2C%20no%20grayscale%2C%20no%20crosshatching%2C%20no%20sketch%20texture%2C%20no%20dark%20fills%2C%20large%20open%20coloring%20spaces%2C%20minimal%20details%2C%20one%20clear%20activity%20per%20page%2C%20simple%20uncluttered%20composition%2C%20lots%20of%20white%20space%2C%20soft%20storybook%20feeling%2C%20cozy%20kawaii%20children%27s-book%20style%2C%20Sanrio-like%20emotional%20warmth.%0ARULES%3A%20No%20humans.%20Cute%20anthropomorphic%20animals%20only%20%28rabbits%2C%20cats%2C%20birds%2C%20ducks%2C%20foxes%2C%20pandas%2C%20turtles%2C%20deer%29.%20No%20fake%20text%20or%20signage.%20No%20crowded%20scenes.%20No%20complicated%20architecture.%20No%20tiny%20unreadable%20details.%20Vary%20the%20capybara%20pose%20and%20placement%20from%20nearby%20pages.%0AOVERALL%20FEEL%3A%20cozy%2C%20calming%2C%20emotionally%20comforting%2C%20wholesome%20kawaii%2C%20suitable%20for%20a%20premium%20Amazon%20KDP%20coloring%20book.?width=850&height=1100&model=flux&nologo=true&seed=131019761
2026-05-28 16:15:15,923 [WARNING] __main__ — Attempt 2/3 failed for new_york_city_page_13.png: 402 Client Error: Payment Required for url: https://image.pollinations.ai/prompt/SCENE%3A%20Capybara%20browses%20a%20New%20York%20City%20souvenir%20shop%2C%20holding%20up%20small%20trinkets%20with%20delight.%0ACHARACTER%3A%20cute%20capybara%20mascot%2C%20soft%20rounded%20body%2C%20simple%20expressive%20eyes%2C%20tiny%20smiling%20mouth%2C%20blush%20cheeks%2C%20plush%20toy-like%20appearance%2C%20cozy%20travel%20outfit%20matching%20the%20destination%2C%20soft%20rounded%20paws%2C%20emotionally%20warm%20and%20friendly%2C%20consistent%20character%20across%20every%20image.%0ASETTING%3A%20iconic%20New%20York%20City%20location.%20Incorporate%20iconic%20New%20York%20City%20elements%3A%20Statue%20of%20Liberty%3B%20Central%20Park%3B%20Brooklyn%20Bridge%3B%20Times%20Square%3B%20skyline.%20Cultural%20details%20to%20include%3A%20pizza%3B%20bagels%3B%20coffee%3B%20pretzels%3B%20hot%20dogs.%0ASTYLE%3A%20black-and-white%20coloring%20book%20line%20art%20only%2C%20thick%20clean%20outlines%2C%20no%20shading%2C%20no%20grayscale%2C%20no%20crosshatching%2C%20no%20sketch%20texture%2C%20no%20dark%20fills%2C%20large%20open%20coloring%20spaces%2C%20minimal%20details%2C%20one%20clear%20activity%20per%20page%2C%20simple%20uncluttered%20composition%2C%20lots%20of%20white%20space%2C%20soft%20storybook%20feeling%2C%20cozy%20kawaii%20children%27s-book%20style%2C%20Sanrio-like%20emotional%20warmth.%0ARULES%3A%20No%20humans.%20Cute%20anthropomorphic%20animals%20only%20%28rabbits%2C%20cats%2C%20birds%2C%20ducks%2C%20foxes%2C%20pandas%2C%20turtles%2C%20deer%29.%20No%20fake%20text%20or%20signage.%20No%20crowded%20scenes.%20No%20complicated%20architecture.%20No%20tiny%20unreadable%20details.%20Vary%20the%20capybara%20pose%20and%20placement%20from%20nearby%20pages.%0AOVERALL%20FEEL%3A%20cozy%2C%20calming%2C%20emotionally%20comforting%2C%20wholesome%20kawaii%2C%20suitable%20for%20a%20premium%20Amazon%20KDP%20coloring%20book.?width=850&height=1100&model=flux&nologo=true&seed=329824268
2026-05-28 16:15:15,923 [WARNING] __main__ — Attempt 2/3 failed for new_york_city_page_12.png: 402 Client Error: Payment Required for url: https://image.pollinations.ai/prompt/SCENE%3A%20Capybara%20visits%20a%20second%20iconic%20New%20York%20City%20landmark%2C%20sketchbook%20in%20hand%2C%20drawing%20it.%0ACHARACTER%3A%20cute%20capybara%20mascot%2C%20soft%20rounded%20body%2C%20simple%20expressive%20eyes%2C%20tiny%20smiling%20mouth%2C%20blush%20cheeks%2C%20plush%20toy-like%20appearance%2C%20cozy%20travel%20outfit%20matching%20the%20destination%2C%20soft%20rounded%20paws%2C%20emotionally%20warm%20and%20friendly%2C%20consistent%20character%20across%20every%20image.%0ASETTING%3A%20iconic%20New%20York%20City%20location.%20Incorporate%20iconic%20New%20York%20City%20elements%3A%20Statue%20of%20Liberty%3B%20Central%20Park%3B%20Brooklyn%20Bridge%3B%20Times%20Square%3B%20skyline.%20Cultural%20details%20to%20include%3A%20pizza%3B%20bagels%3B%20coffee%3B%20pretzels%3B%20hot%20dogs.%0ASTYLE%3A%20black-and-white%20coloring%20book%20line%20art%20only%2C%20thick%20clean%20outlines%2C%20no%20shading%2C%20no%20grayscale%2C%20no%20crosshatching%2C%20no%20sketch%20texture%2C%20no%20dark%20fills%2C%20large%20open%20coloring%20spaces%2C%20minimal%20details%2C%20one%20clear%20activity%20per%20page%2C%20simple%20uncluttered%20composition%2C%20lots%20of%20white%20space%2C%20soft%20storybook%20feeling%2C%20cozy%20kawaii%20children%27s-book%20style%2C%20Sanrio-like%20emotional%20warmth.%0ARULES%3A%20No%20humans.%20Cute%20anthropomorphic%20animals%20only%20%28rabbits%2C%20cats%2C%20birds%2C%20ducks%2C%20foxes%2C%20pandas%2C%20turtles%2C%20deer%29.%20No%20fake%20text%20or%20signage.%20No%20crowded%20scenes.%20No%20complicated%20architecture.%20No%20tiny%20unreadable%20details.%20Vary%20the%20capybara%20pose%20and%20placement%20from%20nearby%20pages.%0AOVERALL%20FEEL%3A%20cozy%2C%20calming%2C%20emotionally%20comforting%2C%20wholesome%20kawaii%2C%20suitable%20for%20a%20premium%20Amazon%20KDP%20coloring%20book.?width=850&height=1100&model=flux&nologo=true&seed=598531544
2026-05-28 16:15:20,212 [WARNING] __main__ — Attempt 3/3 failed for new_york_city_page_13.png: 402 Client Error: Payment Required for url: https://image.pollinations.ai/prompt/SCENE%3A%20Capybara%20browses%20a%20New%20York%20City%20souvenir%20shop%2C%20holding%20up%20small%20trinkets%20with%20delight.%0ACHARACTER%3A%20cute%20capybara%20mascot%2C%20soft%20rounded%20body%2C%20simple%20expressive%20eyes%2C%20tiny%20smiling%20mouth%2C%20blush%20cheeks%2C%20plush%20toy-like%20appearance%2C%20cozy%20travel%20outfit%20matching%20the%20destination%2C%20soft%20rounded%20paws%2C%20emotionally%20warm%20and%20friendly%2C%20consistent%20character%20across%20every%20image.%0ASETTING%3A%20iconic%20New%20York%20City%20location.%20Incorporate%20iconic%20New%20York%20City%20elements%3A%20Statue%20of%20Liberty%3B%20Central%20Park%3B%20Brooklyn%20Bridge%3B%20Times%20Square%3B%20skyline.%20Cultural%20details%20to%20include%3A%20pizza%3B%20bagels%3B%20coffee%3B%20pretzels%3B%20hot%20dogs.%0ASTYLE%3A%20black-and-white%20coloring%20book%20line%20art%20only%2C%20thick%20clean%20outlines%2C%20no%20shading%2C%20no%20grayscale%2C%20no%20crosshatching%2C%20no%20sketch%20texture%2C%20no%20dark%20fills%2C%20large%20open%20coloring%20spaces%2C%20minimal%20details%2C%20one%20clear%20activity%20per%20page%2C%20simple%20uncluttered%20composition%2C%20lots%20of%20white%20space%2C%20soft%20storybook%20feeling%2C%20cozy%20kawaii%20children%27s-book%20style%2C%20Sanrio-like%20emotional%20warmth.%0ARULES%3A%20No%20humans.%20Cute%20anthropomorphic%20animals%20only%20%28rabbits%2C%20cats%2C%20birds%2C%20ducks%2C%20foxes%2C%20pandas%2C%20turtles%2C%20deer%29.%20No%20fake%20text%20or%20signage.%20No%20crowded%20scenes.%20No%20complicated%20architecture.%20No%20tiny%20unreadable%20details.%20Vary%20the%20capybara%20pose%20and%20placement%20from%20nearby%20pages.%0AOVERALL%20FEEL%3A%20cozy%2C%20calming%2C%20emotionally%20comforting%2C%20wholesome%20kawaii%2C%20suitable%20for%20a%20premium%20Amazon%20KDP%20coloring%20book.?width=850&height=1100&model=flux&nologo=true&seed=329824268
2026-05-28 16:15:20,214 [INFO] __main__ — Generating page 14/30: craft
2026-05-28 16:15:20,214 [ERROR] __main__ — Page 13 failed: 402 Client Error: Payment Required for url: https://image.pollinations.ai/prompt/SCENE%3A%20Capybara%20browses%20a%20New%20York%20City%20souvenir%20shop%2C%20holding%20up%20small%20trinkets%20with%20delight.%0ACHARACTER%3A%20cute%20capybara%20mascot%2C%20soft%20rounded%20body%2C%20simple%20expressive%20eyes%2C%20tiny%20smiling%20mouth%2C%20blush%20cheeks%2C%20plush%20toy-like%20appearance%2C%20cozy%20travel%20outfit%20matching%20the%20destination%2C%20soft%20rounded%20paws%2C%20emotionally%20warm%20and%20friendly%2C%20consistent%20character%20across%20every%20image.%0ASETTING%3A%20iconic%20New%20York%20City%20location.%20Incorporate%20iconic%20New%20York%20City%20elements%3A%20Statue%20of%20Liberty%3B%20Central%20Park%3B%20Brooklyn%20Bridge%3B%20Times%20Square%3B%20skyline.%20Cultural%20details%20to%20include%3A%20pizza%3B%20bagels%3B%20coffee%3B%20pretzels%3B%20hot%20dogs.%0ASTYLE%3A%20black-and-white%20coloring%20book%20line%20art%20only%2C%20thick%20clean%20outlines%2C%20no%20shading%2C%20no%20grayscale%2C%20no%20crosshatching%2C%20no%20sketch%20texture%2C%20no%20dark%20fills%2C%20large%20open%20coloring%20spaces%2C%20minimal%20details%2C%20one%20clear%20activity%20per%20page%2C%20simple%20uncluttered%20composition%2C%20lots%20of%20white%20space%2C%20soft%20storybook%20feeling%2C%20cozy%20kawaii%20children%27s-book%20style%2C%20Sanrio-like%20emotional%20warmth.%0ARULES%3A%20No%20humans.%20Cute%20anthropomorphic%20animals%20only%20%28rabbits%2C%20cats%2C%20birds%2C%20ducks%2C%20foxes%2C%20pandas%2C%20turtles%2C%20deer%29.%20No%20fake%20text%20or%20signage.%20No%20crowded%20scenes.%20No%20complicated%20architecture.%20No%20tiny%20unreadable%20details.%20Vary%20the%20capybara%20pose%20and%20placement%20from%20nearby%20pages.%0AOVERALL%20FEEL%3A%20cozy%2C%20calming%2C%20emotionally%20comforting%2C%20wholesome%20kawaii%2C%20suitable%20for%20a%20premium%20Amazon%20KDP%20coloring%20book.?width=850&height=1100&model=flux&nologo=true&seed=329824268
2026-05-28 16:15:20,249 [WARNING] __main__ — Attempt 3/3 failed for new_york_city_page_12.png: 402 Client Error: Payment Required for url: https://image.pollinations.ai/prompt/SCENE%3A%20Capybara%20visits%20a%20second%20iconic%20New%20York%20City%20landmark%2C%20sketchbook%20in%20hand%2C%20drawing%20it.%0ACHARACTER%3A%20cute%20capybara%20mascot%2C%20soft%20rounded%20body%2C%20simple%20expressive%20eyes%2C%20tiny%20smiling%20mouth%2C%20blush%20cheeks%2C%20plush%20toy-like%20appearance%2C%20cozy%20travel%20outfit%20matching%20the%20destination%2C%20soft%20rounded%20paws%2C%20emotionally%20warm%20and%20friendly%2C%20consistent%20character%20across%20every%20image.%0ASETTING%3A%20iconic%20New%20York%20City%20location.%20Incorporate%20iconic%20New%20York%20City%20elements%3A%20Statue%20of%20Liberty%3B%20Central%20Park%3B%20Brooklyn%20Bridge%3B%20Times%20Square%3B%20skyline.%20Cultural%20details%20to%20include%3A%20pizza%3B%20bagels%3B%20coffee%3B%20pretzels%3B%20hot%20dogs.%0ASTYLE%3A%20black-and-white%20coloring%20book%20line%20art%20only%2C%20thick%20clean%20outlines%2C%20no%20shading%2C%20no%20grayscale%2C%20no%20crosshatching%2C%20no%20sketch%20texture%2C%20no%20dark%20fills%2C%20large%20open%20coloring%20spaces%2C%20minimal%20details%2C%20one%20clear%20activity%20per%20page%2C%20simple%20uncluttered%20composition%2C%20lots%20of%20white%20space%2C%20soft%20storybook%20feeling%2C%20cozy%20kawaii%20children%27s-book%20style%2C%20Sanrio-like%20emotional%20warmth.%0ARULES%3A%20No%20humans.%20Cute%20anthropomorphic%20animals%20only%20%28rabbits%2C%20cats%2C%20birds%2C%20ducks%2C%20foxes%2C%20pandas%2C%20turtles%2C%20deer%29.%20No%20fake%20text%20or%20signage.%20No%20crowded%20scenes.%20No%20complicated%20architecture.%20No%20tiny%20unreadable%20details.%20Vary%20the%20capybara%20pose%20and%20placement%20from%20nearby%20pages.%0AOVERALL%20FEEL%3A%20cozy%2C%20calming%2C%20emotionally%20comforting%2C%20wholesome%20kawaii%2C%20suitable%20for%20a%20premium%20Amazon%20KDP%20coloring%20book.?width=850&height=1100&model=flux&nologo=true&seed=598531544
2026-05-28 16:15:20,249 [INFO] __main__ — Generating page 15/30: temple
2026-05-28 16:15:20,249 [ERROR] __main__ — Page 12 failed: 402 Client Error: Payment Required for url: https://image.pollinations.ai/prompt/SCENE%3A%20Capybara%20visits%20a%20second%20iconic%20New%20York%20City%20landmark%2C%20sketchbook%20in%20hand%2C%20drawing%20it.%0ACHARACTER%3A%20cute%20capybara%20mascot%2C%20soft%20rounded%20body%2C%20simple%20expressive%20eyes%2C%20tiny%20smiling%20mouth%2C%20blush%20cheeks%2C%20plush%20toy-like%20appearance%2C%20cozy%20travel%20outfit%20matching%20the%20destination%2C%20soft%20rounded%20paws%2C%20emotionally%20warm%20and%20friendly%2C%20consistent%20character%20across%20every%20image.%0ASETTING%3A%20iconic%20New%20York%20City%20location.%20Incorporate%20iconic%20New%20York%20City%20elements%3A%20Statue%20of%20Liberty%3B%20Central%20Park%3B%20Brooklyn%20Bridge%3B%20Times%20Square%3B%20skyline.%20Cultural%20details%20to%20include%3A%20pizza%3B%20bagels%3B%20coffee%3B%20pretzels%3B%20hot%20dogs.%0ASTYLE%3A%20black-and-white%20coloring%20book%20line%20art%20only%2C%20thick%20clean%20outlines%2C%20no%20shading%2C%20no%20grayscale%2C%20no%20crosshatching%2C%20no%20sketch%20texture%2C%20no%20dark%20fills%2C%20large%20open%20coloring%20spaces%2C%20minimal%20details%2C%20one%20clear%20activity%20per%20page%2C%20simple%20uncluttered%20composition%2C%20lots%20of%20white%20space%2C%20soft%20storybook%20feeling%2C%20cozy%20kawaii%20children%27s-book%20style%2C%20Sanrio-like%20emotional%20warmth.%0ARULES%3A%20No%20humans.%20Cute%20anthropomorphic%20animals%20only%20%28rabbits%2C%20cats%2C%20birds%2C%20ducks%2C%20foxes%2C%20pandas%2C%20turtles%2C%20deer%29.%20No%20fake%20text%20or%20signage.%20No%20crowded%20scenes.%20No%20complicated%20architecture.%20No%20tiny%20unreadable%20details.%20Vary%20the%20capybara%20pose%20and%20placement%20from%20nearby%20pages.%0AOVERALL%20FEEL%3A%20cozy%2C%20calming%2C%20emotionally%20comforting%2C%20wholesome%20kawaii%2C%20suitable%20for%20a%20premium%20Amazon%20KDP%20coloring%20book.?width=850&height=1100&model=flux&nologo=true&seed=598531544
2026-05-28 16:15:20,255 [WARNING] __main__ — Attempt 3/3 failed for new_york_city_page_11.png: 402 Client Error: Payment Required for url: https://image.pollinations.ai/prompt/SCENE%3A%20Capybara%20rides%20a%20classic%20New%20York%20City%20form%20of%20transportation%2C%20waving%20cheerfully%20out%20the%20window.%0ACHARACTER%3A%20cute%20capybara%20mascot%2C%20soft%20rounded%20body%2C%20simple%20expressive%20eyes%2C%20tiny%20smiling%20mouth%2C%20blush%20cheeks%2C%20plush%20toy-like%20appearance%2C%20cozy%20travel%20outfit%20matching%20the%20destination%2C%20soft%20rounded%20paws%2C%20emotionally%20warm%20and%20friendly%2C%20consistent%20character%20across%20every%20image.%0ASETTING%3A%20iconic%20New%20York%20City%20location.%20Incorporate%20iconic%20New%20York%20City%20elements%3A%20Statue%20of%20Liberty%3B%20Central%20Park%3B%20Brooklyn%20Bridge%3B%20Times%20Square%3B%20skyline.%20Cultural%20details%20to%20include%3A%20pizza%3B%20bagels%3B%20coffee%3B%20pretzels%3B%20hot%20dogs.%0ASTYLE%3A%20black-and-white%20coloring%20book%20line%20art%20only%2C%20thick%20clean%20outlines%2C%20no%20shading%2C%20no%20grayscale%2C%20no%20crosshatching%2C%20no%20sketch%20texture%2C%20no%20dark%20fills%2C%20large%20open%20coloring%20spaces%2C%20minimal%20details%2C%20one%20clear%20activity%20per%20page%2C%20simple%20uncluttered%20composition%2C%20lots%20of%20white%20space%2C%20soft%20storybook%20feeling%2C%20cozy%20kawaii%20children%27s-book%20style%2C%20Sanrio-like%20emotional%20warmth.%0ARULES%3A%20No%20humans.%20Cute%20anthropomorphic%20animals%20only%20%28rabbits%2C%20cats%2C%20birds%2C%20ducks%2C%20foxes%2C%20pandas%2C%20turtles%2C%20deer%29.%20No%20fake%20text%20or%20signage.%20No%20crowded%20scenes.%20No%20complicated%20architecture.%20No%20tiny%20unreadable%20details.%20Vary%20the%20capybara%20pose%20and%20placement%20from%20nearby%20pages.%0AOVERALL%20FEEL%3A%20cozy%2C%20calming%2C%20emotionally%20comforting%2C%20wholesome%20kawaii%2C%20suitable%20for%20a%20premium%20Amazon%20KDP%20coloring%20book.?width=850&height=1100&model=flux&nologo=true&seed=131019761
2026-05-28 16:15:20,255 [INFO] __main__ — Generating page 16/30: viewpoint
2026-05-28 16:15:20,255 [ERROR] __main__ — Page 11 failed: 402 Client Error: Payment Required for url: https://image.pollinations.ai/prompt/SCENE%3A%20Capybara%20rides%20a%20classic%20New%20York%20City%20form%20of%20transportation%2C%20waving%20cheerfully%20out%20the%20window.%0ACHARACTER%3A%20cute%20capybara%20mascot%2C%20soft%20rounded%20body%2C%20simple%20expressive%20eyes%2C%20tiny%20smiling%20mouth%2C%20blush%20cheeks%2C%20plush%20toy-like%20appearance%2C%20cozy%20travel%20outfit%20matching%20the%20destination%2C%20soft%20rounded%20paws%2C%20emotionally%20warm%20and%20friendly%2C%20consistent%20character%20across%20every%20image.%0ASETTING%3A%20iconic%20New%20York%20City%20location.%20Incorporate%20iconic%20New%20York%20City%20elements%3A%20Statue%20of%20Liberty%3B%20Central%20Park%3B%20Brooklyn%20Bridge%3B%20Times%20Square%3B%20skyline.%20Cultural%20details%20to%20include%3A%20pizza%3B%20bagels%3B%20coffee%3B%20pretzels%3B%20hot%20dogs.%0ASTYLE%3A%20black-and-white%20coloring%20book%20line%20art%20only%2C%20thick%20clean%20outlines%2C%20no%20shading%2C%20no%20grayscale%2C%20no%20crosshatching%2C%20no%20sketch%20texture%2C%20no%20dark%20fills%2C%20large%20open%20coloring%20spaces%2C%20minimal%20details%2C%20one%20clear%20activity%20per%20page%2C%20simple%20uncluttered%20composition%2C%20lots%20of%20white%20space%2C%20soft%20storybook%20feeling%2C%20cozy%20kawaii%20children%27s-book%20style%2C%20Sanrio-like%20emotional%20warmth.%0ARULES%3A%20No%20humans.%20Cute%20anthropomorphic%20animals%20only%20%28rabbits%2C%20cats%2C%20birds%2C%20ducks%2C%20foxes%2C%20pandas%2C%20turtles%2C%20deer%29.%20No%20fake%20text%20or%20signage.%20No%20crowded%20scenes.%20No%20complicated%20architecture.%20No%20tiny%20unreadable%20details.%20Vary%20the%20capybara%20pose%20and%20placement%20from%20nearby%20pages.%0AOVERALL%20FEEL%3A%20cozy%2C%20calming%2C%20emotionally%20comforting%2C%20wholesome%20kawaii%2C%20suitable%20for%20a%20premium%20Amazon%20KDP%20coloring%20book.?width=850&height=1100&model=flux&nologo=true&seed=131019761
2026-05-28 16:15:21,708 [WARNING] __main__ — Attempt 1/3 failed for new_york_city_page_14.png: 402 Client Error: Payment Required for url: https://image.pollinations.ai/prompt/SCENE%3A%20Capybara%20learns%20a%20traditional%20New%20York%20City%20craft%20or%20art%20form%2C%20concentrating%20with%20a%20happy%20face.%0ACHARACTER%3A%20cute%20capybara%20mascot%2C%20soft%20rounded%20body%2C%20simple%20expressive%20eyes%2C%20tiny%20smiling%20mouth%2C%20blush%20cheeks%2C%20plush%20toy-like%20appearance%2C%20cozy%20travel%20outfit%20matching%20the%20destination%2C%20soft%20rounded%20paws%2C%20emotionally%20warm%20and%20friendly%2C%20consistent%20character%20across%20every%20image.%0ASETTING%3A%20iconic%20New%20York%20City%20location.%20Incorporate%20iconic%20New%20York%20City%20elements%3A%20Statue%20of%20Liberty%3B%20Central%20Park%3B%20Brooklyn%20Bridge%3B%20Times%20Square%3B%20skyline.%20Cultural%20details%20to%20include%3A%20pizza%3B%20bagels%3B%20coffee%3B%20pretzels%3B%20hot%20dogs.%0ASTYLE%3A%20black-and-white%20coloring%20book%20line%20art%20only%2C%20thick%20clean%20outlines%2C%20no%20shading%2C%20no%20grayscale%2C%20no%20crosshatching%2C%20no%20sketch%20texture%2C%20no%20dark%20fills%2C%20large%20open%20coloring%20spaces%2C%20minimal%20details%2C%20one%20clear%20activity%20per%20page%2C%20simple%20uncluttered%20composition%2C%20lots%20of%20white%20space%2C%20soft%20storybook%20feeling%2C%20cozy%20kawaii%20children%27s-book%20style%2C%20Sanrio-like%20emotional%20warmth.%0ARULES%3A%20No%20humans.%20Cute%20anthropomorphic%20animals%20only%20%28rabbits%2C%20cats%2C%20birds%2C%20ducks%2C%20foxes%2C%20pandas%2C%20turtles%2C%20deer%29.%20No%20fake%20text%20or%20signage.%20No%20crowded%20scenes.%20No%20complicated%20architecture.%20No%20tiny%20unreadable%20details.%20Vary%20the%20capybara%20pose%20and%20placement%20from%20nearby%20pages.%0AOVERALL%20FEEL%3A%20cozy%2C%20calming%2C%20emotionally%20comforting%2C%20wholesome%20kawaii%2C%20suitable%20for%20a%20premium%20Amazon%20KDP%20coloring%20book.?width=850&height=1100&model=flux&nologo=true&seed=1829145309
2026-05-28 16:15:21,779 [WARNING] __main__ — Attempt 1/3 failed for new_york_city_page_16.png: 402 Client Error: Payment Required for url: https://image.pollinations.ai/prompt/SCENE%3A%20Capybara%20sits%20at%20a%20scenic%20hilltop%20or%20viewpoint%20overlooking%20New%20York%20City%2C%20looking%20peaceful.%0ACHARACTER%3A%20cute%20capybara%20mascot%2C%20soft%20rounded%20body%2C%20simple%20expressive%20eyes%2C%20tiny%20smiling%20mouth%2C%20blush%20cheeks%2C%20plush%20toy-like%20appearance%2C%20cozy%20travel%20outfit%20matching%20the%20destination%2C%20soft%20rounded%20paws%2C%20emotionally%20warm%20and%20friendly%2C%20consistent%20character%20across%20every%20image.%0ASETTING%3A%20iconic%20New%20York%20City%20location.%20Incorporate%20iconic%20New%20York%20City%20elements%3A%20Statue%20of%20Liberty%3B%20Central%20Park%3B%20Brooklyn%20Bridge%3B%20Times%20Square%3B%20skyline.%20Cultural%20details%20to%20include%3A%20pizza%3B%20bagels%3B%20coffee%3B%20pretzels%3B%20hot%20dogs.%0ASTYLE%3A%20black-and-white%20coloring%20book%20line%20art%20only%2C%20thick%20clean%20outlines%2C%20no%20shading%2C%20no%20grayscale%2C%20no%20crosshatching%2C%20no%20sketch%20texture%2C%20no%20dark%20fills%2C%20large%20open%20coloring%20spaces%2C%20minimal%20details%2C%20one%20clear%20activity%20per%20page%2C%20simple%20uncluttered%20composition%2C%20lots%20of%20white%20space%2C%20soft%20storybook%20feeling%2C%20cozy%20kawaii%20children%27s-book%20style%2C%20Sanrio-like%20emotional%20warmth.%0ARULES%3A%20No%20humans.%20Cute%20anthropomorphic%20animals%20only%20%28rabbits%2C%20cats%2C%20birds%2C%20ducks%2C%20foxes%2C%20pandas%2C%20turtles%2C%20deer%29.%20No%20fake%20text%20or%20signage.%20No%20crowded%20scenes.%20No%20complicated%20architecture.%20No%20tiny%20unreadable%20details.%20Vary%20the%20capybara%20pose%20and%20placement%20from%20nearby%20pages.%0AOVERALL%20FEEL%3A%20cozy%2C%20calming%2C%20emotionally%20comforting%2C%20wholesome%20kawaii%2C%20suitable%20for%20a%20premium%20Amazon%20KDP%20coloring%20book.?width=850&height=1100&model=flux&nologo=true&seed=1063501329
2026-05-28 16:15:21,893 [WARNING] __main__ — Attempt 1/3 failed for new_york_city_page_15.png: 402 Client Error: Payment Required for url: https://image.pollinations.ai/prompt/SCENE%3A%20Capybara%20visits%20a%20historic%20New%20York%20City%20temple%20or%20cultural%20building%2C%20walking%20quietly%20with%20awe.%0ACHARACTER%3A%20cute%20capybara%20mascot%2C%20soft%20rounded%20body%2C%20simple%20expressive%20eyes%2C%20tiny%20smiling%20mouth%2C%20blush%20cheeks%2C%20plush%20toy-like%20appearance%2C%20cozy%20travel%20outfit%20matching%20the%20destination%2C%20soft%20rounded%20paws%2C%20emotionally%20warm%20and%20friendly%2C%20consistent%20character%20across%20every%20image.%0ASETTING%3A%20iconic%20New%20York%20City%20location.%20Incorporate%20iconic%20New%20York%20City%20elements%3A%20Statue%20of%20Liberty%3B%20Central%20Park%3B%20Brooklyn%20Bridge%3B%20Times%20Square%3B%20skyline.%20Cultural%20details%20to%20include%3A%20pizza%3B%20bagels%3B%20coffee%3B%20pretzels%3B%20hot%20dogs.%0ASTYLE%3A%20black-and-white%20coloring%20book%20line%20art%20only%2C%20thick%20clean%20outlines%2C%20no%20shading%2C%20no%20grayscale%2C%20no%20crosshatching%2C%20no%20sketch%20texture%2C%20no%20dark%20fills%2C%20large%20open%20coloring%20spaces%2C%20minimal%20details%2C%20one%20clear%20activity%20per%20page%2C%20simple%20uncluttered%20composition%2C%20lots%20of%20white%20space%2C%20soft%20storybook%20feeling%2C%20cozy%20kawaii%20children%27s-book%20style%2C%20Sanrio-like%20emotional%20warmth.%0ARULES%3A%20No%20humans.%20Cute%20anthropomorphic%20animals%20only%20%28rabbits%2C%20cats%2C%20birds%2C%20ducks%2C%20foxes%2C%20pandas%2C%20turtles%2C%20deer%29.%20No%20fake%20text%20or%20signage.%20No%20crowded%20scenes.%20No%20complicated%20architecture.%20No%20tiny%20unreadable%20details.%20Vary%20the%20capybara%20pose%20and%20placement%20from%20nearby%20pages.%0AOVERALL%20FEEL%3A%20cozy%2C%20calming%2C%20emotionally%20comforting%2C%20wholesome%20kawaii%2C%20suitable%20for%20a%20premium%20Amazon%20KDP%20coloring%20book.?width=850&height=1100&model=flux&nologo=true&seed=664396084
2026-05-28 16:15:24,014 [WARNING] __main__ — Attempt 2/3 failed for new_york_city_page_14.png: 402 Client Error: Payment Required for url: https://image.pollinations.ai/prompt/SCENE%3A%20Capybara%20learns%20a%20traditional%20New%20York%20City%20craft%20or%20art%20form%2C%20concentrating%20with%20a%20happy%20face.%0ACHARACTER%3A%20cute%20capybara%20mascot%2C%20soft%20rounded%20body%2C%20simple%20expressive%20eyes%2C%20tiny%20smiling%20mouth%2C%20blush%20cheeks%2C%20plush%20toy-like%20appearance%2C%20cozy%20travel%20outfit%20matching%20the%20destination%2C%20soft%20rounded%20paws%2C%20emotionally%20warm%20and%20friendly%2C%20consistent%20character%20across%20every%20image.%0ASETTING%3A%20iconic%20New%20York%20City%20location.%20Incorporate%20iconic%20New%20York%20City%20elements%3A%20Statue%20of%20Liberty%3B%20Central%20Park%3B%20Brooklyn%20Bridge%3B%20Times%20Square%3B%20skyline.%20Cultural%20details%20to%20include%3A%20pizza%3B%20bagels%3B%20coffee%3B%20pretzels%3B%20hot%20dogs.%0ASTYLE%3A%20black-and-white%20coloring%20book%20line%20art%20only%2C%20thick%20clean%20outlines%2C%20no%20shading%2C%20no%20grayscale%2C%20no%20crosshatching%2C%20no%20sketch%20texture%2C%20no%20dark%20fills%2C%20large%20open%20coloring%20spaces%2C%20minimal%20details%2C%20one%20clear%20activity%20per%20page%2C%20simple%20uncluttered%20composition%2C%20lots%20of%20white%20space%2C%20soft%20storybook%20feeling%2C%20cozy%20kawaii%20children%27s-book%20style%2C%20Sanrio-like%20emotional%20warmth.%0ARULES%3A%20No%20humans.%20Cute%20anthropomorphic%20animals%20only%20%28rabbits%2C%20cats%2C%20birds%2C%20ducks%2C%20foxes%2C%20pandas%2C%20turtles%2C%20deer%29.%20No%20fake%20text%20or%20signage.%20No%20crowded%20scenes.%20No%20complicated%20architecture.%20No%20tiny%20unreadable%20details.%20Vary%20the%20capybara%20pose%20and%20placement%20from%20nearby%20pages.%0AOVERALL%20FEEL%3A%20cozy%2C%20calming%2C%20emotionally%20comforting%2C%20wholesome%20kawaii%2C%20suitable%20for%20a%20premium%20Amazon%20KDP%20coloring%20book.?width=850&height=1100&model=flux&nologo=true&seed=1829145309
2026-05-28 16:15:24,080 [WARNING] __main__ — Attempt 2/3 failed for new_york_city_page_16.png: 402 Client Error: Payment Required for url: https://image.pollinations.ai/prompt/SCENE%3A%20Capybara%20sits%20at%20a%20scenic%20hilltop%20or%20viewpoint%20overlooking%20New%20York%20City%2C%20looking%20peaceful.%0ACHARACTER%3A%20cute%20capybara%20mascot%2C%20soft%20rounded%20body%2C%20simple%20expressive%20eyes%2C%20tiny%20smiling%20mouth%2C%20blush%20cheeks%2C%20plush%20toy-like%20appearance%2C%20cozy%20travel%20outfit%20matching%20the%20destination%2C%20soft%20rounded%20paws%2C%20emotionally%20warm%20and%20friendly%2C%20consistent%20character%20across%20every%20image.%0ASETTING%3A%20iconic%20New%20York%20City%20location.%20Incorporate%20iconic%20New%20York%20City%20elements%3A%20Statue%20of%20Liberty%3B%20Central%20Park%3B%20Brooklyn%20Bridge%3B%20Times%20Square%3B%20skyline.%20Cultural%20details%20to%20include%3A%20pizza%3B%20bagels%3B%20coffee%3B%20pretzels%3B%20hot%20dogs.%0ASTYLE%3A%20black-and-white%20coloring%20book%20line%20art%20only%2C%20thick%20clean%20outlines%2C%20no%20shading%2C%20no%20grayscale%2C%20no%20crosshatching%2C%20no%20sketch%20texture%2C%20no%20dark%20fills%2C%20large%20open%20coloring%20spaces%2C%20minimal%20details%2C%20one%20clear%20activity%20per%20page%2C%20simple%20uncluttered%20composition%2C%20lots%20of%20white%20space%2C%20soft%20storybook%20feeling%2C%20cozy%20kawaii%20children%27s-book%20style%2C%20Sanrio-like%20emotional%20warmth.%0ARULES%3A%20No%20humans.%20Cute%20anthropomorphic%20animals%20only%20%28rabbits%2C%20cats%2C%20birds%2C%20ducks%2C%20foxes%2C%20pandas%2C%20turtles%2C%20deer%29.%20No%20fake%20text%20or%20signage.%20No%20crowded%20scenes.%20No%20complicated%20architecture.%20No%20tiny%20unreadable%20details.%20Vary%20the%20capybara%20pose%20and%20placement%20from%20nearby%20pages.%0AOVERALL%20FEEL%3A%20cozy%2C%20calming%2C%20emotionally%20comforting%2C%20wholesome%20kawaii%2C%20suitable%20for%20a%20premium%20Amazon%20KDP%20coloring%20book.?width=850&height=1100&model=flux&nologo=true&seed=1063501329
2026-05-28 16:15:24,354 [WARNING] __main__ — Attempt 2/3 failed for new_york_city_page_15.png: 402 Client Error: Payment Required for url: https://image.pollinations.ai/prompt/SCENE%3A%20Capybara%20visits%20a%20historic%20New%20York%20City%20temple%20or%20cultural%20building%2C%20walking%20quietly%20with%20awe.%0ACHARACTER%3A%20cute%20capybara%20mascot%2C%20soft%20rounded%20body%2C%20simple%20expressive%20eyes%2C%20tiny%20smiling%20mouth%2C%20blush%20cheeks%2C%20plush%20toy-like%20appearance%2C%20cozy%20travel%20outfit%20matching%20the%20destination%2C%20soft%20rounded%20paws%2C%20emotionally%20warm%20and%20friendly%2C%20consistent%20character%20across%20every%20image.%0ASETTING%3A%20iconic%20New%20York%20City%20location.%20Incorporate%20iconic%20New%20York%20City%20elements%3A%20Statue%20of%20Liberty%3B%20Central%20Park%3B%20Brooklyn%20Bridge%3B%20Times%20Square%3B%20skyline.%20Cultural%20details%20to%20include%3A%20pizza%3B%20bagels%3B%20coffee%3B%20pretzels%3B%20hot%20dogs.%0ASTYLE%3A%20black-and-white%20coloring%20book%20line%20art%20only%2C%20thick%20clean%20outlines%2C%20no%20shading%2C%20no%20grayscale%2C%20no%20crosshatching%2C%20no%20sketch%20texture%2C%20no%20dark%20fills%2C%20large%20open%20coloring%20spaces%2C%20minimal%20details%2C%20one%20clear%20activity%20per%20page%2C%20simple%20uncluttered%20composition%2C%20lots%20of%20white%20space%2C%20soft%20storybook%20feeling%2C%20cozy%20kawaii%20children%27s-book%20style%2C%20Sanrio-like%20emotional%20warmth.%0ARULES%3A%20No%20humans.%20Cute%20anthropomorphic%20animals%20only%20%28rabbits%2C%20cats%2C%20birds%2C%20ducks%2C%20foxes%2C%20pandas%2C%20turtles%2C%20deer%29.%20No%20fake%20text%20or%20signage.%20No%20crowded%20scenes.%20No%20complicated%20architecture.%20No%20tiny%20unreadable%20details.%20Vary%20the%20capybara%20pose%20and%20placement%20from%20nearby%20pages.%0AOVERALL%20FEEL%3A%20cozy%2C%20calming%2C%20emotionally%20comforting%2C%20wholesome%20kawaii%2C%20suitable%20for%20a%20premium%20Amazon%20KDP%20coloring%20book.?width=850&height=1100&model=flux&nologo=true&seed=664396084
2026-05-28 16:15:28,346 [WARNING] __main__ — Attempt 3/3 failed for new_york_city_page_14.png: 402 Client Error: Payment Required for url: https://image.pollinations.ai/prompt/SCENE%3A%20Capybara%20learns%20a%20traditional%20New%20York%20City%20craft%20or%20art%20form%2C%20concentrating%20with%20a%20happy%20face.%0ACHARACTER%3A%20cute%20capybara%20mascot%2C%20soft%20rounded%20body%2C%20simple%20expressive%20eyes%2C%20tiny%20smiling%20mouth%2C%20blush%20cheeks%2C%20plush%20toy-like%20appearance%2C%20cozy%20travel%20outfit%20matching%20the%20destination%2C%20soft%20rounded%20paws%2C%20emotionally%20warm%20and%20friendly%2C%20consistent%20character%20across%20every%20image.%0ASETTING%3A%20iconic%20New%20York%20City%20location.%20Incorporate%20iconic%20New%20York%20City%20elements%3A%20Statue%20of%20Liberty%3B%20Central%20Park%3B%20Brooklyn%20Bridge%3B%20Times%20Square%3B%20skyline.%20Cultural%20details%20to%20include%3A%20pizza%3B%20bagels%3B%20coffee%3B%20pretzels%3B%20hot%20dogs.%0ASTYLE%3A%20black-and-white%20coloring%20book%20line%20art%20only%2C%20thick%20clean%20outlines%2C%20no%20shading%2C%20no%20grayscale%2C%20no%20crosshatching%2C%20no%20sketch%20texture%2C%20no%20dark%20fills%2C%20large%20open%20coloring%20spaces%2C%20minimal%20details%2C%20one%20clear%20activity%20per%20page%2C%20simple%20uncluttered%20composition%2C%20lots%20of%20white%20space%2C%20soft%20storybook%20feeling%2C%20cozy%20kawaii%20children%27s-book%20style%2C%20Sanrio-like%20emotional%20warmth.%0ARULES%3A%20No%20humans.%20Cute%20anthropomorphic%20animals%20only%20%28rabbits%2C%20cats%2C%20birds%2C%20ducks%2C%20foxes%2C%20pandas%2C%20turtles%2C%20deer%29.%20No%20fake%20text%20or%20signage.%20No%20crowded%20scenes.%20No%20complicated%20architecture.%20No%20tiny%20unreadable%20details.%20Vary%20the%20capybara%20pose%20and%20placement%20from%20nearby%20pages.%0AOVERALL%20FEEL%3A%20cozy%2C%20calming%2C%20emotionally%20comforting%2C%20wholesome%20kawaii%2C%20suitable%20for%20a%20premium%20Amazon%20KDP%20coloring%20book.?width=850&height=1100&model=flux&nologo=true&seed=1829145309
2026-05-28 16:15:28,347 [INFO] __main__ — Generating page 17/30: snack
2026-05-28 16:15:28,347 [ERROR] __main__ — Page 14 failed: 402 Client Error: Payment Required for url: https://image.pollinations.ai/prompt/SCENE%3A%20Capybara%20learns%20a%20traditional%20New%20York%20City%20craft%20or%20art%20form%2C%20concentrating%20with%20a%20happy%20face.%0ACHARACTER%3A%20cute%20capybara%20mascot%2C%20soft%20rounded%20body%2C%20simple%20expressive%20eyes%2C%20tiny%20smiling%20mouth%2C%20blush%20cheeks%2C%20plush%20toy-like%20appearance%2C%20cozy%20travel%20outfit%20matching%20the%20destination%2C%20soft%20rounded%20paws%2C%20emotionally%20warm%20and%20friendly%2C%20consistent%20character%20across%20every%20image.%0ASETTING%3A%20iconic%20New%20York%20City%20location.%20Incorporate%20iconic%20New%20York%20City%20elements%3A%20Statue%20of%20Liberty%3B%20Central%20Park%3B%20Brooklyn%20Bridge%3B%20Times%20Square%3B%20skyline.%20Cultural%20details%20to%20include%3A%20pizza%3B%20bagels%3B%20coffee%3B%20pretzels%3B%20hot%20dogs.%0ASTYLE%3A%20black-and-white%20coloring%20book%20line%20art%20only%2C%20thick%20clean%20outlines%2C%20no%20shading%2C%20no%20grayscale%2C%20no%20crosshatching%2C%20no%20sketch%20texture%2C%20no%20dark%20fills%2C%20large%20open%20coloring%20spaces%2C%20minimal%20details%2C%20one%20clear%20activity%20per%20page%2C%20simple%20uncluttered%20composition%2C%20lots%20of%20white%20space%2C%20soft%20storybook%20feeling%2C%20cozy%20kawaii%20children%27s-book%20style%2C%20Sanrio-like%20emotional%20warmth.%0ARULES%3A%20No%20humans.%20Cute%20anthropomorphic%20animals%20only%20%28rabbits%2C%20cats%2C%20birds%2C%20ducks%2C%20foxes%2C%20pandas%2C%20turtles%2C%20deer%29.%20No%20fake%20text%20or%20signage.%20No%20crowded%20scenes.%20No%20complicated%20architecture.%20No%20tiny%20unreadable%20details.%20Vary%20the%20capybara%20pose%20and%20placement%20from%20nearby%20pages.%0AOVERALL%20FEEL%3A%20cozy%2C%20calming%2C%20emotionally%20comforting%2C%20wholesome%20kawaii%2C%20suitable%20for%20a%20premium%20Amazon%20KDP%20coloring%20book.?width=850&height=1100&model=flux&nologo=true&seed=1829145309
2026-05-28 16:15:28,405 [WARNING] __main__ — Attempt 3/3 failed for new_york_city_page_16.png: 402 Client Error: Payment Required for url: https://image.pollinations.ai/prompt/SCENE%3A%20Capybara%20sits%20at%20a%20scenic%20hilltop%20or%20viewpoint%20overlooking%20New%20York%20City%2C%20looking%20peaceful.%0ACHARACTER%3A%20cute%20capybara%20mascot%2C%20soft%20rounded%20body%2C%20simple%20expressive%20eyes%2C%20tiny%20smiling%20mouth%2C%20blush%20cheeks%2C%20plush%20toy-like%20appearance%2C%20cozy%20travel%20outfit%20matching%20the%20destination%2C%20soft%20rounded%20paws%2C%20emotionally%20warm%20and%20friendly%2C%20consistent%20character%20across%20every%20image.%0ASETTING%3A%20iconic%20New%20York%20City%20location.%20Incorporate%20iconic%20New%20York%20City%20elements%3A%20Statue%20of%20Liberty%3B%20Central%20Park%3B%20Brooklyn%20Bridge%3B%20Times%20Square%3B%20skyline.%20Cultural%20details%20to%20include%3A%20pizza%3B%20bagels%3B%20coffee%3B%20pretzels%3B%20hot%20dogs.%0ASTYLE%3A%20black-and-white%20coloring%20book%20line%20art%20only%2C%20thick%20clean%20outlines%2C%20no%20shading%2C%20no%20grayscale%2C%20no%20crosshatching%2C%20no%20sketch%20texture%2C%20no%20dark%20fills%2C%20large%20open%20coloring%20spaces%2C%20minimal%20details%2C%20one%20clear%20activity%20per%20page%2C%20simple%20uncluttered%20composition%2C%20lots%20of%20white%20space%2C%20soft%20storybook%20feeling%2C%20cozy%20kawaii%20children%27s-book%20style%2C%20Sanrio-like%20emotional%20warmth.%0ARULES%3A%20No%20humans.%20Cute%20anthropomorphic%20animals%20only%20%28rabbits%2C%20cats%2C%20birds%2C%20ducks%2C%20foxes%2C%20pandas%2C%20turtles%2C%20deer%29.%20No%20fake%20text%20or%20signage.%20No%20crowded%20scenes.%20No%20complicated%20architecture.%20No%20tiny%20unreadable%20details.%20Vary%20the%20capybara%20pose%20and%20placement%20from%20nearby%20pages.%0AOVERALL%20FEEL%3A%20cozy%2C%20calming%2C%20emotionally%20comforting%2C%20wholesome%20kawaii%2C%20suitable%20for%20a%20premium%20Amazon%20KDP%20coloring%20book.?width=850&height=1100&model=flux&nologo=true&seed=1063501329
2026-05-28 16:15:28,406 [INFO] __main__ — Generating page 18/30: festival
2026-05-28 16:15:28,406 [ERROR] __main__ — Page 16 failed: 402 Client Error: Payment Required for url: https://image.pollinations.ai/prompt/SCENE%3A%20Capybara%20sits%20at%20a%20scenic%20hilltop%20or%20viewpoint%20overlooking%20New%20York%20City%2C%20looking%20peaceful.%0ACHARACTER%3A%20cute%20capybara%20mascot%2C%20soft%20rounded%20body%2C%20simple%20expressive%20eyes%2C%20tiny%20smiling%20mouth%2C%20blush%20cheeks%2C%20plush%20toy-like%20appearance%2C%20cozy%20travel%20outfit%20matching%20the%20destination%2C%20soft%20rounded%20paws%2C%20emotionally%20warm%20and%20friendly%2C%20consistent%20character%20across%20every%20image.%0ASETTING%3A%20iconic%20New%20York%20City%20location.%20Incorporate%20iconic%20New%20York%20City%20elements%3A%20Statue%20of%20Liberty%3B%20Central%20Park%3B%20Brooklyn%20Bridge%3B%20Times%20Square%3B%20skyline.%20Cultural%20details%20to%20include%3A%20pizza%3B%20bagels%3B%20coffee%3B%20pretzels%3B%20hot%20dogs.%0ASTYLE%3A%20black-and-white%20coloring%20book%20line%20art%20only%2C%20thick%20clean%20outlines%2C%20no%20shading%2C%20no%20grayscale%2C%20no%20crosshatching%2C%20no%20sketch%20texture%2C%20no%20dark%20fills%2C%20large%20open%20coloring%20spaces%2C%20minimal%20details%2C%20one%20clear%20activity%20per%20page%2C%20simple%20uncluttered%20composition%2C%20lots%20of%20white%20space%2C%20soft%20storybook%20feeling%2C%20cozy%20kawaii%20children%27s-book%20style%2C%20Sanrio-like%20emotional%20warmth.%0ARULES%3A%20No%20humans.%20Cute%20anthropomorphic%20animals%20only%20%28rabbits%2C%20cats%2C%20birds%2C%20ducks%2C%20foxes%2C%20pandas%2C%20turtles%2C%20deer%29.%20No%20fake%20text%20or%20signage.%20No%20crowded%20scenes.%20No%20complicated%20architecture.%20No%20tiny%20unreadable%20details.%20Vary%20the%20capybara%20pose%20and%20placement%20from%20nearby%20pages.%0AOVERALL%20FEEL%3A%20cozy%2C%20calming%2C%20emotionally%20comforting%2C%20wholesome%20kawaii%2C%20suitable%20for%20a%20premium%20Amazon%20KDP%20coloring%20book.?width=850&height=1100&model=flux&nologo=true&seed=1063501329
2026-05-28 16:15:29,847 [WARNING] __main__ — Attempt 1/3 failed for new_york_city_page_17.png: 402 Client Error: Payment Required for url: https://image.pollinations.ai/prompt/SCENE%3A%20Capybara%20enjoys%20an%20afternoon%20snack%20at%20a%20cozy%20New%20York%20City%20caf%C3%A9%2C%20warm%20drink%20in%20hand.%0ACHARACTER%3A%20cute%20capybara%20mascot%2C%20soft%20rounded%20body%2C%20simple%20expressive%20eyes%2C%20tiny%20smiling%20mouth%2C%20blush%20cheeks%2C%20plush%20toy-like%20appearance%2C%20cozy%20travel%20outfit%20matching%20the%20destination%2C%20soft%20rounded%20paws%2C%20emotionally%20warm%20and%20friendly%2C%20consistent%20character%20across%20every%20image.%0ASETTING%3A%20iconic%20New%20York%20City%20location.%20Incorporate%20iconic%20New%20York%20City%20elements%3A%20Statue%20of%20Liberty%3B%20Central%20Park%3B%20Brooklyn%20Bridge%3B%20Times%20Square%3B%20skyline.%20Cultural%20details%20to%20include%3A%20pizza%3B%20bagels%3B%20coffee%3B%20pretzels%3B%20hot%20dogs.%0ASTYLE%3A%20black-and-white%20coloring%20book%20line%20art%20only%2C%20thick%20clean%20outlines%2C%20no%20shading%2C%20no%20grayscale%2C%20no%20crosshatching%2C%20no%20sketch%20texture%2C%20no%20dark%20fills%2C%20large%20open%20coloring%20spaces%2C%20minimal%20details%2C%20one%20clear%20activity%20per%20page%2C%20simple%20uncluttered%20composition%2C%20lots%20of%20white%20space%2C%20soft%20storybook%20feeling%2C%20cozy%20kawaii%20children%27s-book%20style%2C%20Sanrio-like%20emotional%20warmth.%0ARULES%3A%20No%20humans.%20Cute%20anthropomorphic%20animals%20only%20%28rabbits%2C%20cats%2C%20birds%2C%20ducks%2C%20foxes%2C%20pandas%2C%20turtles%2C%20deer%29.%20No%20fake%20text%20or%20signage.%20No%20crowded%20scenes.%20No%20complicated%20architecture.%20No%20tiny%20unreadable%20details.%20Vary%20the%20capybara%20pose%20and%20placement%20from%20nearby%20pages.%0AOVERALL%20FEEL%3A%20cozy%2C%20calming%2C%20emotionally%20comforting%2C%20wholesome%20kawaii%2C%20suitable%20for%20a%20premium%20Amazon%20KDP%20coloring%20book.?width=850&height=1100&model=flux&nologo=true&seed=1510365651
2026-05-28 16:15:29,847 [WARNING] __main__ — Attempt 3/3 failed for new_york_city_page_15.png: 402 Client Error: Payment Required for url: https://image.pollinations.ai/prompt/SCENE%3A%20Capybara%20visits%20a%20historic%20New%20York%20City%20temple%20or%20cultural%20building%2C%20walking%20quietly%20with%20awe.%0ACHARACTER%3A%20cute%20capybara%20mascot%2C%20soft%20rounded%20body%2C%20simple%20expressive%20eyes%2C%20tiny%20smiling%20mouth%2C%20blush%20cheeks%2C%20plush%20toy-like%20appearance%2C%20cozy%20travel%20outfit%20matching%20the%20destination%2C%20soft%20rounded%20paws%2C%20emotionally%20warm%20and%20friendly%2C%20consistent%20character%20across%20every%20image.%0ASETTING%3A%20iconic%20New%20York%20City%20location.%20Incorporate%20iconic%20New%20York%20City%20elements%3A%20Statue%20of%20Liberty%3B%20Central%20Park%3B%20Brooklyn%20Bridge%3B%20Times%20Square%3B%20skyline.%20Cultural%20details%20to%20include%3A%20pizza%3B%20bagels%3B%20coffee%3B%20pretzels%3B%20hot%20dogs.%0ASTYLE%3A%20black-and-white%20coloring%20book%20line%20art%20only%2C%20thick%20clean%20outlines%2C%20no%20shading%2C%20no%20grayscale%2C%20no%20crosshatching%2C%20no%20sketch%20texture%2C%20no%20dark%20fills%2C%20large%20open%20coloring%20spaces%2C%20minimal%20details%2C%20one%20clear%20activity%20per%20page%2C%20simple%20uncluttered%20composition%2C%20lots%20of%20white%20space%2C%20soft%20storybook%20feeling%2C%20cozy%20kawaii%20children%27s-book%20style%2C%20Sanrio-like%20emotional%20warmth.%0ARULES%3A%20No%20humans.%20Cute%20anthropomorphic%20animals%20only%20%28rabbits%2C%20cats%2C%20birds%2C%20ducks%2C%20foxes%2C%20pandas%2C%20turtles%2C%20deer%29.%20No%20fake%20text%20or%20signage.%20No%20crowded%20scenes.%20No%20complicated%20architecture.%20No%20tiny%20unreadable%20details.%20Vary%20the%20capybara%20pose%20and%20placement%20from%20nearby%20pages.%0AOVERALL%20FEEL%3A%20cozy%2C%20calming%2C%20emotionally%20comforting%2C%20wholesome%20kawaii%2C%20suitable%20for%20a%20premium%20Amazon%20KDP%20coloring%20book.?width=850&height=1100&model=flux&nologo=true&seed=664396084
2026-05-28 16:15:29,848 [INFO] __main__ — Generating page 19/30: dinner
2026-05-28 16:15:29,848 [ERROR] __main__ — Page 15 failed: 402 Client Error: Payment Required for url: https://image.pollinations.ai/prompt/SCENE%3A%20Capybara%20visits%20a%20historic%20New%20York%20City%20temple%20or%20cultural%20building%2C%20walking%20quietly%20with%20awe.%0ACHARACTER%3A%20cute%20capybara%20mascot%2C%20soft%20rounded%20body%2C%20simple%20expressive%20eyes%2C%20tiny%20smiling%20mouth%2C%20blush%20cheeks%2C%20plush%20toy-like%20appearance%2C%20cozy%20travel%20outfit%20matching%20the%20destination%2C%20soft%20rounded%20paws%2C%20emotionally%20warm%20and%20friendly%2C%20consistent%20character%20across%20every%20image.%0ASETTING%3A%20iconic%20New%20York%20City%20location.%20Incorporate%20iconic%20New%20York%20City%20elements%3A%20Statue%20of%20Liberty%3B%20Central%20Park%3B%20Brooklyn%20Bridge%3B%20Times%20Square%3B%20skyline.%20Cultural%20details%20to%20include%3A%20pizza%3B%20bagels%3B%20coffee%3B%20pretzels%3B%20hot%20dogs.%0ASTYLE%3A%20black-and-white%20coloring%20book%20line%20art%20only%2C%20thick%20clean%20outlines%2C%20no%20shading%2C%20no%20grayscale%2C%20no%20crosshatching%2C%20no%20sketch%20texture%2C%20no%20dark%20fills%2C%20large%20open%20coloring%20spaces%2C%20minimal%20details%2C%20one%20clear%20activity%20per%20page%2C%20simple%20uncluttered%20composition%2C%20lots%20of%20white%20space%2C%20soft%20storybook%20feeling%2C%20cozy%20kawaii%20children%27s-book%20style%2C%20Sanrio-like%20emotional%20warmth.%0ARULES%3A%20No%20humans.%20Cute%20anthropomorphic%20animals%20only%20%28rabbits%2C%20cats%2C%20birds%2C%20ducks%2C%20foxes%2C%20pandas%2C%20turtles%2C%20deer%29.%20No%20fake%20text%20or%20signage.%20No%20crowded%20scenes.%20No%20complicated%20architecture.%20No%20tiny%20unreadable%20details.%20Vary%20the%20capybara%20pose%20and%20placement%20from%20nearby%20pages.%0AOVERALL%20FEEL%3A%20cozy%2C%20calming%2C%20emotionally%20comforting%2C%20wholesome%20kawaii%2C%20suitable%20for%20a%20premium%20Amazon%20KDP%20coloring%20book.?width=850&height=1100&model=flux&nologo=true&seed=664396084
2026-05-28 16:15:30,064 [WARNING] __main__ — Attempt 1/3 failed for new_york_city_page_18.png: 402 Client Error: Payment Required for url: https://image.pollinations.ai/prompt/SCENE%3A%20Capybara%20discovers%20a%20New%20York%20City%20festival%20or%20cultural%20celebration%20and%20claps%20along%20excitedly.%0ACHARACTER%3A%20cute%20capybara%20mascot%2C%20soft%20rounded%20body%2C%20simple%20expressive%20eyes%2C%20tiny%20smiling%20mouth%2C%20blush%20cheeks%2C%20plush%20toy-like%20appearance%2C%20cozy%20travel%20outfit%20matching%20the%20destination%2C%20soft%20rounded%20paws%2C%20emotionally%20warm%20and%20friendly%2C%20consistent%20character%20across%20every%20image.%0ASETTING%3A%20iconic%20New%20York%20City%20location.%20Incorporate%20iconic%20New%20York%20City%20elements%3A%20Statue%20of%20Liberty%3B%20Central%20Park%3B%20Brooklyn%20Bridge%3B%20Times%20Square%3B%20skyline.%20Cultural%20details%20to%20include%3A%20pizza%3B%20bagels%3B%20coffee%3B%20pretzels%3B%20hot%20dogs.%0ASTYLE%3A%20black-and-white%20coloring%20book%20line%20art%20only%2C%20thick%20clean%20outlines%2C%20no%20shading%2C%20no%20grayscale%2C%20no%20crosshatching%2C%20no%20sketch%20texture%2C%20no%20dark%20fills%2C%20large%20open%20coloring%20spaces%2C%20minimal%20details%2C%20one%20clear%20activity%20per%20page%2C%20simple%20uncluttered%20composition%2C%20lots%20of%20white%20space%2C%20soft%20storybook%20feeling%2C%20cozy%20kawaii%20children%27s-book%20style%2C%20Sanrio-like%20emotional%20warmth.%0ARULES%3A%20No%20humans.%20Cute%20anthropomorphic%20animals%20only%20%28rabbits%2C%20cats%2C%20birds%2C%20ducks%2C%20foxes%2C%20pandas%2C%20turtles%2C%20deer%29.%20No%20fake%20text%20or%20signage.%20No%20crowded%20scenes.%20No%20complicated%20architecture.%20No%20tiny%20unreadable%20details.%20Vary%20the%20capybara%20pose%20and%20placement%20from%20nearby%20pages.%0AOVERALL%20FEEL%3A%20cozy%2C%20calming%2C%20emotionally%20comforting%2C%20wholesome%20kawaii%2C%20suitable%20for%20a%20premium%20Amazon%20KDP%20coloring%20book.?width=850&height=1100&model=flux&nologo=true&seed=399739119
2026-05-28 16:15:31,348 [WARNING] __main__ — Attempt 1/3 failed for new_york_city_page_19.png: 402 Client Error: Payment Required for url: https://image.pollinations.ai/prompt/SCENE%3A%20Capybara%20has%20a%20traditional%20New%20York%20City%20dinner%20at%20a%20local%20restaurant%2C%20using%20local%20utensils.%0ACHARACTER%3A%20cute%20capybara%20mascot%2C%20soft%20rounded%20body%2C%20simple%20expressive%20eyes%2C%20tiny%20smiling%20mouth%2C%20blush%20cheeks%2C%20plush%20toy-like%20appearance%2C%20cozy%20travel%20outfit%20matching%20the%20destination%2C%20soft%20rounded%20paws%2C%20emotionally%20warm%20and%20friendly%2C%20consistent%20character%20across%20every%20image.%0ASETTING%3A%20iconic%20New%20York%20City%20location.%20Incorporate%20iconic%20New%20York%20City%20elements%3A%20Statue%20of%20Liberty%3B%20Central%20Park%3B%20Brooklyn%20Bridge%3B%20Times%20Square%3B%20skyline.%20Cultural%20details%20to%20include%3A%20pizza%3B%20bagels%3B%20coffee%3B%20pretzels%3B%20hot%20dogs.%0ASTYLE%3A%20black-and-white%20coloring%20book%20line%20art%20only%2C%20thick%20clean%20outlines%2C%20no%20shading%2C%20no%20grayscale%2C%20no%20crosshatching%2C%20no%20sketch%20texture%2C%20no%20dark%20fills%2C%20large%20open%20coloring%20spaces%2C%20minimal%20details%2C%20one%20clear%20activity%20per%20page%2C%20simple%20uncluttered%20composition%2C%20lots%20of%20white%20space%2C%20soft%20storybook%20feeling%2C%20cozy%20kawaii%20children%27s-book%20style%2C%20Sanrio-like%20emotional%20warmth.%0ARULES%3A%20No%20humans.%20Cute%20anthropomorphic%20animals%20only%20%28rabbits%2C%20cats%2C%20birds%2C%20ducks%2C%20foxes%2C%20pandas%2C%20turtles%2C%20deer%29.%20No%20fake%20text%20or%20signage.%20No%20crowded%20scenes.%20No%20complicated%20architecture.%20No%20tiny%20unreadable%20details.%20Vary%20the%20capybara%20pose%20and%20placement%20from%20nearby%20pages.%0AOVERALL%20FEEL%3A%20cozy%2C%20calming%2C%20emotionally%20comforting%2C%20wholesome%20kawaii%2C%20suitable%20for%20a%20premium%20Amazon%20KDP%20coloring%20book.?width=850&height=1100&model=flux&nologo=true&seed=199079108
2026-05-28 16:15:32,829 [WARNING] __main__ — Attempt 2/3 failed for new_york_city_page_17.png: 402 Client Error: Payment Required for url: https://image.pollinations.ai/prompt/SCENE%3A%20Capybara%20enjoys%20an%20afternoon%20snack%20at%20a%20cozy%20New%20York%20City%20caf%C3%A9%2C%20warm%20drink%20in%20hand.%0ACHARACTER%3A%20cute%20capybara%20mascot%2C%20soft%20rounded%20body%2C%20simple%20expressive%20eyes%2C%20tiny%20smiling%20mouth%2C%20blush%20cheeks%2C%20plush%20toy-like%20appearance%2C%20cozy%20travel%20outfit%20matching%20the%20destination%2C%20soft%20rounded%20paws%2C%20emotionally%20warm%20and%20friendly%2C%20consistent%20character%20across%20every%20image.%0ASETTING%3A%20iconic%20New%20York%20City%20location.%20Incorporate%20iconic%20New%20York%20City%20elements%3A%20Statue%20of%20Liberty%3B%20Central%20Park%3B%20Brooklyn%20Bridge%3B%20Times%20Square%3B%20skyline.%20Cultural%20details%20to%20include%3A%20pizza%3B%20bagels%3B%20coffee%3B%20pretzels%3B%20hot%20dogs.%0ASTYLE%3A%20black-and-white%20coloring%20book%20line%20art%20only%2C%20thick%20clean%20outlines%2C%20no%20shading%2C%20no%20grayscale%2C%20no%20crosshatching%2C%20no%20sketch%20texture%2C%20no%20dark%20fills%2C%20large%20open%20coloring%20spaces%2C%20minimal%20details%2C%20one%20clear%20activity%20per%20page%2C%20simple%20uncluttered%20composition%2C%20lots%20of%20white%20space%2C%20soft%20storybook%20feeling%2C%20cozy%20kawaii%20children%27s-book%20style%2C%20Sanrio-like%20emotional%20warmth.%0ARULES%3A%20No%20humans.%20Cute%20anthropomorphic%20animals%20only%20%28rabbits%2C%20cats%2C%20birds%2C%20ducks%2C%20foxes%2C%20pandas%2C%20turtles%2C%20deer%29.%20No%20fake%20text%20or%20signage.%20No%20crowded%20scenes.%20No%20complicated%20architecture.%20No%20tiny%20unreadable%20details.%20Vary%20the%20capybara%20pose%20and%20placement%20from%20nearby%20pages.%0AOVERALL%20FEEL%3A%20cozy%2C%20calming%2C%20emotionally%20comforting%2C%20wholesome%20kawaii%2C%20suitable%20for%20a%20premium%20Amazon%20KDP%20coloring%20book.?width=850&height=1100&model=flux&nologo=true&seed=1510365651
2026-05-28 16:15:32,842 [WARNING] __main__ — Attempt 2/3 failed for new_york_city_page_18.png: 402 Client Error: Payment Required for url: https://image.pollinations.ai/prompt/SCENE%3A%20Capybara%20discovers%20a%20New%20York%20City%20festival%20or%20cultural%20celebration%20and%20claps%20along%20excitedly.%0ACHARACTER%3A%20cute%20capybara%20mascot%2C%20soft%20rounded%20body%2C%20simple%20expressive%20eyes%2C%20tiny%20smiling%20mouth%2C%20blush%20cheeks%2C%20plush%20toy-like%20appearance%2C%20cozy%20travel%20outfit%20matching%20the%20destination%2C%20soft%20rounded%20paws%2C%20emotionally%20warm%20and%20friendly%2C%20consistent%20character%20across%20every%20image.%0ASETTING%3A%20iconic%20New%20York%20City%20location.%20Incorporate%20iconic%20New%20York%20City%20elements%3A%20Statue%20of%20Liberty%3B%20Central%20Park%3B%20Brooklyn%20Bridge%3B%20Times%20Square%3B%20skyline.%20Cultural%20details%20to%20include%3A%20pizza%3B%20bagels%3B%20coffee%3B%20pretzels%3B%20hot%20dogs.%0ASTYLE%3A%20black-and-white%20coloring%20book%20line%20art%20only%2C%20thick%20clean%20outlines%2C%20no%20shading%2C%20no%20grayscale%2C%20no%20crosshatching%2C%20no%20sketch%20texture%2C%20no%20dark%20fills%2C%20large%20open%20coloring%20spaces%2C%20minimal%20details%2C%20one%20clear%20activity%20per%20page%2C%20simple%20uncluttered%20composition%2C%20lots%20of%20white%20space%2C%20soft%20storybook%20feeling%2C%20cozy%20kawaii%20children%27s-book%20style%2C%20Sanrio-like%20emotional%20warmth.%0ARULES%3A%20No%20humans.%20Cute%20anthropomorphic%20animals%20only%20%28rabbits%2C%20cats%2C%20birds%2C%20ducks%2C%20foxes%2C%20pandas%2C%20turtles%2C%20deer%29.%20No%20fake%20text%20or%20signage.%20No%20crowded%20scenes.%20No%20complicated%20architecture.%20No%20tiny%20unreadable%20details.%20Vary%20the%20capybara%20pose%20and%20placement%20from%20nearby%20pages.%0AOVERALL%20FEEL%3A%20cozy%2C%20calming%2C%20emotionally%20comforting%2C%20wholesome%20kawaii%2C%20suitable%20for%20a%20premium%20Amazon%20KDP%20coloring%20book.?width=850&height=1100&model=flux&nologo=true&seed=399739119
2026-05-28 16:15:34,341 [WARNING] __main__ — Attempt 2/3 failed for new_york_city_page_19.png: 402 Client Error: Payment Required for url: https://image.pollinations.ai/prompt/SCENE%3A%20Capybara%20has%20a%20traditional%20New%20York%20City%20dinner%20at%20a%20local%20restaurant%2C%20using%20local%20utensils.%0ACHARACTER%3A%20cute%20capybara%20mascot%2C%20soft%20rounded%20body%2C%20simple%20expressive%20eyes%2C%20tiny%20smiling%20mouth%2C%20blush%20cheeks%2C%20plush%20toy-like%20appearance%2C%20cozy%20travel%20outfit%20matching%20the%20destination%2C%20soft%20rounded%20paws%2C%20emotionally%20warm%20and%20friendly%2C%20consistent%20character%20across%20every%20image.%0ASETTING%3A%20iconic%20New%20York%20City%20location.%20Incorporate%20iconic%20New%20York%20City%20elements%3A%20Statue%20of%20Liberty%3B%20Central%20Park%3B%20Brooklyn%20Bridge%3B%20Times%20Square%3B%20skyline.%20Cultural%20details%20to%20include%3A%20pizza%3B%20bagels%3B%20coffee%3B%20pretzels%3B%20hot%20dogs.%0ASTYLE%3A%20black-and-white%20coloring%20book%20line%20art%20only%2C%20thick%20clean%20outlines%2C%20no%20shading%2C%20no%20grayscale%2C%20no%20crosshatching%2C%20no%20sketch%20texture%2C%20no%20dark%20fills%2C%20large%20open%20coloring%20spaces%2C%20minimal%20details%2C%20one%20clear%20activity%20per%20page%2C%20simple%20uncluttered%20composition%2C%20lots%20of%20white%20space%2C%20soft%20storybook%20feeling%2C%20cozy%20kawaii%20children%27s-book%20style%2C%20Sanrio-like%20emotional%20warmth.%0ARULES%3A%20No%20humans.%20Cute%20anthropomorphic%20animals%20only%20%28rabbits%2C%20cats%2C%20birds%2C%20ducks%2C%20foxes%2C%20pandas%2C%20turtles%2C%20deer%29.%20No%20fake%20text%20or%20signage.%20No%20crowded%20scenes.%20No%20complicated%20architecture.%20No%20tiny%20unreadable%20details.%20Vary%20the%20capybara%20pose%20and%20placement%20from%20nearby%20pages.%0AOVERALL%20FEEL%3A%20cozy%2C%20calming%2C%20emotionally%20comforting%2C%20wholesome%20kawaii%2C%20suitable%20for%20a%20premium%20Amazon%20KDP%20coloring%20book.?width=850&height=1100&model=flux&nologo=true&seed=199079108
2026-05-28 16:15:37,128 [WARNING] __main__ — Attempt 3/3 failed for new_york_city_page_18.png: 402 Client Error: Payment Required for url: https://image.pollinations.ai/prompt/SCENE%3A%20Capybara%20discovers%20a%20New%20York%20City%20festival%20or%20cultural%20celebration%20and%20claps%20along%20excitedly.%0ACHARACTER%3A%20cute%20capybara%20mascot%2C%20soft%20rounded%20body%2C%20simple%20expressive%20eyes%2C%20tiny%20smiling%20mouth%2C%20blush%20cheeks%2C%20plush%20toy-like%20appearance%2C%20cozy%20travel%20outfit%20matching%20the%20destination%2C%20soft%20rounded%20paws%2C%20emotionally%20warm%20and%20friendly%2C%20consistent%20character%20across%20every%20image.%0ASETTING%3A%20iconic%20New%20York%20City%20location.%20Incorporate%20iconic%20New%20York%20City%20elements%3A%20Statue%20of%20Liberty%3B%20Central%20Park%3B%20Brooklyn%20Bridge%3B%20Times%20Square%3B%20skyline.%20Cultural%20details%20to%20include%3A%20pizza%3B%20bagels%3B%20coffee%3B%20pretzels%3B%20hot%20dogs.%0ASTYLE%3A%20black-and-white%20coloring%20book%20line%20art%20only%2C%20thick%20clean%20outlines%2C%20no%20shading%2C%20no%20grayscale%2C%20no%20crosshatching%2C%20no%20sketch%20texture%2C%20no%20dark%20fills%2C%20large%20open%20coloring%20spaces%2C%20minimal%20details%2C%20one%20clear%20activity%20per%20page%2C%20simple%20uncluttered%20composition%2C%20lots%20of%20white%20space%2C%20soft%20storybook%20feeling%2C%20cozy%20kawaii%20children%27s-book%20style%2C%20Sanrio-like%20emotional%20warmth.%0ARULES%3A%20No%20humans.%20Cute%20anthropomorphic%20animals%20only%20%28rabbits%2C%20cats%2C%20birds%2C%20ducks%2C%20foxes%2C%20pandas%2C%20turtles%2C%20deer%29.%20No%20fake%20text%20or%20signage.%20No%20crowded%20scenes.%20No%20complicated%20architecture.%20No%20tiny%20unreadable%20details.%20Vary%20the%20capybara%20pose%20and%20placement%20from%20nearby%20pages.%0AOVERALL%20FEEL%3A%20cozy%2C%20calming%2C%20emotionally%20comforting%2C%20wholesome%20kawaii%2C%20suitable%20for%20a%20premium%20Amazon%20KDP%20coloring%20book.?width=850&height=1100&model=flux&nologo=true&seed=399739119
2026-05-28 16:15:37,128 [INFO] __main__ — Generating page 20/30: evening_walk
2026-05-28 16:15:37,129 [ERROR] __main__ — Page 18 failed: 402 Client Error: Payment Required for url: https://image.pollinations.ai/prompt/SCENE%3A%20Capybara%20discovers%20a%20New%20York%20City%20festival%20or%20cultural%20celebration%20and%20claps%20along%20excitedly.%0ACHARACTER%3A%20cute%20capybara%20mascot%2C%20soft%20rounded%20body%2C%20simple%20expressive%20eyes%2C%20tiny%20smiling%20mouth%2C%20blush%20cheeks%2C%20plush%20toy-like%20appearance%2C%20cozy%20travel%20outfit%20matching%20the%20destination%2C%20soft%20rounded%20paws%2C%20emotionally%20warm%20and%20friendly%2C%20consistent%20character%20across%20every%20image.%0ASETTING%3A%20iconic%20New%20York%20City%20location.%20Incorporate%20iconic%20New%20York%20City%20elements%3A%20Statue%20of%20Liberty%3B%20Central%20Park%3B%20Brooklyn%20Bridge%3B%20Times%20Square%3B%20skyline.%20Cultural%20details%20to%20include%3A%20pizza%3B%20bagels%3B%20coffee%3B%20pretzels%3B%20hot%20dogs.%0ASTYLE%3A%20black-and-white%20coloring%20book%20line%20art%20only%2C%20thick%20clean%20outlines%2C%20no%20shading%2C%20no%20grayscale%2C%20no%20crosshatching%2C%20no%20sketch%20texture%2C%20no%20dark%20fills%2C%20large%20open%20coloring%20spaces%2C%20minimal%20details%2C%20one%20clear%20activity%20per%20page%2C%20simple%20uncluttered%20composition%2C%20lots%20of%20white%20space%2C%20soft%20storybook%20feeling%2C%20cozy%20kawaii%20children%27s-book%20style%2C%20Sanrio-like%20emotional%20warmth.%0ARULES%3A%20No%20humans.%20Cute%20anthropomorphic%20animals%20only%20%28rabbits%2C%20cats%2C%20birds%2C%20ducks%2C%20foxes%2C%20pandas%2C%20turtles%2C%20deer%29.%20No%20fake%20text%20or%20signage.%20No%20crowded%20scenes.%20No%20complicated%20architecture.%20No%20tiny%20unreadable%20details.%20Vary%20the%20capybara%20pose%20and%20placement%20from%20nearby%20pages.%0AOVERALL%20FEEL%3A%20cozy%2C%20calming%2C%20emotionally%20comforting%2C%20wholesome%20kawaii%2C%20suitable%20for%20a%20premium%20Amazon%20KDP%20coloring%20book.?width=850&height=1100&model=flux&nologo=true&seed=399739119
2026-05-28 16:15:37,149 [WARNING] __main__ — Attempt 3/3 failed for new_york_city_page_17.png: 402 Client Error: Payment Required for url: https://image.pollinations.ai/prompt/SCENE%3A%20Capybara%20enjoys%20an%20afternoon%20snack%20at%20a%20cozy%20New%20York%20City%20caf%C3%A9%2C%20warm%20drink%20in%20hand.%0ACHARACTER%3A%20cute%20capybara%20mascot%2C%20soft%20rounded%20body%2C%20simple%20expressive%20eyes%2C%20tiny%20smiling%20mouth%2C%20blush%20cheeks%2C%20plush%20toy-like%20appearance%2C%20cozy%20travel%20outfit%20matching%20the%20destination%2C%20soft%20rounded%20paws%2C%20emotionally%20warm%20and%20friendly%2C%20consistent%20character%20across%20every%20image.%0ASETTING%3A%20iconic%20New%20York%20City%20location.%20Incorporate%20iconic%20New%20York%20City%20elements%3A%20Statue%20of%20Liberty%3B%20Central%20Park%3B%20Brooklyn%20Bridge%3B%20Times%20Square%3B%20skyline.%20Cultural%20details%20to%20include%3A%20pizza%3B%20bagels%3B%20coffee%3B%20pretzels%3B%20hot%20dogs.%0ASTYLE%3A%20black-and-white%20coloring%20book%20line%20art%20only%2C%20thick%20clean%20outlines%2C%20no%20shading%2C%20no%20grayscale%2C%20no%20crosshatching%2C%20no%20sketch%20texture%2C%20no%20dark%20fills%2C%20large%20open%20coloring%20spaces%2C%20minimal%20details%2C%20one%20clear%20activity%20per%20page%2C%20simple%20uncluttered%20composition%2C%20lots%20of%20white%20space%2C%20soft%20storybook%20feeling%2C%20cozy%20kawaii%20children%27s-book%20style%2C%20Sanrio-like%20emotional%20warmth.%0ARULES%3A%20No%20humans.%20Cute%20anthropomorphic%20animals%20only%20%28rabbits%2C%20cats%2C%20birds%2C%20ducks%2C%20foxes%2C%20pandas%2C%20turtles%2C%20deer%29.%20No%20fake%20text%20or%20signage.%20No%20crowded%20scenes.%20No%20complicated%20architecture.%20No%20tiny%20unreadable%20details.%20Vary%20the%20capybara%20pose%20and%20placement%20from%20nearby%20pages.%0AOVERALL%20FEEL%3A%20cozy%2C%20calming%2C%20emotionally%20comforting%2C%20wholesome%20kawaii%2C%20suitable%20for%20a%20premium%20Amazon%20KDP%20coloring%20book.?width=850&height=1100&model=flux&nologo=true&seed=1510365651
2026-05-28 16:15:37,149 [INFO] __main__ — Generating page 21/30: museum
2026-05-28 16:15:37,149 [ERROR] __main__ — Page 17 failed: 402 Client Error: Payment Required for url: https://image.pollinations.ai/prompt/SCENE%3A%20Capybara%20enjoys%20an%20afternoon%20snack%20at%20a%20cozy%20New%20York%20City%20caf%C3%A9%2C%20warm%20drink%20in%20hand.%0ACHARACTER%3A%20cute%20capybara%20mascot%2C%20soft%20rounded%20body%2C%20simple%20expressive%20eyes%2C%20tiny%20smiling%20mouth%2C%20blush%20cheeks%2C%20plush%20toy-like%20appearance%2C%20cozy%20travel%20outfit%20matching%20the%20destination%2C%20soft%20rounded%20paws%2C%20emotionally%20warm%20and%20friendly%2C%20consistent%20character%20across%20every%20image.%0ASETTING%3A%20iconic%20New%20York%20City%20location.%20Incorporate%20iconic%20New%20York%20City%20elements%3A%20Statue%20of%20Liberty%3B%20Central%20Park%3B%20Brooklyn%20Bridge%3B%20Times%20Square%3B%20skyline.%20Cultural%20details%20to%20include%3A%20pizza%3B%20bagels%3B%20coffee%3B%20pretzels%3B%20hot%20dogs.%0ASTYLE%3A%20black-and-white%20coloring%20book%20line%20art%20only%2C%20thick%20clean%20outlines%2C%20no%20shading%2C%20no%20grayscale%2C%20no%20crosshatching%2C%20no%20sketch%20texture%2C%20no%20dark%20fills%2C%20large%20open%20coloring%20spaces%2C%20minimal%20details%2C%20one%20clear%20activity%20per%20page%2C%20simple%20uncluttered%20composition%2C%20lots%20of%20white%20space%2C%20soft%20storybook%20feeling%2C%20cozy%20kawaii%20children%27s-book%20style%2C%20Sanrio-like%20emotional%20warmth.%0ARULES%3A%20No%20humans.%20Cute%20anthropomorphic%20animals%20only%20%28rabbits%2C%20cats%2C%20birds%2C%20ducks%2C%20foxes%2C%20pandas%2C%20turtles%2C%20deer%29.%20No%20fake%20text%20or%20signage.%20No%20crowded%20scenes.%20No%20complicated%20architecture.%20No%20tiny%20unreadable%20details.%20Vary%20the%20capybara%20pose%20and%20placement%20from%20nearby%20pages.%0AOVERALL%20FEEL%3A%20cozy%2C%20calming%2C%20emotionally%20comforting%2C%20wholesome%20kawaii%2C%20suitable%20for%20a%20premium%20Amazon%20KDP%20coloring%20book.?width=850&height=1100&model=flux&nologo=true&seed=1510365651
2026-05-28 16:15:38,624 [WARNING] __main__ — Attempt 3/3 failed for new_york_city_page_19.png: 402 Client Error: Payment Required for url: https://image.pollinations.ai/prompt/SCENE%3A%20Capybara%20has%20a%20traditional%20New%20York%20City%20dinner%20at%20a%20local%20restaurant%2C%20using%20local%20utensils.%0ACHARACTER%3A%20cute%20capybara%20mascot%2C%20soft%20rounded%20body%2C%20simple%20expressive%20eyes%2C%20tiny%20smiling%20mouth%2C%20blush%20cheeks%2C%20plush%20toy-like%20appearance%2C%20cozy%20travel%20outfit%20matching%20the%20destination%2C%20soft%20rounded%20paws%2C%20emotionally%20warm%20and%20friendly%2C%20consistent%20character%20across%20every%20image.%0ASETTING%3A%20iconic%20New%20York%20City%20location.%20Incorporate%20iconic%20New%20York%20City%20elements%3A%20Statue%20of%20Liberty%3B%20Central%20Park%3B%20Brooklyn%20Bridge%3B%20Times%20Square%3B%20skyline.%20Cultural%20details%20to%20include%3A%20pizza%3B%20bagels%3B%20coffee%3B%20pretzels%3B%20hot%20dogs.%0ASTYLE%3A%20black-and-white%20coloring%20book%20line%20art%20only%2C%20thick%20clean%20outlines%2C%20no%20shading%2C%20no%20grayscale%2C%20no%20crosshatching%2C%20no%20sketch%20texture%2C%20no%20dark%20fills%2C%20large%20open%20coloring%20spaces%2C%20minimal%20details%2C%20one%20clear%20activity%20per%20page%2C%20simple%20uncluttered%20composition%2C%20lots%20of%20white%20space%2C%20soft%20storybook%20feeling%2C%20cozy%20kawaii%20children%27s-book%20style%2C%20Sanrio-like%20emotional%20warmth.%0ARULES%3A%20No%20humans.%20Cute%20anthropomorphic%20animals%20only%20%28rabbits%2C%20cats%2C%20birds%2C%20ducks%2C%20foxes%2C%20pandas%2C%20turtles%2C%20deer%29.%20No%20fake%20text%20or%20signage.%20No%20crowded%20scenes.%20No%20complicated%20architecture.%20No%20tiny%20unreadable%20details.%20Vary%20the%20capybara%20pose%20and%20placement%20from%20nearby%20pages.%0AOVERALL%20FEEL%3A%20cozy%2C%20calming%2C%20emotionally%20comforting%2C%20wholesome%20kawaii%2C%20suitable%20for%20a%20premium%20Amazon%20KDP%20coloring%20book.?width=850&height=1100&model=flux&nologo=true&seed=199079108
2026-05-28 16:15:38,625 [INFO] __main__ — Generating page 22/30: outdoor
2026-05-28 16:15:38,625 [ERROR] __main__ — Page 19 failed: 402 Client Error: Payment Required for url: https://image.pollinations.ai/prompt/SCENE%3A%20Capybara%20has%20a%20traditional%20New%20York%20City%20dinner%20at%20a%20local%20restaurant%2C%20using%20local%20utensils.%0ACHARACTER%3A%20cute%20capybara%20mascot%2C%20soft%20rounded%20body%2C%20simple%20expressive%20eyes%2C%20tiny%20smiling%20mouth%2C%20blush%20cheeks%2C%20plush%20toy-like%20appearance%2C%20cozy%20travel%20outfit%20matching%20the%20destination%2C%20soft%20rounded%20paws%2C%20emotionally%20warm%20and%20friendly%2C%20consistent%20character%20across%20every%20image.%0ASETTING%3A%20iconic%20New%20York%20City%20location.%20Incorporate%20iconic%20New%20York%20City%20elements%3A%20Statue%20of%20Liberty%3B%20Central%20Park%3B%20Brooklyn%20Bridge%3B%20Times%20Square%3B%20skyline.%20Cultural%20details%20to%20include%3A%20pizza%3B%20bagels%3B%20coffee%3B%20pretzels%3B%20hot%20dogs.%0ASTYLE%3A%20black-and-white%20coloring%20book%20line%20art%20only%2C%20thick%20clean%20outlines%2C%20no%20shading%2C%20no%20grayscale%2C%20no%20crosshatching%2C%20no%20sketch%20texture%2C%20no%20dark%20fills%2C%20large%20open%20coloring%20spaces%2C%20minimal%20details%2C%20one%20clear%20activity%20per%20page%2C%20simple%20uncluttered%20composition%2C%20lots%20of%20white%20space%2C%20soft%20storybook%20feeling%2C%20cozy%20kawaii%20children%27s-book%20style%2C%20Sanrio-like%20emotional%20warmth.%0ARULES%3A%20No%20humans.%20Cute%20anthropomorphic%20animals%20only%20%28rabbits%2C%20cats%2C%20birds%2C%20ducks%2C%20foxes%2C%20pandas%2C%20turtles%2C%20deer%29.%20No%20fake%20text%20or%20signage.%20No%20crowded%20scenes.%20No%20complicated%20architecture.%20No%20tiny%20unreadable%20details.%20Vary%20the%20capybara%20pose%20and%20placement%20from%20nearby%20pages.%0AOVERALL%20FEEL%3A%20cozy%2C%20calming%2C%20emotionally%20comforting%2C%20wholesome%20kawaii%2C%20suitable%20for%20a%20premium%20Amazon%20KDP%20coloring%20book.?width=850&height=1100&model=flux&nologo=true&seed=199079108
2026-05-28 16:15:38,633 [WARNING] __main__ — Attempt 1/3 failed for new_york_city_page_21.png: 402 Client Error: Payment Required for url: https://image.pollinations.ai/prompt/SCENE%3A%20Capybara%20visits%20a%20New%20York%20City%20museum%20or%20gallery%2C%20gazing%20at%20an%20interesting%20exhibit.%0ACHARACTER%3A%20cute%20capybara%20mascot%2C%20soft%20rounded%20body%2C%20simple%20expressive%20eyes%2C%20tiny%20smiling%20mouth%2C%20blush%20cheeks%2C%20plush%20toy-like%20appearance%2C%20cozy%20travel%20outfit%20matching%20the%20destination%2C%20soft%20rounded%20paws%2C%20emotionally%20warm%20and%20friendly%2C%20consistent%20character%20across%20every%20image.%0ASETTING%3A%20iconic%20New%20York%20City%20location.%20Incorporate%20iconic%20New%20York%20City%20elements%3A%20Statue%20of%20Liberty%3B%20Central%20Park%3B%20Brooklyn%20Bridge%3B%20Times%20Square%3B%20skyline.%20Cultural%20details%20to%20include%3A%20pizza%3B%20bagels%3B%20coffee%3B%20pretzels%3B%20hot%20dogs.%0ASTYLE%3A%20black-and-white%20coloring%20book%20line%20art%20only%2C%20thick%20clean%20outlines%2C%20no%20shading%2C%20no%20grayscale%2C%20no%20crosshatching%2C%20no%20sketch%20texture%2C%20no%20dark%20fills%2C%20large%20open%20coloring%20spaces%2C%20minimal%20details%2C%20one%20clear%20activity%20per%20page%2C%20simple%20uncluttered%20composition%2C%20lots%20of%20white%20space%2C%20soft%20storybook%20feeling%2C%20cozy%20kawaii%20children%27s-book%20style%2C%20Sanrio-like%20emotional%20warmth.%0ARULES%3A%20No%20humans.%20Cute%20anthropomorphic%20animals%20only%20%28rabbits%2C%20cats%2C%20birds%2C%20ducks%2C%20foxes%2C%20pandas%2C%20turtles%2C%20deer%29.%20No%20fake%20text%20or%20signage.%20No%20crowded%20scenes.%20No%20complicated%20architecture.%20No%20tiny%20unreadable%20details.%20Vary%20the%20capybara%20pose%20and%20placement%20from%20nearby%20pages.%0AOVERALL%20FEEL%3A%20cozy%2C%20calming%2C%20emotionally%20comforting%2C%20wholesome%20kawaii%2C%20suitable%20for%20a%20premium%20Amazon%20KDP%20coloring%20book.?width=850&height=1100&model=flux&nologo=true&seed=624713085
2026-05-28 16:15:38,642 [WARNING] __main__ — Attempt 1/3 failed for new_york_city_page_20.png: 402 Client Error: Payment Required for url: https://image.pollinations.ai/prompt/SCENE%3A%20Capybara%20strolls%20through%20a%20New%20York%20City%20evening%20market%20or%20riverside%20promenade%2C%20lantern%20in%20hand.%0ACHARACTER%3A%20cute%20capybara%20mascot%2C%20soft%20rounded%20body%2C%20simple%20expressive%20eyes%2C%20tiny%20smiling%20mouth%2C%20blush%20cheeks%2C%20plush%20toy-like%20appearance%2C%20cozy%20travel%20outfit%20matching%20the%20destination%2C%20soft%20rounded%20paws%2C%20emotionally%20warm%20and%20friendly%2C%20consistent%20character%20across%20every%20image.%0ASETTING%3A%20iconic%20New%20York%20City%20location.%20Incorporate%20iconic%20New%20York%20City%20elements%3A%20Statue%20of%20Liberty%3B%20Central%20Park%3B%20Brooklyn%20Bridge%3B%20Times%20Square%3B%20skyline.%20Cultural%20details%20to%20include%3A%20pizza%3B%20bagels%3B%20coffee%3B%20pretzels%3B%20hot%20dogs.%0ASTYLE%3A%20black-and-white%20coloring%20book%20line%20art%20only%2C%20thick%20clean%20outlines%2C%20no%20shading%2C%20no%20grayscale%2C%20no%20crosshatching%2C%20no%20sketch%20texture%2C%20no%20dark%20fills%2C%20large%20open%20coloring%20spaces%2C%20minimal%20details%2C%20one%20clear%20activity%20per%20page%2C%20simple%20uncluttered%20composition%2C%20lots%20of%20white%20space%2C%20soft%20storybook%20feeling%2C%20cozy%20kawaii%20children%27s-book%20style%2C%20Sanrio-like%20emotional%20warmth.%0ARULES%3A%20No%20humans.%20Cute%20anthropomorphic%20animals%20only%20%28rabbits%2C%20cats%2C%20birds%2C%20ducks%2C%20foxes%2C%20pandas%2C%20turtles%2C%20deer%29.%20No%20fake%20text%20or%20signage.%20No%20crowded%20scenes.%20No%20complicated%20architecture.%20No%20tiny%20unreadable%20details.%20Vary%20the%20capybara%20pose%20and%20placement%20from%20nearby%20pages.%0AOVERALL%20FEEL%3A%20cozy%2C%20calming%2C%20emotionally%20comforting%2C%20wholesome%20kawaii%2C%20suitable%20for%20a%20premium%20Amazon%20KDP%20coloring%20book.?width=850&height=1100&model=flux&nologo=true&seed=1715785407
2026-05-28 16:15:40,119 [WARNING] __main__ — Attempt 1/3 failed for new_york_city_page_22.png: 402 Client Error: Payment Required for url: https://image.pollinations.ai/prompt/SCENE%3A%20Capybara%20enjoys%20an%20outdoor%20adventure%20near%20New%20York%20City%3A%20a%20scenic%20nature%20walk%20or%20cycle%20ride.%0ACHARACTER%3A%20cute%20capybara%20mascot%2C%20soft%20rounded%20body%2C%20simple%20expressive%20eyes%2C%20tiny%20smiling%20mouth%2C%20blush%20cheeks%2C%20plush%20toy-like%20appearance%2C%20cozy%20travel%20outfit%20matching%20the%20destination%2C%20soft%20rounded%20paws%2C%20emotionally%20warm%20and%20friendly%2C%20consistent%20character%20across%20every%20image.%0ASETTING%3A%20iconic%20New%20York%20City%20location.%20Incorporate%20iconic%20New%20York%20City%20elements%3A%20Statue%20of%20Liberty%3B%20Central%20Park%3B%20Brooklyn%20Bridge%3B%20Times%20Square%3B%20skyline.%20Cultural%20details%20to%20include%3A%20pizza%3B%20bagels%3B%20coffee%3B%20pretzels%3B%20hot%20dogs.%0ASTYLE%3A%20black-and-white%20coloring%20book%20line%20art%20only%2C%20thick%20clean%20outlines%2C%20no%20shading%2C%20no%20grayscale%2C%20no%20crosshatching%2C%20no%20sketch%20texture%2C%20no%20dark%20fills%2C%20large%20open%20coloring%20spaces%2C%20minimal%20details%2C%20one%20clear%20activity%20per%20page%2C%20simple%20uncluttered%20composition%2C%20lots%20of%20white%20space%2C%20soft%20storybook%20feeling%2C%20cozy%20kawaii%20children%27s-book%20style%2C%20Sanrio-like%20emotional%20warmth.%0ARULES%3A%20No%20humans.%20Cute%20anthropomorphic%20animals%20only%20%28rabbits%2C%20cats%2C%20birds%2C%20ducks%2C%20foxes%2C%20pandas%2C%20turtles%2C%20deer%29.%20No%20fake%20text%20or%20signage.%20No%20crowded%20scenes.%20No%20complicated%20architecture.%20No%20tiny%20unreadable%20details.%20Vary%20the%20capybara%20pose%20and%20placement%20from%20nearby%20pages.%0AOVERALL%20FEEL%3A%20cozy%2C%20calming%2C%20emotionally%20comforting%2C%20wholesome%20kawaii%2C%20suitable%20for%20a%20premium%20Amazon%20KDP%20coloring%20book.?width=850&height=1100&model=flux&nologo=true&seed=32734618
2026-05-28 16:15:41,606 [WARNING] __main__ — Attempt 2/3 failed for new_york_city_page_21.png: 402 Client Error: Payment Required for url: https://image.pollinations.ai/prompt/SCENE%3A%20Capybara%20visits%20a%20New%20York%20City%20museum%20or%20gallery%2C%20gazing%20at%20an%20interesting%20exhibit.%0ACHARACTER%3A%20cute%20capybara%20mascot%2C%20soft%20rounded%20body%2C%20simple%20expressive%20eyes%2C%20tiny%20smiling%20mouth%2C%20blush%20cheeks%2C%20plush%20toy-like%20appearance%2C%20cozy%20travel%20outfit%20matching%20the%20destination%2C%20soft%20rounded%20paws%2C%20emotionally%20warm%20and%20friendly%2C%20consistent%20character%20across%20every%20image.%0ASETTING%3A%20iconic%20New%20York%20City%20location.%20Incorporate%20iconic%20New%20York%20City%20elements%3A%20Statue%20of%20Liberty%3B%20Central%20Park%3B%20Brooklyn%20Bridge%3B%20Times%20Square%3B%20skyline.%20Cultural%20details%20to%20include%3A%20pizza%3B%20bagels%3B%20coffee%3B%20pretzels%3B%20hot%20dogs.%0ASTYLE%3A%20black-and-white%20coloring%20book%20line%20art%20only%2C%20thick%20clean%20outlines%2C%20no%20shading%2C%20no%20grayscale%2C%20no%20crosshatching%2C%20no%20sketch%20texture%2C%20no%20dark%20fills%2C%20large%20open%20coloring%20spaces%2C%20minimal%20details%2C%20one%20clear%20activity%20per%20page%2C%20simple%20uncluttered%20composition%2C%20lots%20of%20white%20space%2C%20soft%20storybook%20feeling%2C%20cozy%20kawaii%20children%27s-book%20style%2C%20Sanrio-like%20emotional%20warmth.%0ARULES%3A%20No%20humans.%20Cute%20anthropomorphic%20animals%20only%20%28rabbits%2C%20cats%2C%20birds%2C%20ducks%2C%20foxes%2C%20pandas%2C%20turtles%2C%20deer%29.%20No%20fake%20text%20or%20signage.%20No%20crowded%20scenes.%20No%20complicated%20architecture.%20No%20tiny%20unreadable%20details.%20Vary%20the%20capybara%20pose%20and%20placement%20from%20nearby%20pages.%0AOVERALL%20FEEL%3A%20cozy%2C%20calming%2C%20emotionally%20comforting%2C%20wholesome%20kawaii%2C%20suitable%20for%20a%20premium%20Amazon%20KDP%20coloring%20book.?width=850&height=1100&model=flux&nologo=true&seed=624713085
2026-05-28 16:15:41,656 [WARNING] __main__ — Attempt 2/3 failed for new_york_city_page_20.png: 402 Client Error: Payment Required for url: https://image.pollinations.ai/prompt/SCENE%3A%20Capybara%20strolls%20through%20a%20New%20York%20City%20evening%20market%20or%20riverside%20promenade%2C%20lantern%20in%20hand.%0ACHARACTER%3A%20cute%20capybara%20mascot%2C%20soft%20rounded%20body%2C%20simple%20expressive%20eyes%2C%20tiny%20smiling%20mouth%2C%20blush%20cheeks%2C%20plush%20toy-like%20appearance%2C%20cozy%20travel%20outfit%20matching%20the%20destination%2C%20soft%20rounded%20paws%2C%20emotionally%20warm%20and%20friendly%2C%20consistent%20character%20across%20every%20image.%0ASETTING%3A%20iconic%20New%20York%20City%20location.%20Incorporate%20iconic%20New%20York%20City%20elements%3A%20Statue%20of%20Liberty%3B%20Central%20Park%3B%20Brooklyn%20Bridge%3B%20Times%20Square%3B%20skyline.%20Cultural%20details%20to%20include%3A%20pizza%3B%20bagels%3B%20coffee%3B%20pretzels%3B%20hot%20dogs.%0ASTYLE%3A%20black-and-white%20coloring%20book%20line%20art%20only%2C%20thick%20clean%20outlines%2C%20no%20shading%2C%20no%20grayscale%2C%20no%20crosshatching%2C%20no%20sketch%20texture%2C%20no%20dark%20fills%2C%20large%20open%20coloring%20spaces%2C%20minimal%20details%2C%20one%20clear%20activity%20per%20page%2C%20simple%20uncluttered%20composition%2C%20lots%20of%20white%20space%2C%20soft%20storybook%20feeling%2C%20cozy%20kawaii%20children%27s-book%20style%2C%20Sanrio-like%20emotional%20warmth.%0ARULES%3A%20No%20humans.%20Cute%20anthropomorphic%20animals%20only%20%28rabbits%2C%20cats%2C%20birds%2C%20ducks%2C%20foxes%2C%20pandas%2C%20turtles%2C%20deer%29.%20No%20fake%20text%20or%20signage.%20No%20crowded%20scenes.%20No%20complicated%20architecture.%20No%20tiny%20unreadable%20details.%20Vary%20the%20capybara%20pose%20and%20placement%20from%20nearby%20pages.%0AOVERALL%20FEEL%3A%20cozy%2C%20calming%2C%20emotionally%20comforting%2C%20wholesome%20kawaii%2C%20suitable%20for%20a%20premium%20Amazon%20KDP%20coloring%20book.?width=850&height=1100&model=flux&nologo=true&seed=1715785407
2026-05-28 16:15:43,147 [WARNING] __main__ — Attempt 2/3 failed for new_york_city_page_22.png: 402 Client Error: Payment Required for url: https://image.pollinations.ai/prompt/SCENE%3A%20Capybara%20enjoys%20an%20outdoor%20adventure%20near%20New%20York%20City%3A%20a%20scenic%20nature%20walk%20or%20cycle%20ride.%0ACHARACTER%3A%20cute%20capybara%20mascot%2C%20soft%20rounded%20body%2C%20simple%20expressive%20eyes%2C%20tiny%20smiling%20mouth%2C%20blush%20cheeks%2C%20plush%20toy-like%20appearance%2C%20cozy%20travel%20outfit%20matching%20the%20destination%2C%20soft%20rounded%20paws%2C%20emotionally%20warm%20and%20friendly%2C%20consistent%20character%20across%20every%20image.%0ASETTING%3A%20iconic%20New%20York%20City%20location.%20Incorporate%20iconic%20New%20York%20City%20elements%3A%20Statue%20of%20Liberty%3B%20Central%20Park%3B%20Brooklyn%20Bridge%3B%20Times%20Square%3B%20skyline.%20Cultural%20details%20to%20include%3A%20pizza%3B%20bagels%3B%20coffee%3B%20pretzels%3B%20hot%20dogs.%0ASTYLE%3A%20black-and-white%20coloring%20book%20line%20art%20only%2C%20thick%20clean%20outlines%2C%20no%20shading%2C%20no%20grayscale%2C%20no%20crosshatching%2C%20no%20sketch%20texture%2C%20no%20dark%20fills%2C%20large%20open%20coloring%20spaces%2C%20minimal%20details%2C%20one%20clear%20activity%20per%20page%2C%20simple%20uncluttered%20composition%2C%20lots%20of%20white%20space%2C%20soft%20storybook%20feeling%2C%20cozy%20kawaii%20children%27s-book%20style%2C%20Sanrio-like%20emotional%20warmth.%0ARULES%3A%20No%20humans.%20Cute%20anthropomorphic%20animals%20only%20%28rabbits%2C%20cats%2C%20birds%2C%20ducks%2C%20foxes%2C%20pandas%2C%20turtles%2C%20deer%29.%20No%20fake%20text%20or%20signage.%20No%20crowded%20scenes.%20No%20complicated%20architecture.%20No%20tiny%20unreadable%20details.%20Vary%20the%20capybara%20pose%20and%20placement%20from%20nearby%20pages.%0AOVERALL%20FEEL%3A%20cozy%2C%20calming%2C%20emotionally%20comforting%2C%20wholesome%20kawaii%2C%20suitable%20for%20a%20premium%20Amazon%20KDP%20coloring%20book.?width=850&height=1100&model=flux&nologo=true&seed=32734618
2026-05-28 16:15:45,908 [WARNING] __main__ — Attempt 3/3 failed for new_york_city_page_21.png: 402 Client Error: Payment Required for url: https://image.pollinations.ai/prompt/SCENE%3A%20Capybara%20visits%20a%20New%20York%20City%20museum%20or%20gallery%2C%20gazing%20at%20an%20interesting%20exhibit.%0ACHARACTER%3A%20cute%20capybara%20mascot%2C%20soft%20rounded%20body%2C%20simple%20expressive%20eyes%2C%20tiny%20smiling%20mouth%2C%20blush%20cheeks%2C%20plush%20toy-like%20appearance%2C%20cozy%20travel%20outfit%20matching%20the%20destination%2C%20soft%20rounded%20paws%2C%20emotionally%20warm%20and%20friendly%2C%20consistent%20character%20across%20every%20image.%0ASETTING%3A%20iconic%20New%20York%20City%20location.%20Incorporate%20iconic%20New%20York%20City%20elements%3A%20Statue%20of%20Liberty%3B%20Central%20Park%3B%20Brooklyn%20Bridge%3B%20Times%20Square%3B%20skyline.%20Cultural%20details%20to%20include%3A%20pizza%3B%20bagels%3B%20coffee%3B%20pretzels%3B%20hot%20dogs.%0ASTYLE%3A%20black-and-white%20coloring%20book%20line%20art%20only%2C%20thick%20clean%20outlines%2C%20no%20shading%2C%20no%20grayscale%2C%20no%20crosshatching%2C%20no%20sketch%20texture%2C%20no%20dark%20fills%2C%20large%20open%20coloring%20spaces%2C%20minimal%20details%2C%20one%20clear%20activity%20per%20page%2C%20simple%20uncluttered%20composition%2C%20lots%20of%20white%20space%2C%20soft%20storybook%20feeling%2C%20cozy%20kawaii%20children%27s-book%20style%2C%20Sanrio-like%20emotional%20warmth.%0ARULES%3A%20No%20humans.%20Cute%20anthropomorphic%20animals%20only%20%28rabbits%2C%20cats%2C%20birds%2C%20ducks%2C%20foxes%2C%20pandas%2C%20turtles%2C%20deer%29.%20No%20fake%20text%20or%20signage.%20No%20crowded%20scenes.%20No%20complicated%20architecture.%20No%20tiny%20unreadable%20details.%20Vary%20the%20capybara%20pose%20and%20placement%20from%20nearby%20pages.%0AOVERALL%20FEEL%3A%20cozy%2C%20calming%2C%20emotionally%20comforting%2C%20wholesome%20kawaii%2C%20suitable%20for%20a%20premium%20Amazon%20KDP%20coloring%20book.?width=850&height=1100&model=flux&nologo=true&seed=624713085
2026-05-28 16:15:45,908 [INFO] __main__ — Generating page 23/30: waterside
2026-05-28 16:15:45,908 [ERROR] __main__ — Page 21 failed: 402 Client Error: Payment Required for url: https://image.pollinations.ai/prompt/SCENE%3A%20Capybara%20visits%20a%20New%20York%20City%20museum%20or%20gallery%2C%20gazing%20at%20an%20interesting%20exhibit.%0ACHARACTER%3A%20cute%20capybara%20mascot%2C%20soft%20rounded%20body%2C%20simple%20expressive%20eyes%2C%20tiny%20smiling%20mouth%2C%20blush%20cheeks%2C%20plush%20toy-like%20appearance%2C%20cozy%20travel%20outfit%20matching%20the%20destination%2C%20soft%20rounded%20paws%2C%20emotionally%20warm%20and%20friendly%2C%20consistent%20character%20across%20every%20image.%0ASETTING%3A%20iconic%20New%20York%20City%20location.%20Incorporate%20iconic%20New%20York%20City%20elements%3A%20Statue%20of%20Liberty%3B%20Central%20Park%3B%20Brooklyn%20Bridge%3B%20Times%20Square%3B%20skyline.%20Cultural%20details%20to%20include%3A%20pizza%3B%20bagels%3B%20coffee%3B%20pretzels%3B%20hot%20dogs.%0ASTYLE%3A%20black-and-white%20coloring%20book%20line%20art%20only%2C%20thick%20clean%20outlines%2C%20no%20shading%2C%20no%20grayscale%2C%20no%20crosshatching%2C%20no%20sketch%20texture%2C%20no%20dark%20fills%2C%20large%20open%20coloring%20spaces%2C%20minimal%20details%2C%20one%20clear%20activity%20per%20page%2C%20simple%20uncluttered%20composition%2C%20lots%20of%20white%20space%2C%20soft%20storybook%20feeling%2C%20cozy%20kawaii%20children%27s-book%20style%2C%20Sanrio-like%20emotional%20warmth.%0ARULES%3A%20No%20humans.%20Cute%20anthropomorphic%20animals%20only%20%28rabbits%2C%20cats%2C%20birds%2C%20ducks%2C%20foxes%2C%20pandas%2C%20turtles%2C%20deer%29.%20No%20fake%20text%20or%20signage.%20No%20crowded%20scenes.%20No%20complicated%20architecture.%20No%20tiny%20unreadable%20details.%20Vary%20the%20capybara%20pose%20and%20placement%20from%20nearby%20pages.%0AOVERALL%20FEEL%3A%20cozy%2C%20calming%2C%20emotionally%20comforting%2C%20wholesome%20kawaii%2C%20suitable%20for%20a%20premium%20Amazon%20KDP%20coloring%20book.?width=850&height=1100&model=flux&nologo=true&seed=624713085
2026-05-28 16:15:45,947 [WARNING] __main__ — Attempt 3/3 failed for new_york_city_page_20.png: 402 Client Error: Payment Required for url: https://image.pollinations.ai/prompt/SCENE%3A%20Capybara%20strolls%20through%20a%20New%20York%20City%20evening%20market%20or%20riverside%20promenade%2C%20lantern%20in%20hand.%0ACHARACTER%3A%20cute%20capybara%20mascot%2C%20soft%20rounded%20body%2C%20simple%20expressive%20eyes%2C%20tiny%20smiling%20mouth%2C%20blush%20cheeks%2C%20plush%20toy-like%20appearance%2C%20cozy%20travel%20outfit%20matching%20the%20destination%2C%20soft%20rounded%20paws%2C%20emotionally%20warm%20and%20friendly%2C%20consistent%20character%20across%20every%20image.%0ASETTING%3A%20iconic%20New%20York%20City%20location.%20Incorporate%20iconic%20New%20York%20City%20elements%3A%20Statue%20of%20Liberty%3B%20Central%20Park%3B%20Brooklyn%20Bridge%3B%20Times%20Square%3B%20skyline.%20Cultural%20details%20to%20include%3A%20pizza%3B%20bagels%3B%20coffee%3B%20pretzels%3B%20hot%20dogs.%0ASTYLE%3A%20black-and-white%20coloring%20book%20line%20art%20only%2C%20thick%20clean%20outlines%2C%20no%20shading%2C%20no%20grayscale%2C%20no%20crosshatching%2C%20no%20sketch%20texture%2C%20no%20dark%20fills%2C%20large%20open%20coloring%20spaces%2C%20minimal%20details%2C%20one%20clear%20activity%20per%20page%2C%20simple%20uncluttered%20composition%2C%20lots%20of%20white%20space%2C%20soft%20storybook%20feeling%2C%20cozy%20kawaii%20children%27s-book%20style%2C%20Sanrio-like%20emotional%20warmth.%0ARULES%3A%20No%20humans.%20Cute%20anthropomorphic%20animals%20only%20%28rabbits%2C%20cats%2C%20birds%2C%20ducks%2C%20foxes%2C%20pandas%2C%20turtles%2C%20deer%29.%20No%20fake%20text%20or%20signage.%20No%20crowded%20scenes.%20No%20complicated%20architecture.%20No%20tiny%20unreadable%20details.%20Vary%20the%20capybara%20pose%20and%20placement%20from%20nearby%20pages.%0AOVERALL%20FEEL%3A%20cozy%2C%20calming%2C%20emotionally%20comforting%2C%20wholesome%20kawaii%2C%20suitable%20for%20a%20premium%20Amazon%20KDP%20coloring%20book.?width=850&height=1100&model=flux&nologo=true&seed=1715785407
2026-05-28 16:15:45,947 [INFO] __main__ — Generating page 24/30: sport
2026-05-28 16:15:45,948 [ERROR] __main__ — Page 20 failed: 402 Client Error: Payment Required for url: https://image.pollinations.ai/prompt/SCENE%3A%20Capybara%20strolls%20through%20a%20New%20York%20City%20evening%20market%20or%20riverside%20promenade%2C%20lantern%20in%20hand.%0ACHARACTER%3A%20cute%20capybara%20mascot%2C%20soft%20rounded%20body%2C%20simple%20expressive%20eyes%2C%20tiny%20smiling%20mouth%2C%20blush%20cheeks%2C%20plush%20toy-like%20appearance%2C%20cozy%20travel%20outfit%20matching%20the%20destination%2C%20soft%20rounded%20paws%2C%20emotionally%20warm%20and%20friendly%2C%20consistent%20character%20across%20every%20image.%0ASETTING%3A%20iconic%20New%20York%20City%20location.%20Incorporate%20iconic%20New%20York%20City%20elements%3A%20Statue%20of%20Liberty%3B%20Central%20Park%3B%20Brooklyn%20Bridge%3B%20Times%20Square%3B%20skyline.%20Cultural%20details%20to%20include%3A%20pizza%3B%20bagels%3B%20coffee%3B%20pretzels%3B%20hot%20dogs.%0ASTYLE%3A%20black-and-white%20coloring%20book%20line%20art%20only%2C%20thick%20clean%20outlines%2C%20no%20shading%2C%20no%20grayscale%2C%20no%20crosshatching%2C%20no%20sketch%20texture%2C%20no%20dark%20fills%2C%20large%20open%20coloring%20spaces%2C%20minimal%20details%2C%20one%20clear%20activity%20per%20page%2C%20simple%20uncluttered%20composition%2C%20lots%20of%20white%20space%2C%20soft%20storybook%20feeling%2C%20cozy%20kawaii%20children%27s-book%20style%2C%20Sanrio-like%20emotional%20warmth.%0ARULES%3A%20No%20humans.%20Cute%20anthropomorphic%20animals%20only%20%28rabbits%2C%20cats%2C%20birds%2C%20ducks%2C%20foxes%2C%20pandas%2C%20turtles%2C%20deer%29.%20No%20fake%20text%20or%20signage.%20No%20crowded%20scenes.%20No%20complicated%20architecture.%20No%20tiny%20unreadable%20details.%20Vary%20the%20capybara%20pose%20and%20placement%20from%20nearby%20pages.%0AOVERALL%20FEEL%3A%20cozy%2C%20calming%2C%20emotionally%20comforting%2C%20wholesome%20kawaii%2C%20suitable%20for%20a%20premium%20Amazon%20KDP%20coloring%20book.?width=850&height=1100&model=flux&nologo=true&seed=1715785407
2026-05-28 16:15:47,397 [WARNING] __main__ — Attempt 1/3 failed for new_york_city_page_23.png: 402 Client Error: Payment Required for url: https://image.pollinations.ai/prompt/SCENE%3A%20Capybara%20relaxes%20beside%20a%20New%20York%20City%20river%2C%20lake%2C%20or%20harbor%2C%20feet%20dangling%20over%20the%20edge.%0ACHARACTER%3A%20cute%20capybara%20mascot%2C%20soft%20rounded%20body%2C%20simple%20expressive%20eyes%2C%20tiny%20smiling%20mouth%2C%20blush%20cheeks%2C%20plush%20toy-like%20appearance%2C%20cozy%20travel%20outfit%20matching%20the%20destination%2C%20soft%20rounded%20paws%2C%20emotionally%20warm%20and%20friendly%2C%20consistent%20character%20across%20every%20image.%0ASETTING%3A%20iconic%20New%20York%20City%20location.%20Incorporate%20iconic%20New%20York%20City%20elements%3A%20Statue%20of%20Liberty%3B%20Central%20Park%3B%20Brooklyn%20Bridge%3B%20Times%20Square%3B%20skyline.%20Cultural%20details%20to%20include%3A%20pizza%3B%20bagels%3B%20coffee%3B%20pretzels%3B%20hot%20dogs.%0ASTYLE%3A%20black-and-white%20coloring%20book%20line%20art%20only%2C%20thick%20clean%20outlines%2C%20no%20shading%2C%20no%20grayscale%2C%20no%20crosshatching%2C%20no%20sketch%20texture%2C%20no%20dark%20fills%2C%20large%20open%20coloring%20spaces%2C%20minimal%20details%2C%20one%20clear%20activity%20per%20page%2C%20simple%20uncluttered%20composition%2C%20lots%20of%20white%20space%2C%20soft%20storybook%20feeling%2C%20cozy%20kawaii%20children%27s-book%20style%2C%20Sanrio-like%20emotional%20warmth.%0ARULES%3A%20No%20humans.%20Cute%20anthropomorphic%20animals%20only%20%28rabbits%2C%20cats%2C%20birds%2C%20ducks%2C%20foxes%2C%20pandas%2C%20turtles%2C%20deer%29.%20No%20fake%20text%20or%20signage.%20No%20crowded%20scenes.%20No%20complicated%20architecture.%20No%20tiny%20unreadable%20details.%20Vary%20the%20capybara%20pose%20and%20placement%20from%20nearby%20pages.%0AOVERALL%20FEEL%3A%20cozy%2C%20calming%2C%20emotionally%20comforting%2C%20wholesome%20kawaii%2C%20suitable%20for%20a%20premium%20Amazon%20KDP%20coloring%20book.?width=850&height=1100&model=flux&nologo=true&seed=319467444
2026-05-28 16:15:47,454 [WARNING] __main__ — Attempt 1/3 failed for new_york_city_page_24.png: 402 Client Error: Payment Required for url: https://image.pollinations.ai/prompt/SCENE%3A%20Capybara%20enthusiastically%20tries%20a%20traditional%20New%20York%20City%20sport%20or%20outdoor%20game.%0ACHARACTER%3A%20cute%20capybara%20mascot%2C%20soft%20rounded%20body%2C%20simple%20expressive%20eyes%2C%20tiny%20smiling%20mouth%2C%20blush%20cheeks%2C%20plush%20toy-like%20appearance%2C%20cozy%20travel%20outfit%20matching%20the%20destination%2C%20soft%20rounded%20paws%2C%20emotionally%20warm%20and%20friendly%2C%20consistent%20character%20across%20every%20image.%0ASETTING%3A%20iconic%20New%20York%20City%20location.%20Incorporate%20iconic%20New%20York%20City%20elements%3A%20Statue%20of%20Liberty%3B%20Central%20Park%3B%20Brooklyn%20Bridge%3B%20Times%20Square%3B%20skyline.%20Cultural%20details%20to%20include%3A%20pizza%3B%20bagels%3B%20coffee%3B%20pretzels%3B%20hot%20dogs.%0ASTYLE%3A%20black-and-white%20coloring%20book%20line%20art%20only%2C%20thick%20clean%20outlines%2C%20no%20shading%2C%20no%20grayscale%2C%20no%20crosshatching%2C%20no%20sketch%20texture%2C%20no%20dark%20fills%2C%20large%20open%20coloring%20spaces%2C%20minimal%20details%2C%20one%20clear%20activity%20per%20page%2C%20simple%20uncluttered%20composition%2C%20lots%20of%20white%20space%2C%20soft%20storybook%20feeling%2C%20cozy%20kawaii%20children%27s-book%20style%2C%20Sanrio-like%20emotional%20warmth.%0ARULES%3A%20No%20humans.%20Cute%20anthropomorphic%20animals%20only%20%28rabbits%2C%20cats%2C%20birds%2C%20ducks%2C%20foxes%2C%20pandas%2C%20turtles%2C%20deer%29.%20No%20fake%20text%20or%20signage.%20No%20crowded%20scenes.%20No%20complicated%20architecture.%20No%20tiny%20unreadable%20details.%20Vary%20the%20capybara%20pose%20and%20placement%20from%20nearby%20pages.%0AOVERALL%20FEEL%3A%20cozy%2C%20calming%2C%20emotionally%20comforting%2C%20wholesome%20kawaii%2C%20suitable%20for%20a%20premium%20Amazon%20KDP%20coloring%20book.?width=850&height=1100&model=flux&nologo=true&seed=1810989980
2026-05-28 16:15:47,460 [WARNING] __main__ — Attempt 3/3 failed for new_york_city_page_22.png: 402 Client Error: Payment Required for url: https://image.pollinations.ai/prompt/SCENE%3A%20Capybara%20enjoys%20an%20outdoor%20adventure%20near%20New%20York%20City%3A%20a%20scenic%20nature%20walk%20or%20cycle%20ride.%0ACHARACTER%3A%20cute%20capybara%20mascot%2C%20soft%20rounded%20body%2C%20simple%20expressive%20eyes%2C%20tiny%20smiling%20mouth%2C%20blush%20cheeks%2C%20plush%20toy-like%20appearance%2C%20cozy%20travel%20outfit%20matching%20the%20destination%2C%20soft%20rounded%20paws%2C%20emotionally%20warm%20and%20friendly%2C%20consistent%20character%20across%20every%20image.%0ASETTING%3A%20iconic%20New%20York%20City%20location.%20Incorporate%20iconic%20New%20York%20City%20elements%3A%20Statue%20of%20Liberty%3B%20Central%20Park%3B%20Brooklyn%20Bridge%3B%20Times%20Square%3B%20skyline.%20Cultural%20details%20to%20include%3A%20pizza%3B%20bagels%3B%20coffee%3B%20pretzels%3B%20hot%20dogs.%0ASTYLE%3A%20black-and-white%20coloring%20book%20line%20art%20only%2C%20thick%20clean%20outlines%2C%20no%20shading%2C%20no%20grayscale%2C%20no%20crosshatching%2C%20no%20sketch%20texture%2C%20no%20dark%20fills%2C%20large%20open%20coloring%20spaces%2C%20minimal%20details%2C%20one%20clear%20activity%20per%20page%2C%20simple%20uncluttered%20composition%2C%20lots%20of%20white%20space%2C%20soft%20storybook%20feeling%2C%20cozy%20kawaii%20children%27s-book%20style%2C%20Sanrio-like%20emotional%20warmth.%0ARULES%3A%20No%20humans.%20Cute%20anthropomorphic%20animals%20only%20%28rabbits%2C%20cats%2C%20birds%2C%20ducks%2C%20foxes%2C%20pandas%2C%20turtles%2C%20deer%29.%20No%20fake%20text%20or%20signage.%20No%20crowded%20scenes.%20No%20complicated%20architecture.%20No%20tiny%20unreadable%20details.%20Vary%20the%20capybara%20pose%20and%20placement%20from%20nearby%20pages.%0AOVERALL%20FEEL%3A%20cozy%2C%20calming%2C%20emotionally%20comforting%2C%20wholesome%20kawaii%2C%20suitable%20for%20a%20premium%20Amazon%20KDP%20coloring%20book.?width=850&height=1100&model=flux&nologo=true&seed=32734618
2026-05-28 16:15:47,461 [INFO] __main__ — Generating page 25/30: art_market
2026-05-28 16:15:47,461 [ERROR] __main__ — Page 22 failed: 402 Client Error: Payment Required for url: https://image.pollinations.ai/prompt/SCENE%3A%20Capybara%20enjoys%20an%20outdoor%20adventure%20near%20New%20York%20City%3A%20a%20scenic%20nature%20walk%20or%20cycle%20ride.%0ACHARACTER%3A%20cute%20capybara%20mascot%2C%20soft%20rounded%20body%2C%20simple%20expressive%20eyes%2C%20tiny%20smiling%20mouth%2C%20blush%20cheeks%2C%20plush%20toy-like%20appearance%2C%20cozy%20travel%20outfit%20matching%20the%20destination%2C%20soft%20rounded%20paws%2C%20emotionally%20warm%20and%20friendly%2C%20consistent%20character%20across%20every%20image.%0ASETTING%3A%20iconic%20New%20York%20City%20location.%20Incorporate%20iconic%20New%20York%20City%20elements%3A%20Statue%20of%20Liberty%3B%20Central%20Park%3B%20Brooklyn%20Bridge%3B%20Times%20Square%3B%20skyline.%20Cultural%20details%20to%20include%3A%20pizza%3B%20bagels%3B%20coffee%3B%20pretzels%3B%20hot%20dogs.%0ASTYLE%3A%20black-and-white%20coloring%20book%20line%20art%20only%2C%20thick%20clean%20outlines%2C%20no%20shading%2C%20no%20grayscale%2C%20no%20crosshatching%2C%20no%20sketch%20texture%2C%20no%20dark%20fills%2C%20large%20open%20coloring%20spaces%2C%20minimal%20details%2C%20one%20clear%20activity%20per%20page%2C%20simple%20uncluttered%20composition%2C%20lots%20of%20white%20space%2C%20soft%20storybook%20feeling%2C%20cozy%20kawaii%20children%27s-book%20style%2C%20Sanrio-like%20emotional%20warmth.%0ARULES%3A%20No%20humans.%20Cute%20anthropomorphic%20animals%20only%20%28rabbits%2C%20cats%2C%20birds%2C%20ducks%2C%20foxes%2C%20pandas%2C%20turtles%2C%20deer%29.%20No%20fake%20text%20or%20signage.%20No%20crowded%20scenes.%20No%20complicated%20architecture.%20No%20tiny%20unreadable%20details.%20Vary%20the%20capybara%20pose%20and%20placement%20from%20nearby%20pages.%0AOVERALL%20FEEL%3A%20cozy%2C%20calming%2C%20emotionally%20comforting%2C%20wholesome%20kawaii%2C%20suitable%20for%20a%20premium%20Amazon%20KDP%20coloring%20book.?width=850&height=1100&model=flux&nologo=true&seed=32734618
2026-05-28 16:15:48,994 [WARNING] __main__ — Attempt 1/3 failed for new_york_city_page_25.png: 402 Client Error: Payment Required for url: https://image.pollinations.ai/prompt/SCENE%3A%20Capybara%20browses%20a%20New%20York%20City%20handcraft%20or%20art%20market%2C%20admiring%20hand-made%20items.%0ACHARACTER%3A%20cute%20capybara%20mascot%2C%20soft%20rounded%20body%2C%20simple%20expressive%20eyes%2C%20tiny%20smiling%20mouth%2C%20blush%20cheeks%2C%20plush%20toy-like%20appearance%2C%20cozy%20travel%20outfit%20matching%20the%20destination%2C%20soft%20rounded%20paws%2C%20emotionally%20warm%20and%20friendly%2C%20consistent%20character%20across%20every%20image.%0ASETTING%3A%20iconic%20New%20York%20City%20location.%20Incorporate%20iconic%20New%20York%20City%20elements%3A%20Statue%20of%20Liberty%3B%20Central%20Park%3B%20Brooklyn%20Bridge%3B%20Times%20Square%3B%20skyline.%20Cultural%20details%20to%20include%3A%20pizza%3B%20bagels%3B%20coffee%3B%20pretzels%3B%20hot%20dogs.%0ASTYLE%3A%20black-and-white%20coloring%20book%20line%20art%20only%2C%20thick%20clean%20outlines%2C%20no%20shading%2C%20no%20grayscale%2C%20no%20crosshatching%2C%20no%20sketch%20texture%2C%20no%20dark%20fills%2C%20large%20open%20coloring%20spaces%2C%20minimal%20details%2C%20one%20clear%20activity%20per%20page%2C%20simple%20uncluttered%20composition%2C%20lots%20of%20white%20space%2C%20soft%20storybook%20feeling%2C%20cozy%20kawaii%20children%27s-book%20style%2C%20Sanrio-like%20emotional%20warmth.%0ARULES%3A%20No%20humans.%20Cute%20anthropomorphic%20animals%20only%20%28rabbits%2C%20cats%2C%20birds%2C%20ducks%2C%20foxes%2C%20pandas%2C%20turtles%2C%20deer%29.%20No%20fake%20text%20or%20signage.%20No%20crowded%20scenes.%20No%20complicated%20architecture.%20No%20tiny%20unreadable%20details.%20Vary%20the%20capybara%20pose%20and%20placement%20from%20nearby%20pages.%0AOVERALL%20FEEL%3A%20cozy%2C%20calming%2C%20emotionally%20comforting%2C%20wholesome%20kawaii%2C%20suitable%20for%20a%20premium%20Amazon%20KDP%20coloring%20book.?width=850&height=1100&model=flux&nologo=true&seed=649471041
2026-05-28 16:15:50,488 [WARNING] __main__ — Attempt 2/3 failed for new_york_city_page_24.png: 402 Client Error: Payment Required for url: https://image.pollinations.ai/prompt/SCENE%3A%20Capybara%20enthusiastically%20tries%20a%20traditional%20New%20York%20City%20sport%20or%20outdoor%20game.%0ACHARACTER%3A%20cute%20capybara%20mascot%2C%20soft%20rounded%20body%2C%20simple%20expressive%20eyes%2C%20tiny%20smiling%20mouth%2C%20blush%20cheeks%2C%20plush%20toy-like%20appearance%2C%20cozy%20travel%20outfit%20matching%20the%20destination%2C%20soft%20rounded%20paws%2C%20emotionally%20warm%20and%20friendly%2C%20consistent%20character%20across%20every%20image.%0ASETTING%3A%20iconic%20New%20York%20City%20location.%20Incorporate%20iconic%20New%20York%20City%20elements%3A%20Statue%20of%20Liberty%3B%20Central%20Park%3B%20Brooklyn%20Bridge%3B%20Times%20Square%3B%20skyline.%20Cultural%20details%20to%20include%3A%20pizza%3B%20bagels%3B%20coffee%3B%20pretzels%3B%20hot%20dogs.%0ASTYLE%3A%20black-and-white%20coloring%20book%20line%20art%20only%2C%20thick%20clean%20outlines%2C%20no%20shading%2C%20no%20grayscale%2C%20no%20crosshatching%2C%20no%20sketch%20texture%2C%20no%20dark%20fills%2C%20large%20open%20coloring%20spaces%2C%20minimal%20details%2C%20one%20clear%20activity%20per%20page%2C%20simple%20uncluttered%20composition%2C%20lots%20of%20white%20space%2C%20soft%20storybook%20feeling%2C%20cozy%20kawaii%20children%27s-book%20style%2C%20Sanrio-like%20emotional%20warmth.%0ARULES%3A%20No%20humans.%20Cute%20anthropomorphic%20animals%20only%20%28rabbits%2C%20cats%2C%20birds%2C%20ducks%2C%20foxes%2C%20pandas%2C%20turtles%2C%20deer%29.%20No%20fake%20text%20or%20signage.%20No%20crowded%20scenes.%20No%20complicated%20architecture.%20No%20tiny%20unreadable%20details.%20Vary%20the%20capybara%20pose%20and%20placement%20from%20nearby%20pages.%0AOVERALL%20FEEL%3A%20cozy%2C%20calming%2C%20emotionally%20comforting%2C%20wholesome%20kawaii%2C%20suitable%20for%20a%20premium%20Amazon%20KDP%20coloring%20book.?width=850&height=1100&model=flux&nologo=true&seed=1810989980
2026-05-28 16:15:50,507 [WARNING] __main__ — Attempt 2/3 failed for new_york_city_page_23.png: 402 Client Error: Payment Required for url: https://image.pollinations.ai/prompt/SCENE%3A%20Capybara%20relaxes%20beside%20a%20New%20York%20City%20river%2C%20lake%2C%20or%20harbor%2C%20feet%20dangling%20over%20the%20edge.%0ACHARACTER%3A%20cute%20capybara%20mascot%2C%20soft%20rounded%20body%2C%20simple%20expressive%20eyes%2C%20tiny%20smiling%20mouth%2C%20blush%20cheeks%2C%20plush%20toy-like%20appearance%2C%20cozy%20travel%20outfit%20matching%20the%20destination%2C%20soft%20rounded%20paws%2C%20emotionally%20warm%20and%20friendly%2C%20consistent%20character%20across%20every%20image.%0ASETTING%3A%20iconic%20New%20York%20City%20location.%20Incorporate%20iconic%20New%20York%20City%20elements%3A%20Statue%20of%20Liberty%3B%20Central%20Park%3B%20Brooklyn%20Bridge%3B%20Times%20Square%3B%20skyline.%20Cultural%20details%20to%20include%3A%20pizza%3B%20bagels%3B%20coffee%3B%20pretzels%3B%20hot%20dogs.%0ASTYLE%3A%20black-and-white%20coloring%20book%20line%20art%20only%2C%20thick%20clean%20outlines%2C%20no%20shading%2C%20no%20grayscale%2C%20no%20crosshatching%2C%20no%20sketch%20texture%2C%20no%20dark%20fills%2C%20large%20open%20coloring%20spaces%2C%20minimal%20details%2C%20one%20clear%20activity%20per%20page%2C%20simple%20uncluttered%20composition%2C%20lots%20of%20white%20space%2C%20soft%20storybook%20feeling%2C%20cozy%20kawaii%20children%27s-book%20style%2C%20Sanrio-like%20emotional%20warmth.%0ARULES%3A%20No%20humans.%20Cute%20anthropomorphic%20animals%20only%20%28rabbits%2C%20cats%2C%20birds%2C%20ducks%2C%20foxes%2C%20pandas%2C%20turtles%2C%20deer%29.%20No%20fake%20text%20or%20signage.%20No%20crowded%20scenes.%20No%20complicated%20architecture.%20No%20tiny%20unreadable%20details.%20Vary%20the%20capybara%20pose%20and%20placement%20from%20nearby%20pages.%0AOVERALL%20FEEL%3A%20cozy%2C%20calming%2C%20emotionally%20comforting%2C%20wholesome%20kawaii%2C%20suitable%20for%20a%20premium%20Amazon%20KDP%20coloring%20book.?width=850&height=1100&model=flux&nologo=true&seed=319467444
2026-05-28 16:15:52,067 [WARNING] __main__ — Attempt 2/3 failed for new_york_city_page_25.png: 402 Client Error: Payment Required for url: https://image.pollinations.ai/prompt/SCENE%3A%20Capybara%20browses%20a%20New%20York%20City%20handcraft%20or%20art%20market%2C%20admiring%20hand-made%20items.%0ACHARACTER%3A%20cute%20capybara%20mascot%2C%20soft%20rounded%20body%2C%20simple%20expressive%20eyes%2C%20tiny%20smiling%20mouth%2C%20blush%20cheeks%2C%20plush%20toy-like%20appearance%2C%20cozy%20travel%20outfit%20matching%20the%20destination%2C%20soft%20rounded%20paws%2C%20emotionally%20warm%20and%20friendly%2C%20consistent%20character%20across%20every%20image.%0ASETTING%3A%20iconic%20New%20York%20City%20location.%20Incorporate%20iconic%20New%20York%20City%20elements%3A%20Statue%20of%20Liberty%3B%20Central%20Park%3B%20Brooklyn%20Bridge%3B%20Times%20Square%3B%20skyline.%20Cultural%20details%20to%20include%3A%20pizza%3B%20bagels%3B%20coffee%3B%20pretzels%3B%20hot%20dogs.%0ASTYLE%3A%20black-and-white%20coloring%20book%20line%20art%20only%2C%20thick%20clean%20outlines%2C%20no%20shading%2C%20no%20grayscale%2C%20no%20crosshatching%2C%20no%20sketch%20texture%2C%20no%20dark%20fills%2C%20large%20open%20coloring%20spaces%2C%20minimal%20details%2C%20one%20clear%20activity%20per%20page%2C%20simple%20uncluttered%20composition%2C%20lots%20of%20white%20space%2C%20soft%20storybook%20feeling%2C%20cozy%20kawaii%20children%27s-book%20style%2C%20Sanrio-like%20emotional%20warmth.%0ARULES%3A%20No%20humans.%20Cute%20anthropomorphic%20animals%20only%20%28rabbits%2C%20cats%2C%20birds%2C%20ducks%2C%20foxes%2C%20pandas%2C%20turtles%2C%20deer%29.%20No%20fake%20text%20or%20signage.%20No%20crowded%20scenes.%20No%20complicated%20architecture.%20No%20tiny%20unreadable%20details.%20Vary%20the%20capybara%20pose%20and%20placement%20from%20nearby%20pages.%0AOVERALL%20FEEL%3A%20cozy%2C%20calming%2C%20emotionally%20comforting%2C%20wholesome%20kawaii%2C%20suitable%20for%20a%20premium%20Amazon%20KDP%20coloring%20book.?width=850&height=1100&model=flux&nologo=true&seed=649471041
2026-05-28 16:15:54,486 [INFO] __main__ — Generating page 26/30: celebration
2026-05-28 16:15:55,934 [WARNING] __main__ — Attempt 3/3 failed for new_york_city_page_24.png: 402 Client Error: Payment Required for url: https://image.pollinations.ai/prompt/SCENE%3A%20Capybara%20enthusiastically%20tries%20a%20traditional%20New%20York%20City%20sport%20or%20outdoor%20game.%0ACHARACTER%3A%20cute%20capybara%20mascot%2C%20soft%20rounded%20body%2C%20simple%20expressive%20eyes%2C%20tiny%20smiling%20mouth%2C%20blush%20cheeks%2C%20plush%20toy-like%20appearance%2C%20cozy%20travel%20outfit%20matching%20the%20destination%2C%20soft%20rounded%20paws%2C%20emotionally%20warm%20and%20friendly%2C%20consistent%20character%20across%20every%20image.%0ASETTING%3A%20iconic%20New%20York%20City%20location.%20Incorporate%20iconic%20New%20York%20City%20elements%3A%20Statue%20of%20Liberty%3B%20Central%20Park%3B%20Brooklyn%20Bridge%3B%20Times%20Square%3B%20skyline.%20Cultural%20details%20to%20include%3A%20pizza%3B%20bagels%3B%20coffee%3B%20pretzels%3B%20hot%20dogs.%0ASTYLE%3A%20black-and-white%20coloring%20book%20line%20art%20only%2C%20thick%20clean%20outlines%2C%20no%20shading%2C%20no%20grayscale%2C%20no%20crosshatching%2C%20no%20sketch%20texture%2C%20no%20dark%20fills%2C%20large%20open%20coloring%20spaces%2C%20minimal%20details%2C%20one%20clear%20activity%20per%20page%2C%20simple%20uncluttered%20composition%2C%20lots%20of%20white%20space%2C%20soft%20storybook%20feeling%2C%20cozy%20kawaii%20children%27s-book%20style%2C%20Sanrio-like%20emotional%20warmth.%0ARULES%3A%20No%20humans.%20Cute%20anthropomorphic%20animals%20only%20%28rabbits%2C%20cats%2C%20birds%2C%20ducks%2C%20foxes%2C%20pandas%2C%20turtles%2C%20deer%29.%20No%20fake%20text%20or%20signage.%20No%20crowded%20scenes.%20No%20complicated%20architecture.%20No%20tiny%20unreadable%20details.%20Vary%20the%20capybara%20pose%20and%20placement%20from%20nearby%20pages.%0AOVERALL%20FEEL%3A%20cozy%2C%20calming%2C%20emotionally%20comforting%2C%20wholesome%20kawaii%2C%20suitable%20for%20a%20premium%20Amazon%20KDP%20coloring%20book.?width=850&height=1100&model=flux&nologo=true&seed=1810989980
2026-05-28 16:15:55,935 [INFO] __main__ — Generating page 27/30: new_friends
2026-05-28 16:15:55,935 [WARNING] __main__ — Attempt 1/3 failed for new_york_city_page_26.png: 402 Client Error: Payment Required for url: https://image.pollinations.ai/prompt/SCENE%3A%20Capybara%20joins%20a%20local%20New%20York%20City%20seasonal%20tradition%20or%20community%20celebration.%0ACHARACTER%3A%20cute%20capybara%20mascot%2C%20soft%20rounded%20body%2C%20simple%20expressive%20eyes%2C%20tiny%20smiling%20mouth%2C%20blush%20cheeks%2C%20plush%20toy-like%20appearance%2C%20cozy%20travel%20outfit%20matching%20the%20destination%2C%20soft%20rounded%20paws%2C%20emotionally%20warm%20and%20friendly%2C%20consistent%20character%20across%20every%20image.%0ASETTING%3A%20iconic%20New%20York%20City%20location.%20Incorporate%20iconic%20New%20York%20City%20elements%3A%20Statue%20of%20Liberty%3B%20Central%20Park%3B%20Brooklyn%20Bridge%3B%20Times%20Square%3B%20skyline.%20Cultural%20details%20to%20include%3A%20pizza%3B%20bagels%3B%20coffee%3B%20pretzels%3B%20hot%20dogs.%0ASTYLE%3A%20black-and-white%20coloring%20book%20line%20art%20only%2C%20thick%20clean%20outlines%2C%20no%20shading%2C%20no%20grayscale%2C%20no%20crosshatching%2C%20no%20sketch%20texture%2C%20no%20dark%20fills%2C%20large%20open%20coloring%20spaces%2C%20minimal%20details%2C%20one%20clear%20activity%20per%20page%2C%20simple%20uncluttered%20composition%2C%20lots%20of%20white%20space%2C%20soft%20storybook%20feeling%2C%20cozy%20kawaii%20children%27s-book%20style%2C%20Sanrio-like%20emotional%20warmth.%0ARULES%3A%20No%20humans.%20Cute%20anthropomorphic%20animals%20only%20%28rabbits%2C%20cats%2C%20birds%2C%20ducks%2C%20foxes%2C%20pandas%2C%20turtles%2C%20deer%29.%20No%20fake%20text%20or%20signage.%20No%20crowded%20scenes.%20No%20complicated%20architecture.%20No%20tiny%20unreadable%20details.%20Vary%20the%20capybara%20pose%20and%20placement%20from%20nearby%20pages.%0AOVERALL%20FEEL%3A%20cozy%2C%20calming%2C%20emotionally%20comforting%2C%20wholesome%20kawaii%2C%20suitable%20for%20a%20premium%20Amazon%20KDP%20coloring%20book.?width=850&height=1100&model=flux&nologo=true&seed=538712985
2026-05-28 16:15:55,935 [ERROR] __main__ — Page 24 failed: 402 Client Error: Payment Required for url: https://image.pollinations.ai/prompt/SCENE%3A%20Capybara%20enthusiastically%20tries%20a%20traditional%20New%20York%20City%20sport%20or%20outdoor%20game.%0ACHARACTER%3A%20cute%20capybara%20mascot%2C%20soft%20rounded%20body%2C%20simple%20expressive%20eyes%2C%20tiny%20smiling%20mouth%2C%20blush%20cheeks%2C%20plush%20toy-like%20appearance%2C%20cozy%20travel%20outfit%20matching%20the%20destination%2C%20soft%20rounded%20paws%2C%20emotionally%20warm%20and%20friendly%2C%20consistent%20character%20across%20every%20image.%0ASETTING%3A%20iconic%20New%20York%20City%20location.%20Incorporate%20iconic%20New%20York%20City%20elements%3A%20Statue%20of%20Liberty%3B%20Central%20Park%3B%20Brooklyn%20Bridge%3B%20Times%20Square%3B%20skyline.%20Cultural%20details%20to%20include%3A%20pizza%3B%20bagels%3B%20coffee%3B%20pretzels%3B%20hot%20dogs.%0ASTYLE%3A%20black-and-white%20coloring%20book%20line%20art%20only%2C%20thick%20clean%20outlines%2C%20no%20shading%2C%20no%20grayscale%2C%20no%20crosshatching%2C%20no%20sketch%20texture%2C%20no%20dark%20fills%2C%20large%20open%20coloring%20spaces%2C%20minimal%20details%2C%20one%20clear%20activity%20per%20page%2C%20simple%20uncluttered%20composition%2C%20lots%20of%20white%20space%2C%20soft%20storybook%20feeling%2C%20cozy%20kawaii%20children%27s-book%20style%2C%20Sanrio-like%20emotional%20warmth.%0ARULES%3A%20No%20humans.%20Cute%20anthropomorphic%20animals%20only%20%28rabbits%2C%20cats%2C%20birds%2C%20ducks%2C%20foxes%2C%20pandas%2C%20turtles%2C%20deer%29.%20No%20fake%20text%20or%20signage.%20No%20crowded%20scenes.%20No%20complicated%20architecture.%20No%20tiny%20unreadable%20details.%20Vary%20the%20capybara%20pose%20and%20placement%20from%20nearby%20pages.%0AOVERALL%20FEEL%3A%20cozy%2C%20calming%2C%20emotionally%20comforting%2C%20wholesome%20kawaii%2C%20suitable%20for%20a%20premium%20Amazon%20KDP%20coloring%20book.?width=850&height=1100&model=flux&nologo=true&seed=1810989980
2026-05-28 16:15:57,431 [WARNING] __main__ — Attempt 1/3 failed for new_york_city_page_27.png: 402 Client Error: Payment Required for url: https://image.pollinations.ai/prompt/SCENE%3A%20Capybara%20says%20a%20warm%20goodbye%20to%20adorable%20new%20animal%20friends%20made%20during%20the%20New%20York%20City%20trip.%0ACHARACTER%3A%20cute%20capybara%20mascot%2C%20soft%20rounded%20body%2C%20simple%20expressive%20eyes%2C%20tiny%20smiling%20mouth%2C%20blush%20cheeks%2C%20plush%20toy-like%20appearance%2C%20cozy%20travel%20outfit%20matching%20the%20destination%2C%20soft%20rounded%20paws%2C%20emotionally%20warm%20and%20friendly%2C%20consistent%20character%20across%20every%20image.%0ASETTING%3A%20iconic%20New%20York%20City%20location.%20Incorporate%20iconic%20New%20York%20City%20elements%3A%20Statue%20of%20Liberty%3B%20Central%20Park%3B%20Brooklyn%20Bridge%3B%20Times%20Square%3B%20skyline.%20Cultural%20details%20to%20include%3A%20pizza%3B%20bagels%3B%20coffee%3B%20pretzels%3B%20hot%20dogs.%0ASTYLE%3A%20black-and-white%20coloring%20book%20line%20art%20only%2C%20thick%20clean%20outlines%2C%20no%20shading%2C%20no%20grayscale%2C%20no%20crosshatching%2C%20no%20sketch%20texture%2C%20no%20dark%20fills%2C%20large%20open%20coloring%20spaces%2C%20minimal%20details%2C%20one%20clear%20activity%20per%20page%2C%20simple%20uncluttered%20composition%2C%20lots%20of%20white%20space%2C%20soft%20storybook%20feeling%2C%20cozy%20kawaii%20children%27s-book%20style%2C%20Sanrio-like%20emotional%20warmth.%0ARULES%3A%20No%20humans.%20Cute%20anthropomorphic%20animals%20only%20%28rabbits%2C%20cats%2C%20birds%2C%20ducks%2C%20foxes%2C%20pandas%2C%20turtles%2C%20deer%29.%20No%20fake%20text%20or%20signage.%20No%20crowded%20scenes.%20No%20complicated%20architecture.%20No%20tiny%20unreadable%20details.%20Vary%20the%20capybara%20pose%20and%20placement%20from%20nearby%20pages.%0AOVERALL%20FEEL%3A%20cozy%2C%20calming%2C%20emotionally%20comforting%2C%20wholesome%20kawaii%2C%20suitable%20for%20a%20premium%20Amazon%20KDP%20coloring%20book.?width=850&height=1100&model=flux&nologo=true&seed=1836466398
2026-05-28 16:15:57,433 [WARNING] __main__ — Attempt 3/3 failed for new_york_city_page_25.png: 402 Client Error: Payment Required for url: https://image.pollinations.ai/prompt/SCENE%3A%20Capybara%20browses%20a%20New%20York%20City%20handcraft%20or%20art%20market%2C%20admiring%20hand-made%20items.%0ACHARACTER%3A%20cute%20capybara%20mascot%2C%20soft%20rounded%20body%2C%20simple%20expressive%20eyes%2C%20tiny%20smiling%20mouth%2C%20blush%20cheeks%2C%20plush%20toy-like%20appearance%2C%20cozy%20travel%20outfit%20matching%20the%20destination%2C%20soft%20rounded%20paws%2C%20emotionally%20warm%20and%20friendly%2C%20consistent%20character%20across%20every%20image.%0ASETTING%3A%20iconic%20New%20York%20City%20location.%20Incorporate%20iconic%20New%20York%20City%20elements%3A%20Statue%20of%20Liberty%3B%20Central%20Park%3B%20Brooklyn%20Bridge%3B%20Times%20Square%3B%20skyline.%20Cultural%20details%20to%20include%3A%20pizza%3B%20bagels%3B%20coffee%3B%20pretzels%3B%20hot%20dogs.%0ASTYLE%3A%20black-and-white%20coloring%20book%20line%20art%20only%2C%20thick%20clean%20outlines%2C%20no%20shading%2C%20no%20grayscale%2C%20no%20crosshatching%2C%20no%20sketch%20texture%2C%20no%20dark%20fills%2C%20large%20open%20coloring%20spaces%2C%20minimal%20details%2C%20one%20clear%20activity%20per%20page%2C%20simple%20uncluttered%20composition%2C%20lots%20of%20white%20space%2C%20soft%20storybook%20feeling%2C%20cozy%20kawaii%20children%27s-book%20style%2C%20Sanrio-like%20emotional%20warmth.%0ARULES%3A%20No%20humans.%20Cute%20anthropomorphic%20animals%20only%20%28rabbits%2C%20cats%2C%20birds%2C%20ducks%2C%20foxes%2C%20pandas%2C%20turtles%2C%20deer%29.%20No%20fake%20text%20or%20signage.%20No%20crowded%20scenes.%20No%20complicated%20architecture.%20No%20tiny%20unreadable%20details.%20Vary%20the%20capybara%20pose%20and%20placement%20from%20nearby%20pages.%0AOVERALL%20FEEL%3A%20cozy%2C%20calming%2C%20emotionally%20comforting%2C%20wholesome%20kawaii%2C%20suitable%20for%20a%20premium%20Amazon%20KDP%20coloring%20book.?width=850&height=1100&model=flux&nologo=true&seed=649471041
2026-05-28 16:15:57,434 [INFO] __main__ — Generating page 28/30: packing
2026-05-28 16:15:57,434 [ERROR] __main__ — Page 25 failed: 402 Client Error: Payment Required for url: https://image.pollinations.ai/prompt/SCENE%3A%20Capybara%20browses%20a%20New%20York%20City%20handcraft%20or%20art%20market%2C%20admiring%20hand-made%20items.%0ACHARACTER%3A%20cute%20capybara%20mascot%2C%20soft%20rounded%20body%2C%20simple%20expressive%20eyes%2C%20tiny%20smiling%20mouth%2C%20blush%20cheeks%2C%20plush%20toy-like%20appearance%2C%20cozy%20travel%20outfit%20matching%20the%20destination%2C%20soft%20rounded%20paws%2C%20emotionally%20warm%20and%20friendly%2C%20consistent%20character%20across%20every%20image.%0ASETTING%3A%20iconic%20New%20York%20City%20location.%20Incorporate%20iconic%20New%20York%20City%20elements%3A%20Statue%20of%20Liberty%3B%20Central%20Park%3B%20Brooklyn%20Bridge%3B%20Times%20Square%3B%20skyline.%20Cultural%20details%20to%20include%3A%20pizza%3B%20bagels%3B%20coffee%3B%20pretzels%3B%20hot%20dogs.%0ASTYLE%3A%20black-and-white%20coloring%20book%20line%20art%20only%2C%20thick%20clean%20outlines%2C%20no%20shading%2C%20no%20grayscale%2C%20no%20crosshatching%2C%20no%20sketch%20texture%2C%20no%20dark%20fills%2C%20large%20open%20coloring%20spaces%2C%20minimal%20details%2C%20one%20clear%20activity%20per%20page%2C%20simple%20uncluttered%20composition%2C%20lots%20of%20white%20space%2C%20soft%20storybook%20feeling%2C%20cozy%20kawaii%20children%27s-book%20style%2C%20Sanrio-like%20emotional%20warmth.%0ARULES%3A%20No%20humans.%20Cute%20anthropomorphic%20animals%20only%20%28rabbits%2C%20cats%2C%20birds%2C%20ducks%2C%20foxes%2C%20pandas%2C%20turtles%2C%20deer%29.%20No%20fake%20text%20or%20signage.%20No%20crowded%20scenes.%20No%20complicated%20architecture.%20No%20tiny%20unreadable%20details.%20Vary%20the%20capybara%20pose%20and%20placement%20from%20nearby%20pages.%0AOVERALL%20FEEL%3A%20cozy%2C%20calming%2C%20emotionally%20comforting%2C%20wholesome%20kawaii%2C%20suitable%20for%20a%20premium%20Amazon%20KDP%20coloring%20book.?width=850&height=1100&model=flux&nologo=true&seed=649471041
2026-05-28 16:15:58,928 [WARNING] __main__ — Attempt 1/3 failed for new_york_city_page_28.png: 402 Client Error: Payment Required for url: https://image.pollinations.ai/prompt/SCENE%3A%20Capybara%20packs%20a%20suitcase%20full%20of%20New%20York%20City%20souvenirs%20and%20keepsakes%2C%20smiling%20warmly.%0ACHARACTER%3A%20cute%20capybara%20mascot%2C%20soft%20rounded%20body%2C%20simple%20expressive%20eyes%2C%20tiny%20smiling%20mouth%2C%20blush%20cheeks%2C%20plush%20toy-like%20appearance%2C%20cozy%20travel%20outfit%20matching%20the%20destination%2C%20soft%20rounded%20paws%2C%20emotionally%20warm%20and%20friendly%2C%20consistent%20character%20across%20every%20image.%0ASETTING%3A%20iconic%20New%20York%20City%20location.%20Incorporate%20iconic%20New%20York%20City%20elements%3A%20Statue%20of%20Liberty%3B%20Central%20Park%3B%20Brooklyn%20Bridge%3B%20Times%20Square%3B%20skyline.%20Cultural%20details%20to%20include%3A%20pizza%3B%20bagels%3B%20coffee%3B%20pretzels%3B%20hot%20dogs.%0ASTYLE%3A%20black-and-white%20coloring%20book%20line%20art%20only%2C%20thick%20clean%20outlines%2C%20no%20shading%2C%20no%20grayscale%2C%20no%20crosshatching%2C%20no%20sketch%20texture%2C%20no%20dark%20fills%2C%20large%20open%20coloring%20spaces%2C%20minimal%20details%2C%20one%20clear%20activity%20per%20page%2C%20simple%20uncluttered%20composition%2C%20lots%20of%20white%20space%2C%20soft%20storybook%20feeling%2C%20cozy%20kawaii%20children%27s-book%20style%2C%20Sanrio-like%20emotional%20warmth.%0ARULES%3A%20No%20humans.%20Cute%20anthropomorphic%20animals%20only%20%28rabbits%2C%20cats%2C%20birds%2C%20ducks%2C%20foxes%2C%20pandas%2C%20turtles%2C%20deer%29.%20No%20fake%20text%20or%20signage.%20No%20crowded%20scenes.%20No%20complicated%20architecture.%20No%20tiny%20unreadable%20details.%20Vary%20the%20capybara%20pose%20and%20placement%20from%20nearby%20pages.%0AOVERALL%20FEEL%3A%20cozy%2C%20calming%2C%20emotionally%20comforting%2C%20wholesome%20kawaii%2C%20suitable%20for%20a%20premium%20Amazon%20KDP%20coloring%20book.?width=850&height=1100&model=flux&nologo=true&seed=2049639012
2026-05-28 16:15:58,942 [WARNING] __main__ — Attempt 2/3 failed for new_york_city_page_26.png: 402 Client Error: Payment Required for url: https://image.pollinations.ai/prompt/SCENE%3A%20Capybara%20joins%20a%20local%20New%20York%20City%20seasonal%20tradition%20or%20community%20celebration.%0ACHARACTER%3A%20cute%20capybara%20mascot%2C%20soft%20rounded%20body%2C%20simple%20expressive%20eyes%2C%20tiny%20smiling%20mouth%2C%20blush%20cheeks%2C%20plush%20toy-like%20appearance%2C%20cozy%20travel%20outfit%20matching%20the%20destination%2C%20soft%20rounded%20paws%2C%20emotionally%20warm%20and%20friendly%2C%20consistent%20character%20across%20every%20image.%0ASETTING%3A%20iconic%20New%20York%20City%20location.%20Incorporate%20iconic%20New%20York%20City%20elements%3A%20Statue%20of%20Liberty%3B%20Central%20Park%3B%20Brooklyn%20Bridge%3B%20Times%20Square%3B%20skyline.%20Cultural%20details%20to%20include%3A%20pizza%3B%20bagels%3B%20coffee%3B%20pretzels%3B%20hot%20dogs.%0ASTYLE%3A%20black-and-white%20coloring%20book%20line%20art%20only%2C%20thick%20clean%20outlines%2C%20no%20shading%2C%20no%20grayscale%2C%20no%20crosshatching%2C%20no%20sketch%20texture%2C%20no%20dark%20fills%2C%20large%20open%20coloring%20spaces%2C%20minimal%20details%2C%20one%20clear%20activity%20per%20page%2C%20simple%20uncluttered%20composition%2C%20lots%20of%20white%20space%2C%20soft%20storybook%20feeling%2C%20cozy%20kawaii%20children%27s-book%20style%2C%20Sanrio-like%20emotional%20warmth.%0ARULES%3A%20No%20humans.%20Cute%20anthropomorphic%20animals%20only%20%28rabbits%2C%20cats%2C%20birds%2C%20ducks%2C%20foxes%2C%20pandas%2C%20turtles%2C%20deer%29.%20No%20fake%20text%20or%20signage.%20No%20crowded%20scenes.%20No%20complicated%20architecture.%20No%20tiny%20unreadable%20details.%20Vary%20the%20capybara%20pose%20and%20placement%20from%20nearby%20pages.%0AOVERALL%20FEEL%3A%20cozy%2C%20calming%2C%20emotionally%20comforting%2C%20wholesome%20kawaii%2C%20suitable%20for%20a%20premium%20Amazon%20KDP%20coloring%20book.?width=850&height=1100&model=flux&nologo=true&seed=538712985
2026-05-28 16:16:00,464 [WARNING] __main__ — Attempt 2/3 failed for new_york_city_page_27.png: 402 Client Error: Payment Required for url: https://image.pollinations.ai/prompt/SCENE%3A%20Capybara%20says%20a%20warm%20goodbye%20to%20adorable%20new%20animal%20friends%20made%20during%20the%20New%20York%20City%20trip.%0ACHARACTER%3A%20cute%20capybara%20mascot%2C%20soft%20rounded%20body%2C%20simple%20expressive%20eyes%2C%20tiny%20smiling%20mouth%2C%20blush%20cheeks%2C%20plush%20toy-like%20appearance%2C%20cozy%20travel%20outfit%20matching%20the%20destination%2C%20soft%20rounded%20paws%2C%20emotionally%20warm%20and%20friendly%2C%20consistent%20character%20across%20every%20image.%0ASETTING%3A%20iconic%20New%20York%20City%20location.%20Incorporate%20iconic%20New%20York%20City%20elements%3A%20Statue%20of%20Liberty%3B%20Central%20Park%3B%20Brooklyn%20Bridge%3B%20Times%20Square%3B%20skyline.%20Cultural%20details%20to%20include%3A%20pizza%3B%20bagels%3B%20coffee%3B%20pretzels%3B%20hot%20dogs.%0ASTYLE%3A%20black-and-white%20coloring%20book%20line%20art%20only%2C%20thick%20clean%20outlines%2C%20no%20shading%2C%20no%20grayscale%2C%20no%20crosshatching%2C%20no%20sketch%20texture%2C%20no%20dark%20fills%2C%20large%20open%20coloring%20spaces%2C%20minimal%20details%2C%20one%20clear%20activity%20per%20page%2C%20simple%20uncluttered%20composition%2C%20lots%20of%20white%20space%2C%20soft%20storybook%20feeling%2C%20cozy%20kawaii%20children%27s-book%20style%2C%20Sanrio-like%20emotional%20warmth.%0ARULES%3A%20No%20humans.%20Cute%20anthropomorphic%20animals%20only%20%28rabbits%2C%20cats%2C%20birds%2C%20ducks%2C%20foxes%2C%20pandas%2C%20turtles%2C%20deer%29.%20No%20fake%20text%20or%20signage.%20No%20crowded%20scenes.%20No%20complicated%20architecture.%20No%20tiny%20unreadable%20details.%20Vary%20the%20capybara%20pose%20and%20placement%20from%20nearby%20pages.%0AOVERALL%20FEEL%3A%20cozy%2C%20calming%2C%20emotionally%20comforting%2C%20wholesome%20kawaii%2C%20suitable%20for%20a%20premium%20Amazon%20KDP%20coloring%20book.?width=850&height=1100&model=flux&nologo=true&seed=1836466398
2026-05-28 16:16:01,999 [WARNING] __main__ — Attempt 2/3 failed for new_york_city_page_28.png: 402 Client Error: Payment Required for url: https://image.pollinations.ai/prompt/SCENE%3A%20Capybara%20packs%20a%20suitcase%20full%20of%20New%20York%20City%20souvenirs%20and%20keepsakes%2C%20smiling%20warmly.%0ACHARACTER%3A%20cute%20capybara%20mascot%2C%20soft%20rounded%20body%2C%20simple%20expressive%20eyes%2C%20tiny%20smiling%20mouth%2C%20blush%20cheeks%2C%20plush%20toy-like%20appearance%2C%20cozy%20travel%20outfit%20matching%20the%20destination%2C%20soft%20rounded%20paws%2C%20emotionally%20warm%20and%20friendly%2C%20consistent%20character%20across%20every%20image.%0ASETTING%3A%20iconic%20New%20York%20City%20location.%20Incorporate%20iconic%20New%20York%20City%20elements%3A%20Statue%20of%20Liberty%3B%20Central%20Park%3B%20Brooklyn%20Bridge%3B%20Times%20Square%3B%20skyline.%20Cultural%20details%20to%20include%3A%20pizza%3B%20bagels%3B%20coffee%3B%20pretzels%3B%20hot%20dogs.%0ASTYLE%3A%20black-and-white%20coloring%20book%20line%20art%20only%2C%20thick%20clean%20outlines%2C%20no%20shading%2C%20no%20grayscale%2C%20no%20crosshatching%2C%20no%20sketch%20texture%2C%20no%20dark%20fills%2C%20large%20open%20coloring%20spaces%2C%20minimal%20details%2C%20one%20clear%20activity%20per%20page%2C%20simple%20uncluttered%20composition%2C%20lots%20of%20white%20space%2C%20soft%20storybook%20feeling%2C%20cozy%20kawaii%20children%27s-book%20style%2C%20Sanrio-like%20emotional%20warmth.%0ARULES%3A%20No%20humans.%20Cute%20anthropomorphic%20animals%20only%20%28rabbits%2C%20cats%2C%20birds%2C%20ducks%2C%20foxes%2C%20pandas%2C%20turtles%2C%20deer%29.%20No%20fake%20text%20or%20signage.%20No%20crowded%20scenes.%20No%20complicated%20architecture.%20No%20tiny%20unreadable%20details.%20Vary%20the%20capybara%20pose%20and%20placement%20from%20nearby%20pages.%0AOVERALL%20FEEL%3A%20cozy%2C%20calming%2C%20emotionally%20comforting%2C%20wholesome%20kawaii%2C%20suitable%20for%20a%20premium%20Amazon%20KDP%20coloring%20book.?width=850&height=1100&model=flux&nologo=true&seed=2049639012
2026-05-28 16:16:03,536 [WARNING] __main__ — Attempt 3/3 failed for new_york_city_page_26.png: 402 Client Error: Payment Required for url: https://image.pollinations.ai/prompt/SCENE%3A%20Capybara%20joins%20a%20local%20New%20York%20City%20seasonal%20tradition%20or%20community%20celebration.%0ACHARACTER%3A%20cute%20capybara%20mascot%2C%20soft%20rounded%20body%2C%20simple%20expressive%20eyes%2C%20tiny%20smiling%20mouth%2C%20blush%20cheeks%2C%20plush%20toy-like%20appearance%2C%20cozy%20travel%20outfit%20matching%20the%20destination%2C%20soft%20rounded%20paws%2C%20emotionally%20warm%20and%20friendly%2C%20consistent%20character%20across%20every%20image.%0ASETTING%3A%20iconic%20New%20York%20City%20location.%20Incorporate%20iconic%20New%20York%20City%20elements%3A%20Statue%20of%20Liberty%3B%20Central%20Park%3B%20Brooklyn%20Bridge%3B%20Times%20Square%3B%20skyline.%20Cultural%20details%20to%20include%3A%20pizza%3B%20bagels%3B%20coffee%3B%20pretzels%3B%20hot%20dogs.%0ASTYLE%3A%20black-and-white%20coloring%20book%20line%20art%20only%2C%20thick%20clean%20outlines%2C%20no%20shading%2C%20no%20grayscale%2C%20no%20crosshatching%2C%20no%20sketch%20texture%2C%20no%20dark%20fills%2C%20large%20open%20coloring%20spaces%2C%20minimal%20details%2C%20one%20clear%20activity%20per%20page%2C%20simple%20uncluttered%20composition%2C%20lots%20of%20white%20space%2C%20soft%20storybook%20feeling%2C%20cozy%20kawaii%20children%27s-book%20style%2C%20Sanrio-like%20emotional%20warmth.%0ARULES%3A%20No%20humans.%20Cute%20anthropomorphic%20animals%20only%20%28rabbits%2C%20cats%2C%20birds%2C%20ducks%2C%20foxes%2C%20pandas%2C%20turtles%2C%20deer%29.%20No%20fake%20text%20or%20signage.%20No%20crowded%20scenes.%20No%20complicated%20architecture.%20No%20tiny%20unreadable%20details.%20Vary%20the%20capybara%20pose%20and%20placement%20from%20nearby%20pages.%0AOVERALL%20FEEL%3A%20cozy%2C%20calming%2C%20emotionally%20comforting%2C%20wholesome%20kawaii%2C%20suitable%20for%20a%20premium%20Amazon%20KDP%20coloring%20book.?width=850&height=1100&model=flux&nologo=true&seed=538712985
2026-05-28 16:16:03,537 [INFO] __main__ — Generating page 29/30: farewell
2026-05-28 16:16:03,537 [ERROR] __main__ — Page 26 failed: 402 Client Error: Payment Required for url: https://image.pollinations.ai/prompt/SCENE%3A%20Capybara%20joins%20a%20local%20New%20York%20City%20seasonal%20tradition%20or%20community%20celebration.%0ACHARACTER%3A%20cute%20capybara%20mascot%2C%20soft%20rounded%20body%2C%20simple%20expressive%20eyes%2C%20tiny%20smiling%20mouth%2C%20blush%20cheeks%2C%20plush%20toy-like%20appearance%2C%20cozy%20travel%20outfit%20matching%20the%20destination%2C%20soft%20rounded%20paws%2C%20emotionally%20warm%20and%20friendly%2C%20consistent%20character%20across%20every%20image.%0ASETTING%3A%20iconic%20New%20York%20City%20location.%20Incorporate%20iconic%20New%20York%20City%20elements%3A%20Statue%20of%20Liberty%3B%20Central%20Park%3B%20Brooklyn%20Bridge%3B%20Times%20Square%3B%20skyline.%20Cultural%20details%20to%20include%3A%20pizza%3B%20bagels%3B%20coffee%3B%20pretzels%3B%20hot%20dogs.%0ASTYLE%3A%20black-and-white%20coloring%20book%20line%20art%20only%2C%20thick%20clean%20outlines%2C%20no%20shading%2C%20no%20grayscale%2C%20no%20crosshatching%2C%20no%20sketch%20texture%2C%20no%20dark%20fills%2C%20large%20open%20coloring%20spaces%2C%20minimal%20details%2C%20one%20clear%20activity%20per%20page%2C%20simple%20uncluttered%20composition%2C%20lots%20of%20white%20space%2C%20soft%20storybook%20feeling%2C%20cozy%20kawaii%20children%27s-book%20style%2C%20Sanrio-like%20emotional%20warmth.%0ARULES%3A%20No%20humans.%20Cute%20anthropomorphic%20animals%20only%20%28rabbits%2C%20cats%2C%20birds%2C%20ducks%2C%20foxes%2C%20pandas%2C%20turtles%2C%20deer%29.%20No%20fake%20text%20or%20signage.%20No%20crowded%20scenes.%20No%20complicated%20architecture.%20No%20tiny%20unreadable%20details.%20Vary%20the%20capybara%20pose%20and%20placement%20from%20nearby%20pages.%0AOVERALL%20FEEL%3A%20cozy%2C%20calming%2C%20emotionally%20comforting%2C%20wholesome%20kawaii%2C%20suitable%20for%20a%20premium%20Amazon%20KDP%20coloring%20book.?width=850&height=1100&model=flux&nologo=true&seed=538712985
2026-05-28 16:16:05,054 [WARNING] __main__ — Attempt 3/3 failed for new_york_city_page_27.png: 402 Client Error: Payment Required for url: https://image.pollinations.ai/prompt/SCENE%3A%20Capybara%20says%20a%20warm%20goodbye%20to%20adorable%20new%20animal%20friends%20made%20during%20the%20New%20York%20City%20trip.%0ACHARACTER%3A%20cute%20capybara%20mascot%2C%20soft%20rounded%20body%2C%20simple%20expressive%20eyes%2C%20tiny%20smiling%20mouth%2C%20blush%20cheeks%2C%20plush%20toy-like%20appearance%2C%20cozy%20travel%20outfit%20matching%20the%20destination%2C%20soft%20rounded%20paws%2C%20emotionally%20warm%20and%20friendly%2C%20consistent%20character%20across%20every%20image.%0ASETTING%3A%20iconic%20New%20York%20City%20location.%20Incorporate%20iconic%20New%20York%20City%20elements%3A%20Statue%20of%20Liberty%3B%20Central%20Park%3B%20Brooklyn%20Bridge%3B%20Times%20Square%3B%20skyline.%20Cultural%20details%20to%20include%3A%20pizza%3B%20bagels%3B%20coffee%3B%20pretzels%3B%20hot%20dogs.%0ASTYLE%3A%20black-and-white%20coloring%20book%20line%20art%20only%2C%20thick%20clean%20outlines%2C%20no%20shading%2C%20no%20grayscale%2C%20no%20crosshatching%2C%20no%20sketch%20texture%2C%20no%20dark%20fills%2C%20large%20open%20coloring%20spaces%2C%20minimal%20details%2C%20one%20clear%20activity%20per%20page%2C%20simple%20uncluttered%20composition%2C%20lots%20of%20white%20space%2C%20soft%20storybook%20feeling%2C%20cozy%20kawaii%20children%27s-book%20style%2C%20Sanrio-like%20emotional%20warmth.%0ARULES%3A%20No%20humans.%20Cute%20anthropomorphic%20animals%20only%20%28rabbits%2C%20cats%2C%20birds%2C%20ducks%2C%20foxes%2C%20pandas%2C%20turtles%2C%20deer%29.%20No%20fake%20text%20or%20signage.%20No%20crowded%20scenes.%20No%20complicated%20architecture.%20No%20tiny%20unreadable%20details.%20Vary%20the%20capybara%20pose%20and%20placement%20from%20nearby%20pages.%0AOVERALL%20FEEL%3A%20cozy%2C%20calming%2C%20emotionally%20comforting%2C%20wholesome%20kawaii%2C%20suitable%20for%20a%20premium%20Amazon%20KDP%20coloring%20book.?width=850&height=1100&model=flux&nologo=true&seed=1836466398
2026-05-28 16:16:05,054 [INFO] __main__ — Generating page 30/30: memories
2026-05-28 16:16:05,054 [ERROR] __main__ — Page 27 failed: 402 Client Error: Payment Required for url: https://image.pollinations.ai/prompt/SCENE%3A%20Capybara%20says%20a%20warm%20goodbye%20to%20adorable%20new%20animal%20friends%20made%20during%20the%20New%20York%20City%20trip.%0ACHARACTER%3A%20cute%20capybara%20mascot%2C%20soft%20rounded%20body%2C%20simple%20expressive%20eyes%2C%20tiny%20smiling%20mouth%2C%20blush%20cheeks%2C%20plush%20toy-like%20appearance%2C%20cozy%20travel%20outfit%20matching%20the%20destination%2C%20soft%20rounded%20paws%2C%20emotionally%20warm%20and%20friendly%2C%20consistent%20character%20across%20every%20image.%0ASETTING%3A%20iconic%20New%20York%20City%20location.%20Incorporate%20iconic%20New%20York%20City%20elements%3A%20Statue%20of%20Liberty%3B%20Central%20Park%3B%20Brooklyn%20Bridge%3B%20Times%20Square%3B%20skyline.%20Cultural%20details%20to%20include%3A%20pizza%3B%20bagels%3B%20coffee%3B%20pretzels%3B%20hot%20dogs.%0ASTYLE%3A%20black-and-white%20coloring%20book%20line%20art%20only%2C%20thick%20clean%20outlines%2C%20no%20shading%2C%20no%20grayscale%2C%20no%20crosshatching%2C%20no%20sketch%20texture%2C%20no%20dark%20fills%2C%20large%20open%20coloring%20spaces%2C%20minimal%20details%2C%20one%20clear%20activity%20per%20page%2C%20simple%20uncluttered%20composition%2C%20lots%20of%20white%20space%2C%20soft%20storybook%20feeling%2C%20cozy%20kawaii%20children%27s-book%20style%2C%20Sanrio-like%20emotional%20warmth.%0ARULES%3A%20No%20humans.%20Cute%20anthropomorphic%20animals%20only%20%28rabbits%2C%20cats%2C%20birds%2C%20ducks%2C%20foxes%2C%20pandas%2C%20turtles%2C%20deer%29.%20No%20fake%20text%20or%20signage.%20No%20crowded%20scenes.%20No%20complicated%20architecture.%20No%20tiny%20unreadable%20details.%20Vary%20the%20capybara%20pose%20and%20placement%20from%20nearby%20pages.%0AOVERALL%20FEEL%3A%20cozy%2C%20calming%2C%20emotionally%20comforting%2C%20wholesome%20kawaii%2C%20suitable%20for%20a%20premium%20Amazon%20KDP%20coloring%20book.?width=850&height=1100&model=flux&nologo=true&seed=1836466398
2026-05-28 16:16:05,135 [WARNING] __main__ — Attempt 1/3 failed for new_york_city_page_29.png: 402 Client Error: Payment Required for url: https://image.pollinations.ai/prompt/SCENE%3A%20Capybara%20waves%20a%20heartfelt%20farewell%20to%20the%20New%20York%20City%20skyline%20from%20the%20departure%20gate.%0ACHARACTER%3A%20cute%20capybara%20mascot%2C%20soft%20rounded%20body%2C%20simple%20expressive%20eyes%2C%20tiny%20smiling%20mouth%2C%20blush%20cheeks%2C%20plush%20toy-like%20appearance%2C%20cozy%20travel%20outfit%20matching%20the%20destination%2C%20soft%20rounded%20paws%2C%20emotionally%20warm%20and%20friendly%2C%20consistent%20character%20across%20every%20image.%0ASETTING%3A%20iconic%20New%20York%20City%20location.%20Incorporate%20iconic%20New%20York%20City%20elements%3A%20Statue%20of%20Liberty%3B%20Central%20Park%3B%20Brooklyn%20Bridge%3B%20Times%20Square%3B%20skyline.%20Cultural%20details%20to%20include%3A%20pizza%3B%20bagels%3B%20coffee%3B%20pretzels%3B%20hot%20dogs.%0ASTYLE%3A%20black-and-white%20coloring%20book%20line%20art%20only%2C%20thick%20clean%20outlines%2C%20no%20shading%2C%20no%20grayscale%2C%20no%20crosshatching%2C%20no%20sketch%20texture%2C%20no%20dark%20fills%2C%20large%20open%20coloring%20spaces%2C%20minimal%20details%2C%20one%20clear%20activity%20per%20page%2C%20simple%20uncluttered%20composition%2C%20lots%20of%20white%20space%2C%20soft%20storybook%20feeling%2C%20cozy%20kawaii%20children%27s-book%20style%2C%20Sanrio-like%20emotional%20warmth.%0ARULES%3A%20No%20humans.%20Cute%20anthropomorphic%20animals%20only%20%28rabbits%2C%20cats%2C%20birds%2C%20ducks%2C%20foxes%2C%20pandas%2C%20turtles%2C%20deer%29.%20No%20fake%20text%20or%20signage.%20No%20crowded%20scenes.%20No%20complicated%20architecture.%20No%20tiny%20unreadable%20details.%20Vary%20the%20capybara%20pose%20and%20placement%20from%20nearby%20pages.%0AOVERALL%20FEEL%3A%20cozy%2C%20calming%2C%20emotionally%20comforting%2C%20wholesome%20kawaii%2C%20suitable%20for%20a%20premium%20Amazon%20KDP%20coloring%20book.?width=850&height=1100&model=flux&nologo=true&seed=1237327954
2026-05-28 16:16:06,543 [WARNING] __main__ — Attempt 1/3 failed for new_york_city_page_30.png: 402 Client Error: Payment Required for url: https://image.pollinations.ai/prompt/SCENE%3A%20Capybara%20lays%20out%20all%20their%20New%20York%20City%20photos%2C%20souvenirs%2C%20and%20mementos%20%E2%80%94%20a%20page%20of%20happy%20memories.%0ACHARACTER%3A%20cute%20capybara%20mascot%2C%20soft%20rounded%20body%2C%20simple%20expressive%20eyes%2C%20tiny%20smiling%20mouth%2C%20blush%20cheeks%2C%20plush%20toy-like%20appearance%2C%20cozy%20travel%20outfit%20matching%20the%20destination%2C%20soft%20rounded%20paws%2C%20emotionally%20warm%20and%20friendly%2C%20consistent%20character%20across%20every%20image.%0ASETTING%3A%20iconic%20New%20York%20City%20location.%20Incorporate%20iconic%20New%20York%20City%20elements%3A%20Statue%20of%20Liberty%3B%20Central%20Park%3B%20Brooklyn%20Bridge%3B%20Times%20Square%3B%20skyline.%20Cultural%20details%20to%20include%3A%20pizza%3B%20bagels%3B%20coffee%3B%20pretzels%3B%20hot%20dogs.%0ASTYLE%3A%20black-and-white%20coloring%20book%20line%20art%20only%2C%20thick%20clean%20outlines%2C%20no%20shading%2C%20no%20grayscale%2C%20no%20crosshatching%2C%20no%20sketch%20texture%2C%20no%20dark%20fills%2C%20large%20open%20coloring%20spaces%2C%20minimal%20details%2C%20one%20clear%20activity%20per%20page%2C%20simple%20uncluttered%20composition%2C%20lots%20of%20white%20space%2C%20soft%20storybook%20feeling%2C%20cozy%20kawaii%20children%27s-book%20style%2C%20Sanrio-like%20emotional%20warmth.%0ARULES%3A%20No%20humans.%20Cute%20anthropomorphic%20animals%20only%20%28rabbits%2C%20cats%2C%20birds%2C%20ducks%2C%20foxes%2C%20pandas%2C%20turtles%2C%20deer%29.%20No%20fake%20text%20or%20signage.%20No%20crowded%20scenes.%20No%20complicated%20architecture.%20No%20tiny%20unreadable%20details.%20Vary%20the%20capybara%20pose%20and%20placement%20from%20nearby%20pages.%0AOVERALL%20FEEL%3A%20cozy%2C%20calming%2C%20emotionally%20comforting%2C%20wholesome%20kawaii%2C%20suitable%20for%20a%20premium%20Amazon%20KDP%20coloring%20book.?width=850&height=1100&model=flux&nologo=true&seed=329903013
2026-05-28 16:16:06,642 [WARNING] __main__ — Attempt 3/3 failed for new_york_city_page_28.png: 402 Client Error: Payment Required for url: https://image.pollinations.ai/prompt/SCENE%3A%20Capybara%20packs%20a%20suitcase%20full%20of%20New%20York%20City%20souvenirs%20and%20keepsakes%2C%20smiling%20warmly.%0ACHARACTER%3A%20cute%20capybara%20mascot%2C%20soft%20rounded%20body%2C%20simple%20expressive%20eyes%2C%20tiny%20smiling%20mouth%2C%20blush%20cheeks%2C%20plush%20toy-like%20appearance%2C%20cozy%20travel%20outfit%20matching%20the%20destination%2C%20soft%20rounded%20paws%2C%20emotionally%20warm%20and%20friendly%2C%20consistent%20character%20across%20every%20image.%0ASETTING%3A%20iconic%20New%20York%20City%20location.%20Incorporate%20iconic%20New%20York%20City%20elements%3A%20Statue%20of%20Liberty%3B%20Central%20Park%3B%20Brooklyn%20Bridge%3B%20Times%20Square%3B%20skyline.%20Cultural%20details%20to%20include%3A%20pizza%3B%20bagels%3B%20coffee%3B%20pretzels%3B%20hot%20dogs.%0ASTYLE%3A%20black-and-white%20coloring%20book%20line%20art%20only%2C%20thick%20clean%20outlines%2C%20no%20shading%2C%20no%20grayscale%2C%20no%20crosshatching%2C%20no%20sketch%20texture%2C%20no%20dark%20fills%2C%20large%20open%20coloring%20spaces%2C%20minimal%20details%2C%20one%20clear%20activity%20per%20page%2C%20simple%20uncluttered%20composition%2C%20lots%20of%20white%20space%2C%20soft%20storybook%20feeling%2C%20cozy%20kawaii%20children%27s-book%20style%2C%20Sanrio-like%20emotional%20warmth.%0ARULES%3A%20No%20humans.%20Cute%20anthropomorphic%20animals%20only%20%28rabbits%2C%20cats%2C%20birds%2C%20ducks%2C%20foxes%2C%20pandas%2C%20turtles%2C%20deer%29.%20No%20fake%20text%20or%20signage.%20No%20crowded%20scenes.%20No%20complicated%20architecture.%20No%20tiny%20unreadable%20details.%20Vary%20the%20capybara%20pose%20and%20placement%20from%20nearby%20pages.%0AOVERALL%20FEEL%3A%20cozy%2C%20calming%2C%20emotionally%20comforting%2C%20wholesome%20kawaii%2C%20suitable%20for%20a%20premium%20Amazon%20KDP%20coloring%20book.?width=850&height=1100&model=flux&nologo=true&seed=2049639012
2026-05-28 16:16:06,643 [ERROR] __main__ — Page 28 failed: 402 Client Error: Payment Required for url: https://image.pollinations.ai/prompt/SCENE%3A%20Capybara%20packs%20a%20suitcase%20full%20of%20New%20York%20City%20souvenirs%20and%20keepsakes%2C%20smiling%20warmly.%0ACHARACTER%3A%20cute%20capybara%20mascot%2C%20soft%20rounded%20body%2C%20simple%20expressive%20eyes%2C%20tiny%20smiling%20mouth%2C%20blush%20cheeks%2C%20plush%20toy-like%20appearance%2C%20cozy%20travel%20outfit%20matching%20the%20destination%2C%20soft%20rounded%20paws%2C%20emotionally%20warm%20and%20friendly%2C%20consistent%20character%20across%20every%20image.%0ASETTING%3A%20iconic%20New%20York%20City%20location.%20Incorporate%20iconic%20New%20York%20City%20elements%3A%20Statue%20of%20Liberty%3B%20Central%20Park%3B%20Brooklyn%20Bridge%3B%20Times%20Square%3B%20skyline.%20Cultural%20details%20to%20include%3A%20pizza%3B%20bagels%3B%20coffee%3B%20pretzels%3B%20hot%20dogs.%0ASTYLE%3A%20black-and-white%20coloring%20book%20line%20art%20only%2C%20thick%20clean%20outlines%2C%20no%20shading%2C%20no%20grayscale%2C%20no%20crosshatching%2C%20no%20sketch%20texture%2C%20no%20dark%20fills%2C%20large%20open%20coloring%20spaces%2C%20minimal%20details%2C%20one%20clear%20activity%20per%20page%2C%20simple%20uncluttered%20composition%2C%20lots%20of%20white%20space%2C%20soft%20storybook%20feeling%2C%20cozy%20kawaii%20children%27s-book%20style%2C%20Sanrio-like%20emotional%20warmth.%0ARULES%3A%20No%20humans.%20Cute%20anthropomorphic%20animals%20only%20%28rabbits%2C%20cats%2C%20birds%2C%20ducks%2C%20foxes%2C%20pandas%2C%20turtles%2C%20deer%29.%20No%20fake%20text%20or%20signage.%20No%20crowded%20scenes.%20No%20complicated%20architecture.%20No%20tiny%20unreadable%20details.%20Vary%20the%20capybara%20pose%20and%20placement%20from%20nearby%20pages.%0AOVERALL%20FEEL%3A%20cozy%2C%20calming%2C%20emotionally%20comforting%2C%20wholesome%20kawaii%2C%20suitable%20for%20a%20premium%20Amazon%20KDP%20coloring%20book.?width=850&height=1100&model=flux&nologo=true&seed=2049639012
2026-05-28 16:16:08,136 [WARNING] __main__ — Attempt 2/3 failed for new_york_city_page_29.png: 402 Client Error: Payment Required for url: https://image.pollinations.ai/prompt/SCENE%3A%20Capybara%20waves%20a%20heartfelt%20farewell%20to%20the%20New%20York%20City%20skyline%20from%20the%20departure%20gate.%0ACHARACTER%3A%20cute%20capybara%20mascot%2C%20soft%20rounded%20body%2C%20simple%20expressive%20eyes%2C%20tiny%20smiling%20mouth%2C%20blush%20cheeks%2C%20plush%20toy-like%20appearance%2C%20cozy%20travel%20outfit%20matching%20the%20destination%2C%20soft%20rounded%20paws%2C%20emotionally%20warm%20and%20friendly%2C%20consistent%20character%20across%20every%20image.%0ASETTING%3A%20iconic%20New%20York%20City%20location.%20Incorporate%20iconic%20New%20York%20City%20elements%3A%20Statue%20of%20Liberty%3B%20Central%20Park%3B%20Brooklyn%20Bridge%3B%20Times%20Square%3B%20skyline.%20Cultural%20details%20to%20include%3A%20pizza%3B%20bagels%3B%20coffee%3B%20pretzels%3B%20hot%20dogs.%0ASTYLE%3A%20black-and-white%20coloring%20book%20line%20art%20only%2C%20thick%20clean%20outlines%2C%20no%20shading%2C%20no%20grayscale%2C%20no%20crosshatching%2C%20no%20sketch%20texture%2C%20no%20dark%20fills%2C%20large%20open%20coloring%20spaces%2C%20minimal%20details%2C%20one%20clear%20activity%20per%20page%2C%20simple%20uncluttered%20composition%2C%20lots%20of%20white%20space%2C%20soft%20storybook%20feeling%2C%20cozy%20kawaii%20children%27s-book%20style%2C%20Sanrio-like%20emotional%20warmth.%0ARULES%3A%20No%20humans.%20Cute%20anthropomorphic%20animals%20only%20%28rabbits%2C%20cats%2C%20birds%2C%20ducks%2C%20foxes%2C%20pandas%2C%20turtles%2C%20deer%29.%20No%20fake%20text%20or%20signage.%20No%20crowded%20scenes.%20No%20complicated%20architecture.%20No%20tiny%20unreadable%20details.%20Vary%20the%20capybara%20pose%20and%20placement%20from%20nearby%20pages.%0AOVERALL%20FEEL%3A%20cozy%2C%20calming%2C%20emotionally%20comforting%2C%20wholesome%20kawaii%2C%20suitable%20for%20a%20premium%20Amazon%20KDP%20coloring%20book.?width=850&height=1100&model=flux&nologo=true&seed=1237327954
2026-05-28 16:16:09,681 [WARNING] __main__ — Attempt 2/3 failed for new_york_city_page_30.png: 402 Client Error: Payment Required for url: https://image.pollinations.ai/prompt/SCENE%3A%20Capybara%20lays%20out%20all%20their%20New%20York%20City%20photos%2C%20souvenirs%2C%20and%20mementos%20%E2%80%94%20a%20page%20of%20happy%20memories.%0ACHARACTER%3A%20cute%20capybara%20mascot%2C%20soft%20rounded%20body%2C%20simple%20expressive%20eyes%2C%20tiny%20smiling%20mouth%2C%20blush%20cheeks%2C%20plush%20toy-like%20appearance%2C%20cozy%20travel%20outfit%20matching%20the%20destination%2C%20soft%20rounded%20paws%2C%20emotionally%20warm%20and%20friendly%2C%20consistent%20character%20across%20every%20image.%0ASETTING%3A%20iconic%20New%20York%20City%20location.%20Incorporate%20iconic%20New%20York%20City%20elements%3A%20Statue%20of%20Liberty%3B%20Central%20Park%3B%20Brooklyn%20Bridge%3B%20Times%20Square%3B%20skyline.%20Cultural%20details%20to%20include%3A%20pizza%3B%20bagels%3B%20coffee%3B%20pretzels%3B%20hot%20dogs.%0ASTYLE%3A%20black-and-white%20coloring%20book%20line%20art%20only%2C%20thick%20clean%20outlines%2C%20no%20shading%2C%20no%20grayscale%2C%20no%20crosshatching%2C%20no%20sketch%20texture%2C%20no%20dark%20fills%2C%20large%20open%20coloring%20spaces%2C%20minimal%20details%2C%20one%20clear%20activity%20per%20page%2C%20simple%20uncluttered%20composition%2C%20lots%20of%20white%20space%2C%20soft%20storybook%20feeling%2C%20cozy%20kawaii%20children%27s-book%20style%2C%20Sanrio-like%20emotional%20warmth.%0ARULES%3A%20No%20humans.%20Cute%20anthropomorphic%20animals%20only%20%28rabbits%2C%20cats%2C%20birds%2C%20ducks%2C%20foxes%2C%20pandas%2C%20turtles%2C%20deer%29.%20No%20fake%20text%20or%20signage.%20No%20crowded%20scenes.%20No%20complicated%20architecture.%20No%20tiny%20unreadable%20details.%20Vary%20the%20capybara%20pose%20and%20placement%20from%20nearby%20pages.%0AOVERALL%20FEEL%3A%20cozy%2C%20calming%2C%20emotionally%20comforting%2C%20wholesome%20kawaii%2C%20suitable%20for%20a%20premium%20Amazon%20KDP%20coloring%20book.?width=850&height=1100&model=flux&nologo=true&seed=329903013
2026-05-28 16:16:12,444 [WARNING] __main__ — Attempt 3/3 failed for new_york_city_page_29.png: 402 Client Error: Payment Required for url: https://image.pollinations.ai/prompt/SCENE%3A%20Capybara%20waves%20a%20heartfelt%20farewell%20to%20the%20New%20York%20City%20skyline%20from%20the%20departure%20gate.%0ACHARACTER%3A%20cute%20capybara%20mascot%2C%20soft%20rounded%20body%2C%20simple%20expressive%20eyes%2C%20tiny%20smiling%20mouth%2C%20blush%20cheeks%2C%20plush%20toy-like%20appearance%2C%20cozy%20travel%20outfit%20matching%20the%20destination%2C%20soft%20rounded%20paws%2C%20emotionally%20warm%20and%20friendly%2C%20consistent%20character%20across%20every%20image.%0ASETTING%3A%20iconic%20New%20York%20City%20location.%20Incorporate%20iconic%20New%20York%20City%20elements%3A%20Statue%20of%20Liberty%3B%20Central%20Park%3B%20Brooklyn%20Bridge%3B%20Times%20Square%3B%20skyline.%20Cultural%20details%20to%20include%3A%20pizza%3B%20bagels%3B%20coffee%3B%20pretzels%3B%20hot%20dogs.%0ASTYLE%3A%20black-and-white%20coloring%20book%20line%20art%20only%2C%20thick%20clean%20outlines%2C%20no%20shading%2C%20no%20grayscale%2C%20no%20crosshatching%2C%20no%20sketch%20texture%2C%20no%20dark%20fills%2C%20large%20open%20coloring%20spaces%2C%20minimal%20details%2C%20one%20clear%20activity%20per%20page%2C%20simple%20uncluttered%20composition%2C%20lots%20of%20white%20space%2C%20soft%20storybook%20feeling%2C%20cozy%20kawaii%20children%27s-book%20style%2C%20Sanrio-like%20emotional%20warmth.%0ARULES%3A%20No%20humans.%20Cute%20anthropomorphic%20animals%20only%20%28rabbits%2C%20cats%2C%20birds%2C%20ducks%2C%20foxes%2C%20pandas%2C%20turtles%2C%20deer%29.%20No%20fake%20text%20or%20signage.%20No%20crowded%20scenes.%20No%20complicated%20architecture.%20No%20tiny%20unreadable%20details.%20Vary%20the%20capybara%20pose%20and%20placement%20from%20nearby%20pages.%0AOVERALL%20FEEL%3A%20cozy%2C%20calming%2C%20emotionally%20comforting%2C%20wholesome%20kawaii%2C%20suitable%20for%20a%20premium%20Amazon%20KDP%20coloring%20book.?width=850&height=1100&model=flux&nologo=true&seed=1237327954
2026-05-28 16:16:12,445 [ERROR] __main__ — Page 29 failed: 402 Client Error: Payment Required for url: https://image.pollinations.ai/prompt/SCENE%3A%20Capybara%20waves%20a%20heartfelt%20farewell%20to%20the%20New%20York%20City%20skyline%20from%20the%20departure%20gate.%0ACHARACTER%3A%20cute%20capybara%20mascot%2C%20soft%20rounded%20body%2C%20simple%20expressive%20eyes%2C%20tiny%20smiling%20mouth%2C%20blush%20cheeks%2C%20plush%20toy-like%20appearance%2C%20cozy%20travel%20outfit%20matching%20the%20destination%2C%20soft%20rounded%20paws%2C%20emotionally%20warm%20and%20friendly%2C%20consistent%20character%20across%20every%20image.%0ASETTING%3A%20iconic%20New%20York%20City%20location.%20Incorporate%20iconic%20New%20York%20City%20elements%3A%20Statue%20of%20Liberty%3B%20Central%20Park%3B%20Brooklyn%20Bridge%3B%20Times%20Square%3B%20skyline.%20Cultural%20details%20to%20include%3A%20pizza%3B%20bagels%3B%20coffee%3B%20pretzels%3B%20hot%20dogs.%0ASTYLE%3A%20black-and-white%20coloring%20book%20line%20art%20only%2C%20thick%20clean%20outlines%2C%20no%20shading%2C%20no%20grayscale%2C%20no%20crosshatching%2C%20no%20sketch%20texture%2C%20no%20dark%20fills%2C%20large%20open%20coloring%20spaces%2C%20minimal%20details%2C%20one%20clear%20activity%20per%20page%2C%20simple%20uncluttered%20composition%2C%20lots%20of%20white%20space%2C%20soft%20storybook%20feeling%2C%20cozy%20kawaii%20children%27s-book%20style%2C%20Sanrio-like%20emotional%20warmth.%0ARULES%3A%20No%20humans.%20Cute%20anthropomorphic%20animals%20only%20%28rabbits%2C%20cats%2C%20birds%2C%20ducks%2C%20foxes%2C%20pandas%2C%20turtles%2C%20deer%29.%20No%20fake%20text%20or%20signage.%20No%20crowded%20scenes.%20No%20complicated%20architecture.%20No%20tiny%20unreadable%20details.%20Vary%20the%20capybara%20pose%20and%20placement%20from%20nearby%20pages.%0AOVERALL%20FEEL%3A%20cozy%2C%20calming%2C%20emotionally%20comforting%2C%20wholesome%20kawaii%2C%20suitable%20for%20a%20premium%20Amazon%20KDP%20coloring%20book.?width=850&height=1100&model=flux&nologo=true&seed=1237327954
2026-05-28 16:16:14,085 [WARNING] __main__ — Attempt 3/3 failed for new_york_city_page_30.png: 402 Client Error: Payment Required for url: https://image.pollinations.ai/prompt/SCENE%3A%20Capybara%20lays%20out%20all%20their%20New%20York%20City%20photos%2C%20souvenirs%2C%20and%20mementos%20%E2%80%94%20a%20page%20of%20happy%20memories.%0ACHARACTER%3A%20cute%20capybara%20mascot%2C%20soft%20rounded%20body%2C%20simple%20expressive%20eyes%2C%20tiny%20smiling%20mouth%2C%20blush%20cheeks%2C%20plush%20toy-like%20appearance%2C%20cozy%20travel%20outfit%20matching%20the%20destination%2C%20soft%20rounded%20paws%2C%20emotionally%20warm%20and%20friendly%2C%20consistent%20character%20across%20every%20image.%0ASETTING%3A%20iconic%20New%20York%20City%20location.%20Incorporate%20iconic%20New%20York%20City%20elements%3A%20Statue%20of%20Liberty%3B%20Central%20Park%3B%20Brooklyn%20Bridge%3B%20Times%20Square%3B%20skyline.%20Cultural%20details%20to%20include%3A%20pizza%3B%20bagels%3B%20coffee%3B%20pretzels%3B%20hot%20dogs.%0ASTYLE%3A%20black-and-white%20coloring%20book%20line%20art%20only%2C%20thick%20clean%20outlines%2C%20no%20shading%2C%20no%20grayscale%2C%20no%20crosshatching%2C%20no%20sketch%20texture%2C%20no%20dark%20fills%2C%20large%20open%20coloring%20spaces%2C%20minimal%20details%2C%20one%20clear%20activity%20per%20page%2C%20simple%20uncluttered%20composition%2C%20lots%20of%20white%20space%2C%20soft%20storybook%20feeling%2C%20cozy%20kawaii%20children%27s-book%20style%2C%20Sanrio-like%20emotional%20warmth.%0ARULES%3A%20No%20humans.%20Cute%20anthropomorphic%20animals%20only%20%28rabbits%2C%20cats%2C%20birds%2C%20ducks%2C%20foxes%2C%20pandas%2C%20turtles%2C%20deer%29.%20No%20fake%20text%20or%20signage.%20No%20crowded%20scenes.%20No%20complicated%20architecture.%20No%20tiny%20unreadable%20details.%20Vary%20the%20capybara%20pose%20and%20placement%20from%20nearby%20pages.%0AOVERALL%20FEEL%3A%20cozy%2C%20calming%2C%20emotionally%20comforting%2C%20wholesome%20kawaii%2C%20suitable%20for%20a%20premium%20Amazon%20KDP%20coloring%20book.?width=850&height=1100&model=flux&nologo=true&seed=329903013
2026-05-28 16:16:14,086 [ERROR] __main__ — Page 30 failed: 402 Client Error: Payment Required for url: https://image.pollinations.ai/prompt/SCENE%3A%20Capybara%20lays%20out%20all%20their%20New%20York%20City%20photos%2C%20souvenirs%2C%20and%20mementos%20%E2%80%94%20a%20page%20of%20happy%20memories.%0ACHARACTER%3A%20cute%20capybara%20mascot%2C%20soft%20rounded%20body%2C%20simple%20expressive%20eyes%2C%20tiny%20smiling%20mouth%2C%20blush%20cheeks%2C%20plush%20toy-like%20appearance%2C%20cozy%20travel%20outfit%20matching%20the%20destination%2C%20soft%20rounded%20paws%2C%20emotionally%20warm%20and%20friendly%2C%20consistent%20character%20across%20every%20image.%0ASETTING%3A%20iconic%20New%20York%20City%20location.%20Incorporate%20iconic%20New%20York%20City%20elements%3A%20Statue%20of%20Liberty%3B%20Central%20Park%3B%20Brooklyn%20Bridge%3B%20Times%20Square%3B%20skyline.%20Cultural%20details%20to%20include%3A%20pizza%3B%20bagels%3B%20coffee%3B%20pretzels%3B%20hot%20dogs.%0ASTYLE%3A%20black-and-white%20coloring%20book%20line%20art%20only%2C%20thick%20clean%20outlines%2C%20no%20shading%2C%20no%20grayscale%2C%20no%20crosshatching%2C%20no%20sketch%20texture%2C%20no%20dark%20fills%2C%20large%20open%20coloring%20spaces%2C%20minimal%20details%2C%20one%20clear%20activity%20per%20page%2C%20simple%20uncluttered%20composition%2C%20lots%20of%20white%20space%2C%20soft%20storybook%20feeling%2C%20cozy%20kawaii%20children%27s-book%20style%2C%20Sanrio-like%20emotional%20warmth.%0ARULES%3A%20No%20humans.%20Cute%20anthropomorphic%20animals%20only%20%28rabbits%2C%20cats%2C%20birds%2C%20ducks%2C%20foxes%2C%20pandas%2C%20turtles%2C%20deer%29.%20No%20fake%20text%20or%20signage.%20No%20crowded%20scenes.%20No%20complicated%20architecture.%20No%20tiny%20unreadable%20details.%20Vary%20the%20capybara%20pose%20and%20placement%20from%20nearby%20pages.%0AOVERALL%20FEEL%3A%20cozy%2C%20calming%2C%20emotionally%20comforting%2C%20wholesome%20kawaii%2C%20suitable%20for%20a%20premium%20Amazon%20KDP%20coloring%20book.?width=850&height=1100&model=flux&nologo=true&seed=329903013
2026-05-28 16:17:24,988 [INFO] __main__ — Interior PDF: /Users/jonathan/kdp_coloring_books/output/interiors/explore_new_york_city_interior.pdf
2026-05-28 16:17:25,254 [INFO] __main__ — Cover PDF: /Users/jonathan/kdp_coloring_books/output/covers/new_york_city_cover.pdf
2026-05-28 16:17:25,255 [INFO] __main__ — Metadata: /Users/jonathan/kdp_coloring_books/output/metadata/new_york_city_metadata.json
2026-05-28 16:17:25,255 [INFO] __main__ — === Pipeline complete: new_york_city ===
2026-05-28 16:31:49,270 [INFO] __main__ — === Pipeline start: new_york_city ===
2026-05-28 16:31:49,388 [INFO] __main__ — Matched spreadsheet row: 16
2026-05-28 16:31:49,435 [INFO] __main__ — Book loaded: Explore New York City
2026-05-28 16:31:49,436 [INFO] __main__ — Storyboard ready — city=New York City, pages=30
2026-05-28 16:31:49,436 [INFO] __main__ — Image provider: pollinations
2026-05-28 16:31:49,436 [INFO] __main__ — Generating cover...
2026-05-28 16:31:50,647 [INFO] __main__ — Generating page 01/30: arrival
2026-05-28 16:31:50,647 [INFO] __main__ — Generating page 03/30: hotel
2026-05-28 16:31:50,647 [INFO] __main__ — Generating page 04/30: breakfast
2026-05-28 16:31:52,531 [WARNING] __main__ — Attempt 1/3 failed for new_york_city_page_01.png: 402 Client Error: Payment Required for url: https://image.pollinations.ai/prompt/Capybara%20arrives%20at%20the%20New%20York%20City%20airport%2C%20holding%20a%20small%20rolling%20suitcase%2C%20looking%20happy%20and%20excited.%20Setting%3A%20Statue%20of%20Liberty%3B%20%20Central%20Park.%20kawaii%20coloring%20book%2C%20black-and-white%20line%20art%2C%20thick%20clean%20outlines%2C%20no%20shading%2C%20no%20grayscale%2C%20large%20open%20coloring%20spaces%2C%20cozy%20storybook%20style%2C%20cute%20capybara%20mascot%2C%20no%20humans%2C%20anthropomorphic%20animals%20only?width=850&height=1100&model=flux&nologo=true&seed=1547686829
2026-05-28 16:31:52,580 [WARNING] __main__ — Attempt 1/3 failed for new_york_city_page_03.png: 402 Client Error: Payment Required for url: https://image.pollinations.ai/prompt/Capybara%20checks%20into%20a%20cozy%20New%20York%20City-style%20inn%2C%20unpacking%20a%20small%20bag%20on%20the%20bed.%20Setting%3A%20Statue%20of%20Liberty%3B%20%20Central%20Park.%20kawaii%20coloring%20book%2C%20black-and-white%20line%20art%2C%20thick%20clean%20outlines%2C%20no%20shading%2C%20no%20grayscale%2C%20large%20open%20coloring%20spaces%2C%20cozy%20storybook%20style%2C%20cute%20capybara%20mascot%2C%20no%20humans%2C%20anthropomorphic%20animals%20only?width=850&height=1100&model=flux&nologo=true&seed=161348088
2026-05-28 16:31:54,813 [WARNING] __main__ — Attempt 2/3 failed for new_york_city_page_01.png: 402 Client Error: Payment Required for url: https://image.pollinations.ai/prompt/Capybara%20arrives%20at%20the%20New%20York%20City%20airport%2C%20holding%20a%20small%20rolling%20suitcase%2C%20looking%20happy%20and%20excited.%20Setting%3A%20Statue%20of%20Liberty%3B%20%20Central%20Park.%20kawaii%20coloring%20book%2C%20black-and-white%20line%20art%2C%20thick%20clean%20outlines%2C%20no%20shading%2C%20no%20grayscale%2C%20large%20open%20coloring%20spaces%2C%20cozy%20storybook%20style%2C%20cute%20capybara%20mascot%2C%20no%20humans%2C%20anthropomorphic%20animals%20only?width=850&height=1100&model=flux&nologo=true&seed=1547686829
2026-05-28 16:31:55,127 [WARNING] __main__ — Attempt 2/3 failed for new_york_city_page_03.png: 402 Client Error: Payment Required for url: https://image.pollinations.ai/prompt/Capybara%20checks%20into%20a%20cozy%20New%20York%20City-style%20inn%2C%20unpacking%20a%20small%20bag%20on%20the%20bed.%20Setting%3A%20Statue%20of%20Liberty%3B%20%20Central%20Park.%20kawaii%20coloring%20book%2C%20black-and-white%20line%20art%2C%20thick%20clean%20outlines%2C%20no%20shading%2C%20no%20grayscale%2C%20large%20open%20coloring%20spaces%2C%20cozy%20storybook%20style%2C%20cute%20capybara%20mascot%2C%20no%20humans%2C%20anthropomorphic%20animals%20only?width=850&height=1100&model=flux&nologo=true&seed=161348088
2026-05-28 16:31:59,280 [WARNING] __main__ — Attempt 3/3 failed for new_york_city_page_01.png: 402 Client Error: Payment Required for url: https://image.pollinations.ai/prompt/Capybara%20arrives%20at%20the%20New%20York%20City%20airport%2C%20holding%20a%20small%20rolling%20suitcase%2C%20looking%20happy%20and%20excited.%20Setting%3A%20Statue%20of%20Liberty%3B%20%20Central%20Park.%20kawaii%20coloring%20book%2C%20black-and-white%20line%20art%2C%20thick%20clean%20outlines%2C%20no%20shading%2C%20no%20grayscale%2C%20large%20open%20coloring%20spaces%2C%20cozy%20storybook%20style%2C%20cute%20capybara%20mascot%2C%20no%20humans%2C%20anthropomorphic%20animals%20only?width=850&height=1100&model=flux&nologo=true&seed=1547686829
2026-05-28 16:31:59,281 [INFO] __main__ — Generating page 05/30: landmark_1
2026-05-28 16:31:59,281 [ERROR] __main__ — Page 01 failed: 402 Client Error: Payment Required for url: https://image.pollinations.ai/prompt/Capybara%20arrives%20at%20the%20New%20York%20City%20airport%2C%20holding%20a%20small%20rolling%20suitcase%2C%20looking%20happy%20and%20excited.%20Setting%3A%20Statue%20of%20Liberty%3B%20%20Central%20Park.%20kawaii%20coloring%20book%2C%20black-and-white%20line%20art%2C%20thick%20clean%20outlines%2C%20no%20shading%2C%20no%20grayscale%2C%20large%20open%20coloring%20spaces%2C%20cozy%20storybook%20style%2C%20cute%20capybara%20mascot%2C%20no%20humans%2C%20anthropomorphic%20animals%20only?width=850&height=1100&model=flux&nologo=true&seed=1547686829
2026-05-28 16:31:59,434 [WARNING] __main__ — Attempt 3/3 failed for new_york_city_page_03.png: 402 Client Error: Payment Required for url: https://image.pollinations.ai/prompt/Capybara%20checks%20into%20a%20cozy%20New%20York%20City-style%20inn%2C%20unpacking%20a%20small%20bag%20on%20the%20bed.%20Setting%3A%20Statue%20of%20Liberty%3B%20%20Central%20Park.%20kawaii%20coloring%20book%2C%20black-and-white%20line%20art%2C%20thick%20clean%20outlines%2C%20no%20shading%2C%20no%20grayscale%2C%20large%20open%20coloring%20spaces%2C%20cozy%20storybook%20style%2C%20cute%20capybara%20mascot%2C%20no%20humans%2C%20anthropomorphic%20animals%20only?width=850&height=1100&model=flux&nologo=true&seed=161348088
2026-05-28 16:31:59,434 [INFO] __main__ — Generating page 06/30: photo
2026-05-28 16:31:59,434 [ERROR] __main__ — Page 03 failed: 402 Client Error: Payment Required for url: https://image.pollinations.ai/prompt/Capybara%20checks%20into%20a%20cozy%20New%20York%20City-style%20inn%2C%20unpacking%20a%20small%20bag%20on%20the%20bed.%20Setting%3A%20Statue%20of%20Liberty%3B%20%20Central%20Park.%20kawaii%20coloring%20book%2C%20black-and-white%20line%20art%2C%20thick%20clean%20outlines%2C%20no%20shading%2C%20no%20grayscale%2C%20large%20open%20coloring%20spaces%2C%20cozy%20storybook%20style%2C%20cute%20capybara%20mascot%2C%20no%20humans%2C%20anthropomorphic%20animals%20only?width=850&height=1100&model=flux&nologo=true&seed=161348088
2026-05-28 16:32:01,076 [WARNING] __main__ — Attempt 1/3 failed for new_york_city_page_05.png: 402 Client Error: Payment Required for url: https://image.pollinations.ai/prompt/Capybara%20stands%20proudly%20in%20front%20of%20a%20famous%20New%20York%20City%20landmark%2C%20pointing%20at%20it%20with%20joy.%20Setting%3A%20Statue%20of%20Liberty%3B%20%20Central%20Park.%20kawaii%20coloring%20book%2C%20black-and-white%20line%20art%2C%20thick%20clean%20outlines%2C%20no%20shading%2C%20no%20grayscale%2C%20large%20open%20coloring%20spaces%2C%20cozy%20storybook%20style%2C%20cute%20capybara%20mascot%2C%20no%20humans%2C%20anthropomorphic%20animals%20only?width=850&height=1100&model=flux&nologo=true&seed=1650620511
2026-05-28 16:32:01,215 [WARNING] __main__ — Attempt 1/3 failed for new_york_city_page_06.png: 402 Client Error: Payment Required for url: https://image.pollinations.ai/prompt/Capybara%20poses%20for%20a%20souvenir%20photo%20at%20the%20New%20York%20City%20landmark%2C%20giving%20a%20peace%20sign.%20Setting%3A%20Statue%20of%20Liberty%3B%20%20Central%20Park.%20kawaii%20coloring%20book%2C%20black-and-white%20line%20art%2C%20thick%20clean%20outlines%2C%20no%20shading%2C%20no%20grayscale%2C%20large%20open%20coloring%20spaces%2C%20cozy%20storybook%20style%2C%20cute%20capybara%20mascot%2C%20no%20humans%2C%20anthropomorphic%20animals%20only?width=850&height=1100&model=flux&nologo=true&seed=678305192
2026-05-28 16:32:03,386 [WARNING] __main__ — Attempt 2/3 failed for new_york_city_page_05.png: 402 Client Error: Payment Required for url: https://image.pollinations.ai/prompt/Capybara%20stands%20proudly%20in%20front%20of%20a%20famous%20New%20York%20City%20landmark%2C%20pointing%20at%20it%20with%20joy.%20Setting%3A%20Statue%20of%20Liberty%3B%20%20Central%20Park.%20kawaii%20coloring%20book%2C%20black-and-white%20line%20art%2C%20thick%20clean%20outlines%2C%20no%20shading%2C%20no%20grayscale%2C%20large%20open%20coloring%20spaces%2C%20cozy%20storybook%20style%2C%20cute%20capybara%20mascot%2C%20no%20humans%2C%20anthropomorphic%20animals%20only?width=850&height=1100&model=flux&nologo=true&seed=1650620511
2026-05-28 16:32:03,498 [WARNING] __main__ — Attempt 2/3 failed for new_york_city_page_06.png: 402 Client Error: Payment Required for url: https://image.pollinations.ai/prompt/Capybara%20poses%20for%20a%20souvenir%20photo%20at%20the%20New%20York%20City%20landmark%2C%20giving%20a%20peace%20sign.%20Setting%3A%20Statue%20of%20Liberty%3B%20%20Central%20Park.%20kawaii%20coloring%20book%2C%20black-and-white%20line%20art%2C%20thick%20clean%20outlines%2C%20no%20shading%2C%20no%20grayscale%2C%20large%20open%20coloring%20spaces%2C%20cozy%20storybook%20style%2C%20cute%20capybara%20mascot%2C%20no%20humans%2C%20anthropomorphic%20animals%20only?width=850&height=1100&model=flux&nologo=true&seed=678305192
2026-05-28 16:32:07,672 [WARNING] __main__ — Attempt 3/3 failed for new_york_city_page_05.png: 402 Client Error: Payment Required for url: https://image.pollinations.ai/prompt/Capybara%20stands%20proudly%20in%20front%20of%20a%20famous%20New%20York%20City%20landmark%2C%20pointing%20at%20it%20with%20joy.%20Setting%3A%20Statue%20of%20Liberty%3B%20%20Central%20Park.%20kawaii%20coloring%20book%2C%20black-and-white%20line%20art%2C%20thick%20clean%20outlines%2C%20no%20shading%2C%20no%20grayscale%2C%20large%20open%20coloring%20spaces%2C%20cozy%20storybook%20style%2C%20cute%20capybara%20mascot%2C%20no%20humans%2C%20anthropomorphic%20animals%20only?width=850&height=1100&model=flux&nologo=true&seed=1650620511
2026-05-28 16:32:07,673 [INFO] __main__ — Generating page 07/30: market
2026-05-28 16:32:07,673 [ERROR] __main__ — Page 05 failed: 402 Client Error: Payment Required for url: https://image.pollinations.ai/prompt/Capybara%20stands%20proudly%20in%20front%20of%20a%20famous%20New%20York%20City%20landmark%2C%20pointing%20at%20it%20with%20joy.%20Setting%3A%20Statue%20of%20Liberty%3B%20%20Central%20Park.%20kawaii%20coloring%20book%2C%20black-and-white%20line%20art%2C%20thick%20clean%20outlines%2C%20no%20shading%2C%20no%20grayscale%2C%20large%20open%20coloring%20spaces%2C%20cozy%20storybook%20style%2C%20cute%20capybara%20mascot%2C%20no%20humans%2C%20anthropomorphic%20animals%20only?width=850&height=1100&model=flux&nologo=true&seed=1650620511
2026-05-28 16:32:07,780 [WARNING] __main__ — Attempt 3/3 failed for new_york_city_page_06.png: 402 Client Error: Payment Required for url: https://image.pollinations.ai/prompt/Capybara%20poses%20for%20a%20souvenir%20photo%20at%20the%20New%20York%20City%20landmark%2C%20giving%20a%20peace%20sign.%20Setting%3A%20Statue%20of%20Liberty%3B%20%20Central%20Park.%20kawaii%20coloring%20book%2C%20black-and-white%20line%20art%2C%20thick%20clean%20outlines%2C%20no%20shading%2C%20no%20grayscale%2C%20large%20open%20coloring%20spaces%2C%20cozy%20storybook%20style%2C%20cute%20capybara%20mascot%2C%20no%20humans%2C%20anthropomorphic%20animals%20only?width=850&height=1100&model=flux&nologo=true&seed=678305192
2026-05-28 16:32:07,780 [INFO] __main__ — Generating page 08/30: street_food
2026-05-28 16:32:07,781 [ERROR] __main__ — Page 06 failed: 402 Client Error: Payment Required for url: https://image.pollinations.ai/prompt/Capybara%20poses%20for%20a%20souvenir%20photo%20at%20the%20New%20York%20City%20landmark%2C%20giving%20a%20peace%20sign.%20Setting%3A%20Statue%20of%20Liberty%3B%20%20Central%20Park.%20kawaii%20coloring%20book%2C%20black-and-white%20line%20art%2C%20thick%20clean%20outlines%2C%20no%20shading%2C%20no%20grayscale%2C%20large%20open%20coloring%20spaces%2C%20cozy%20storybook%20style%2C%20cute%20capybara%20mascot%2C%20no%20humans%2C%20anthropomorphic%20animals%20only?width=850&height=1100&model=flux&nologo=true&seed=678305192
2026-05-28 16:32:09,466 [WARNING] __main__ — Attempt 1/3 failed for new_york_city_page_07.png: 402 Client Error: Payment Required for url: https://image.pollinations.ai/prompt/Capybara%20explores%20a%20colorful%20New%20York%20City%20street%20market%2C%20curiously%20looking%20at%20goods%20on%20display.%20Setting%3A%20Statue%20of%20Liberty%3B%20%20Central%20Park.%20kawaii%20coloring%20book%2C%20black-and-white%20line%20art%2C%20thick%20clean%20outlines%2C%20no%20shading%2C%20no%20grayscale%2C%20large%20open%20coloring%20spaces%2C%20cozy%20storybook%20style%2C%20cute%20capybara%20mascot%2C%20no%20humans%2C%20anthropomorphic%20animals%20only?width=850&height=1100&model=flux&nologo=true&seed=1640931791
2026-05-28 16:32:09,571 [WARNING] __main__ — Attempt 1/3 failed for new_york_city_page_08.png: 402 Client Error: Payment Required for url: https://image.pollinations.ai/prompt/Capybara%20tries%20a%20popular%20New%20York%20City%20street%20food%20for%20the%20first%20time%2C%20holding%20it%20up%20delightedly.%20Setting%3A%20Statue%20of%20Liberty%3B%20%20Central%20Park.%20kawaii%20coloring%20book%2C%20black-and-white%20line%20art%2C%20thick%20clean%20outlines%2C%20no%20shading%2C%20no%20grayscale%2C%20large%20open%20coloring%20spaces%2C%20cozy%20storybook%20style%2C%20cute%20capybara%20mascot%2C%20no%20humans%2C%20anthropomorphic%20animals%20only?width=850&height=1100&model=flux&nologo=true&seed=1001544822
2026-05-28 16:32:11,856 [WARNING] __main__ — Attempt 2/3 failed for new_york_city_page_08.png: 402 Client Error: Payment Required for url: https://image.pollinations.ai/prompt/Capybara%20tries%20a%20popular%20New%20York%20City%20street%20food%20for%20the%20first%20time%2C%20holding%20it%20up%20delightedly.%20Setting%3A%20Statue%20of%20Liberty%3B%20%20Central%20Park.%20kawaii%20coloring%20book%2C%20black-and-white%20line%20art%2C%20thick%20clean%20outlines%2C%20no%20shading%2C%20no%20grayscale%2C%20large%20open%20coloring%20spaces%2C%20cozy%20storybook%20style%2C%20cute%20capybara%20mascot%2C%20no%20humans%2C%20anthropomorphic%20animals%20only?width=850&height=1100&model=flux&nologo=true&seed=1001544822
2026-05-28 16:32:11,922 [WARNING] __main__ — Attempt 2/3 failed for new_york_city_page_07.png: 402 Client Error: Payment Required for url: https://image.pollinations.ai/prompt/Capybara%20explores%20a%20colorful%20New%20York%20City%20street%20market%2C%20curiously%20looking%20at%20goods%20on%20display.%20Setting%3A%20Statue%20of%20Liberty%3B%20%20Central%20Park.%20kawaii%20coloring%20book%2C%20black-and-white%20line%20art%2C%20thick%20clean%20outlines%2C%20no%20shading%2C%20no%20grayscale%2C%20large%20open%20coloring%20spaces%2C%20cozy%20storybook%20style%2C%20cute%20capybara%20mascot%2C%20no%20humans%2C%20anthropomorphic%20animals%20only?width=850&height=1100&model=flux&nologo=true&seed=1640931791
2026-05-28 16:32:16,156 [WARNING] __main__ — Attempt 3/3 failed for new_york_city_page_08.png: 402 Client Error: Payment Required for url: https://image.pollinations.ai/prompt/Capybara%20tries%20a%20popular%20New%20York%20City%20street%20food%20for%20the%20first%20time%2C%20holding%20it%20up%20delightedly.%20Setting%3A%20Statue%20of%20Liberty%3B%20%20Central%20Park.%20kawaii%20coloring%20book%2C%20black-and-white%20line%20art%2C%20thick%20clean%20outlines%2C%20no%20shading%2C%20no%20grayscale%2C%20large%20open%20coloring%20spaces%2C%20cozy%20storybook%20style%2C%20cute%20capybara%20mascot%2C%20no%20humans%2C%20anthropomorphic%20animals%20only?width=850&height=1100&model=flux&nologo=true&seed=1001544822
2026-05-28 16:32:16,157 [INFO] __main__ — Generating page 09/30: park
2026-05-28 16:32:16,157 [ERROR] __main__ — Page 08 failed: 402 Client Error: Payment Required for url: https://image.pollinations.ai/prompt/Capybara%20tries%20a%20popular%20New%20York%20City%20street%20food%20for%20the%20first%20time%2C%20holding%20it%20up%20delightedly.%20Setting%3A%20Statue%20of%20Liberty%3B%20%20Central%20Park.%20kawaii%20coloring%20book%2C%20black-and-white%20line%20art%2C%20thick%20clean%20outlines%2C%20no%20shading%2C%20no%20grayscale%2C%20large%20open%20coloring%20spaces%2C%20cozy%20storybook%20style%2C%20cute%20capybara%20mascot%2C%20no%20humans%2C%20anthropomorphic%20animals%20only?width=850&height=1100&model=flux&nologo=true&seed=1001544822
2026-05-28 16:32:16,229 [WARNING] __main__ — Attempt 3/3 failed for new_york_city_page_07.png: 402 Client Error: Payment Required for url: https://image.pollinations.ai/prompt/Capybara%20explores%20a%20colorful%20New%20York%20City%20street%20market%2C%20curiously%20looking%20at%20goods%20on%20display.%20Setting%3A%20Statue%20of%20Liberty%3B%20%20Central%20Park.%20kawaii%20coloring%20book%2C%20black-and-white%20line%20art%2C%20thick%20clean%20outlines%2C%20no%20shading%2C%20no%20grayscale%2C%20large%20open%20coloring%20spaces%2C%20cozy%20storybook%20style%2C%20cute%20capybara%20mascot%2C%20no%20humans%2C%20anthropomorphic%20animals%20only?width=850&height=1100&model=flux&nologo=true&seed=1640931791
2026-05-28 16:32:16,229 [INFO] __main__ — Generating page 10/30: local_animal
2026-05-28 16:32:16,229 [ERROR] __main__ — Page 07 failed: 402 Client Error: Payment Required for url: https://image.pollinations.ai/prompt/Capybara%20explores%20a%20colorful%20New%20York%20City%20street%20market%2C%20curiously%20looking%20at%20goods%20on%20display.%20Setting%3A%20Statue%20of%20Liberty%3B%20%20Central%20Park.%20kawaii%20coloring%20book%2C%20black-and-white%20line%20art%2C%20thick%20clean%20outlines%2C%20no%20shading%2C%20no%20grayscale%2C%20large%20open%20coloring%20spaces%2C%20cozy%20storybook%20style%2C%20cute%20capybara%20mascot%2C%20no%20humans%2C%20anthropomorphic%20animals%20only?width=850&height=1100&model=flux&nologo=true&seed=1640931791
2026-05-28 16:32:17,936 [WARNING] __main__ — Attempt 1/3 failed for new_york_city_page_09.png: 402 Client Error: Payment Required for url: https://image.pollinations.ai/prompt/Capybara%20relaxes%20in%20a%20lush%20New%20York%20City%20park%20or%20garden%2C%20surrounded%20by%20flowers%20and%20plants.%20Setting%3A%20Statue%20of%20Liberty%3B%20%20Central%20Park.%20kawaii%20coloring%20book%2C%20black-and-white%20line%20art%2C%20thick%20clean%20outlines%2C%20no%20shading%2C%20no%20grayscale%2C%20large%20open%20coloring%20spaces%2C%20cozy%20storybook%20style%2C%20cute%20capybara%20mascot%2C%20no%20humans%2C%20anthropomorphic%20animals%20only?width=850&height=1100&model=flux&nologo=true&seed=1932437659
2026-05-28 16:32:18,004 [WARNING] __main__ — Attempt 1/3 failed for new_york_city_page_10.png: 402 Client Error: Payment Required for url: https://image.pollinations.ai/prompt/Capybara%20meets%20and%20befriends%20a%20cute%20local%20animal%20that%20is%20famous%20in%20New%20York%20City.%20Setting%3A%20Statue%20of%20Liberty%3B%20%20Central%20Park.%20kawaii%20coloring%20book%2C%20black-and-white%20line%20art%2C%20thick%20clean%20outlines%2C%20no%20shading%2C%20no%20grayscale%2C%20large%20open%20coloring%20spaces%2C%20cozy%20storybook%20style%2C%20cute%20capybara%20mascot%2C%20no%20humans%2C%20anthropomorphic%20animals%20only?width=850&height=1100&model=flux&nologo=true&seed=1846235764
2026-05-28 16:32:20,252 [WARNING] __main__ — Attempt 2/3 failed for new_york_city_page_09.png: 402 Client Error: Payment Required for url: https://image.pollinations.ai/prompt/Capybara%20relaxes%20in%20a%20lush%20New%20York%20City%20park%20or%20garden%2C%20surrounded%20by%20flowers%20and%20plants.%20Setting%3A%20Statue%20of%20Liberty%3B%20%20Central%20Park.%20kawaii%20coloring%20book%2C%20black-and-white%20line%20art%2C%20thick%20clean%20outlines%2C%20no%20shading%2C%20no%20grayscale%2C%20large%20open%20coloring%20spaces%2C%20cozy%20storybook%20style%2C%20cute%20capybara%20mascot%2C%20no%20humans%2C%20anthropomorphic%20animals%20only?width=850&height=1100&model=flux&nologo=true&seed=1932437659
2026-05-28 16:32:20,288 [WARNING] __main__ — Attempt 2/3 failed for new_york_city_page_10.png: 402 Client Error: Payment Required for url: https://image.pollinations.ai/prompt/Capybara%20meets%20and%20befriends%20a%20cute%20local%20animal%20that%20is%20famous%20in%20New%20York%20City.%20Setting%3A%20Statue%20of%20Liberty%3B%20%20Central%20Park.%20kawaii%20coloring%20book%2C%20black-and-white%20line%20art%2C%20thick%20clean%20outlines%2C%20no%20shading%2C%20no%20grayscale%2C%20large%20open%20coloring%20spaces%2C%20cozy%20storybook%20style%2C%20cute%20capybara%20mascot%2C%20no%20humans%2C%20anthropomorphic%20animals%20only?width=850&height=1100&model=flux&nologo=true&seed=1846235764
2026-05-28 16:32:24,539 [WARNING] __main__ — Attempt 3/3 failed for new_york_city_page_09.png: 402 Client Error: Payment Required for url: https://image.pollinations.ai/prompt/Capybara%20relaxes%20in%20a%20lush%20New%20York%20City%20park%20or%20garden%2C%20surrounded%20by%20flowers%20and%20plants.%20Setting%3A%20Statue%20of%20Liberty%3B%20%20Central%20Park.%20kawaii%20coloring%20book%2C%20black-and-white%20line%20art%2C%20thick%20clean%20outlines%2C%20no%20shading%2C%20no%20grayscale%2C%20large%20open%20coloring%20spaces%2C%20cozy%20storybook%20style%2C%20cute%20capybara%20mascot%2C%20no%20humans%2C%20anthropomorphic%20animals%20only?width=850&height=1100&model=flux&nologo=true&seed=1932437659
2026-05-28 16:32:24,540 [INFO] __main__ — Generating page 11/30: transport
2026-05-28 16:32:24,541 [ERROR] __main__ — Page 09 failed: 402 Client Error: Payment Required for url: https://image.pollinations.ai/prompt/Capybara%20relaxes%20in%20a%20lush%20New%20York%20City%20park%20or%20garden%2C%20surrounded%20by%20flowers%20and%20plants.%20Setting%3A%20Statue%20of%20Liberty%3B%20%20Central%20Park.%20kawaii%20coloring%20book%2C%20black-and-white%20line%20art%2C%20thick%20clean%20outlines%2C%20no%20shading%2C%20no%20grayscale%2C%20large%20open%20coloring%20spaces%2C%20cozy%20storybook%20style%2C%20cute%20capybara%20mascot%2C%20no%20humans%2C%20anthropomorphic%20animals%20only?width=850&height=1100&model=flux&nologo=true&seed=1932437659
2026-05-28 16:32:24,581 [WARNING] __main__ — Attempt 3/3 failed for new_york_city_page_10.png: 402 Client Error: Payment Required for url: https://image.pollinations.ai/prompt/Capybara%20meets%20and%20befriends%20a%20cute%20local%20animal%20that%20is%20famous%20in%20New%20York%20City.%20Setting%3A%20Statue%20of%20Liberty%3B%20%20Central%20Park.%20kawaii%20coloring%20book%2C%20black-and-white%20line%20art%2C%20thick%20clean%20outlines%2C%20no%20shading%2C%20no%20grayscale%2C%20large%20open%20coloring%20spaces%2C%20cozy%20storybook%20style%2C%20cute%20capybara%20mascot%2C%20no%20humans%2C%20anthropomorphic%20animals%20only?width=850&height=1100&model=flux&nologo=true&seed=1846235764
2026-05-28 16:32:24,581 [INFO] __main__ — Generating page 12/30: landmark_2
2026-05-28 16:32:24,581 [ERROR] __main__ — Page 10 failed: 402 Client Error: Payment Required for url: https://image.pollinations.ai/prompt/Capybara%20meets%20and%20befriends%20a%20cute%20local%20animal%20that%20is%20famous%20in%20New%20York%20City.%20Setting%3A%20Statue%20of%20Liberty%3B%20%20Central%20Park.%20kawaii%20coloring%20book%2C%20black-and-white%20line%20art%2C%20thick%20clean%20outlines%2C%20no%20shading%2C%20no%20grayscale%2C%20large%20open%20coloring%20spaces%2C%20cozy%20storybook%20style%2C%20cute%20capybara%20mascot%2C%20no%20humans%2C%20anthropomorphic%20animals%20only?width=850&height=1100&model=flux&nologo=true&seed=1846235764
2026-05-28 16:32:26,337 [WARNING] __main__ — Attempt 1/3 failed for new_york_city_page_11.png: 402 Client Error: Payment Required for url: https://image.pollinations.ai/prompt/Capybara%20rides%20a%20classic%20New%20York%20City%20form%20of%20transportation%2C%20waving%20cheerfully%20out%20the%20window.%20Setting%3A%20Statue%20of%20Liberty%3B%20%20Central%20Park.%20kawaii%20coloring%20book%2C%20black-and-white%20line%20art%2C%20thick%20clean%20outlines%2C%20no%20shading%2C%20no%20grayscale%2C%20large%20open%20coloring%20spaces%2C%20cozy%20storybook%20style%2C%20cute%20capybara%20mascot%2C%20no%20humans%2C%20anthropomorphic%20animals%20only?width=850&height=1100&model=flux&nologo=true&seed=502331376
2026-05-28 16:32:26,392 [WARNING] __main__ — Attempt 1/3 failed for new_york_city_page_12.png: 402 Client Error: Payment Required for url: https://image.pollinations.ai/prompt/Capybara%20visits%20a%20second%20iconic%20New%20York%20City%20landmark%2C%20sketchbook%20in%20hand%2C%20drawing%20it.%20Setting%3A%20Statue%20of%20Liberty%3B%20%20Central%20Park.%20kawaii%20coloring%20book%2C%20black-and-white%20line%20art%2C%20thick%20clean%20outlines%2C%20no%20shading%2C%20no%20grayscale%2C%20large%20open%20coloring%20spaces%2C%20cozy%20storybook%20style%2C%20cute%20capybara%20mascot%2C%20no%20humans%2C%20anthropomorphic%20animals%20only?width=850&height=1100&model=flux&nologo=true&seed=1791566992
2026-05-28 16:32:28,621 [WARNING] __main__ — Attempt 2/3 failed for new_york_city_page_11.png: 402 Client Error: Payment Required for url: https://image.pollinations.ai/prompt/Capybara%20rides%20a%20classic%20New%20York%20City%20form%20of%20transportation%2C%20waving%20cheerfully%20out%20the%20window.%20Setting%3A%20Statue%20of%20Liberty%3B%20%20Central%20Park.%20kawaii%20coloring%20book%2C%20black-and-white%20line%20art%2C%20thick%20clean%20outlines%2C%20no%20shading%2C%20no%20grayscale%2C%20large%20open%20coloring%20spaces%2C%20cozy%20storybook%20style%2C%20cute%20capybara%20mascot%2C%20no%20humans%2C%20anthropomorphic%20animals%20only?width=850&height=1100&model=flux&nologo=true&seed=502331376
2026-05-28 16:32:28,687 [WARNING] __main__ — Attempt 2/3 failed for new_york_city_page_12.png: 402 Client Error: Payment Required for url: https://image.pollinations.ai/prompt/Capybara%20visits%20a%20second%20iconic%20New%20York%20City%20landmark%2C%20sketchbook%20in%20hand%2C%20drawing%20it.%20Setting%3A%20Statue%20of%20Liberty%3B%20%20Central%20Park.%20kawaii%20coloring%20book%2C%20black-and-white%20line%20art%2C%20thick%20clean%20outlines%2C%20no%20shading%2C%20no%20grayscale%2C%20large%20open%20coloring%20spaces%2C%20cozy%20storybook%20style%2C%20cute%20capybara%20mascot%2C%20no%20humans%2C%20anthropomorphic%20animals%20only?width=850&height=1100&model=flux&nologo=true&seed=1791566992
2026-05-28 16:32:32,913 [WARNING] __main__ — Attempt 3/3 failed for new_york_city_page_11.png: 402 Client Error: Payment Required for url: https://image.pollinations.ai/prompt/Capybara%20rides%20a%20classic%20New%20York%20City%20form%20of%20transportation%2C%20waving%20cheerfully%20out%20the%20window.%20Setting%3A%20Statue%20of%20Liberty%3B%20%20Central%20Park.%20kawaii%20coloring%20book%2C%20black-and-white%20line%20art%2C%20thick%20clean%20outlines%2C%20no%20shading%2C%20no%20grayscale%2C%20large%20open%20coloring%20spaces%2C%20cozy%20storybook%20style%2C%20cute%20capybara%20mascot%2C%20no%20humans%2C%20anthropomorphic%20animals%20only?width=850&height=1100&model=flux&nologo=true&seed=502331376
2026-05-28 16:32:32,914 [INFO] __main__ — Generating page 13/30: shopping
2026-05-28 16:32:32,914 [ERROR] __main__ — Page 11 failed: 402 Client Error: Payment Required for url: https://image.pollinations.ai/prompt/Capybara%20rides%20a%20classic%20New%20York%20City%20form%20of%20transportation%2C%20waving%20cheerfully%20out%20the%20window.%20Setting%3A%20Statue%20of%20Liberty%3B%20%20Central%20Park.%20kawaii%20coloring%20book%2C%20black-and-white%20line%20art%2C%20thick%20clean%20outlines%2C%20no%20shading%2C%20no%20grayscale%2C%20large%20open%20coloring%20spaces%2C%20cozy%20storybook%20style%2C%20cute%20capybara%20mascot%2C%20no%20humans%2C%20anthropomorphic%20animals%20only?width=850&height=1100&model=flux&nologo=true&seed=502331376
2026-05-28 16:32:32,987 [WARNING] __main__ — Attempt 3/3 failed for new_york_city_page_12.png: 402 Client Error: Payment Required for url: https://image.pollinations.ai/prompt/Capybara%20visits%20a%20second%20iconic%20New%20York%20City%20landmark%2C%20sketchbook%20in%20hand%2C%20drawing%20it.%20Setting%3A%20Statue%20of%20Liberty%3B%20%20Central%20Park.%20kawaii%20coloring%20book%2C%20black-and-white%20line%20art%2C%20thick%20clean%20outlines%2C%20no%20shading%2C%20no%20grayscale%2C%20large%20open%20coloring%20spaces%2C%20cozy%20storybook%20style%2C%20cute%20capybara%20mascot%2C%20no%20humans%2C%20anthropomorphic%20animals%20only?width=850&height=1100&model=flux&nologo=true&seed=1791566992
2026-05-28 16:32:32,988 [INFO] __main__ — Generating page 14/30: craft
2026-05-28 16:32:32,988 [ERROR] __main__ — Page 12 failed: 402 Client Error: Payment Required for url: https://image.pollinations.ai/prompt/Capybara%20visits%20a%20second%20iconic%20New%20York%20City%20landmark%2C%20sketchbook%20in%20hand%2C%20drawing%20it.%20Setting%3A%20Statue%20of%20Liberty%3B%20%20Central%20Park.%20kawaii%20coloring%20book%2C%20black-and-white%20line%20art%2C%20thick%20clean%20outlines%2C%20no%20shading%2C%20no%20grayscale%2C%20large%20open%20coloring%20spaces%2C%20cozy%20storybook%20style%2C%20cute%20capybara%20mascot%2C%20no%20humans%2C%20anthropomorphic%20animals%20only?width=850&height=1100&model=flux&nologo=true&seed=1791566992
2026-05-28 16:32:34,728 [WARNING] __main__ — Attempt 1/3 failed for new_york_city_page_13.png: 402 Client Error: Payment Required for url: https://image.pollinations.ai/prompt/Capybara%20browses%20a%20New%20York%20City%20souvenir%20shop%2C%20holding%20up%20small%20trinkets%20with%20delight.%20Setting%3A%20Statue%20of%20Liberty%3B%20%20Central%20Park.%20kawaii%20coloring%20book%2C%20black-and-white%20line%20art%2C%20thick%20clean%20outlines%2C%20no%20shading%2C%20no%20grayscale%2C%20large%20open%20coloring%20spaces%2C%20cozy%20storybook%20style%2C%20cute%20capybara%20mascot%2C%20no%20humans%2C%20anthropomorphic%20animals%20only?width=850&height=1100&model=flux&nologo=true&seed=1004621660
2026-05-28 16:32:34,964 [WARNING] __main__ — Attempt 1/3 failed for new_york_city_page_14.png: 402 Client Error: Payment Required for url: https://image.pollinations.ai/prompt/Capybara%20learns%20a%20traditional%20New%20York%20City%20craft%20or%20art%20form%2C%20concentrating%20with%20a%20happy%20face.%20Setting%3A%20Statue%20of%20Liberty%3B%20%20Central%20Park.%20kawaii%20coloring%20book%2C%20black-and-white%20line%20art%2C%20thick%20clean%20outlines%2C%20no%20shading%2C%20no%20grayscale%2C%20large%20open%20coloring%20spaces%2C%20cozy%20storybook%20style%2C%20cute%20capybara%20mascot%2C%20no%20humans%2C%20anthropomorphic%20animals%20only?width=850&height=1100&model=flux&nologo=true&seed=1656155632
2026-05-28 16:32:37,010 [WARNING] __main__ — Attempt 2/3 failed for new_york_city_page_13.png: 402 Client Error: Payment Required for url: https://image.pollinations.ai/prompt/Capybara%20browses%20a%20New%20York%20City%20souvenir%20shop%2C%20holding%20up%20small%20trinkets%20with%20delight.%20Setting%3A%20Statue%20of%20Liberty%3B%20%20Central%20Park.%20kawaii%20coloring%20book%2C%20black-and-white%20line%20art%2C%20thick%20clean%20outlines%2C%20no%20shading%2C%20no%20grayscale%2C%20large%20open%20coloring%20spaces%2C%20cozy%20storybook%20style%2C%20cute%20capybara%20mascot%2C%20no%20humans%2C%20anthropomorphic%20animals%20only?width=850&height=1100&model=flux&nologo=true&seed=1004621660
2026-05-28 16:32:37,363 [WARNING] __main__ — Attempt 2/3 failed for new_york_city_page_14.png: 402 Client Error: Payment Required for url: https://image.pollinations.ai/prompt/Capybara%20learns%20a%20traditional%20New%20York%20City%20craft%20or%20art%20form%2C%20concentrating%20with%20a%20happy%20face.%20Setting%3A%20Statue%20of%20Liberty%3B%20%20Central%20Park.%20kawaii%20coloring%20book%2C%20black-and-white%20line%20art%2C%20thick%20clean%20outlines%2C%20no%20shading%2C%20no%20grayscale%2C%20large%20open%20coloring%20spaces%2C%20cozy%20storybook%20style%2C%20cute%20capybara%20mascot%2C%20no%20humans%2C%20anthropomorphic%20animals%20only?width=850&height=1100&model=flux&nologo=true&seed=1656155632
2026-05-28 16:32:41,349 [WARNING] __main__ — Attempt 3/3 failed for new_york_city_page_13.png: 402 Client Error: Payment Required for url: https://image.pollinations.ai/prompt/Capybara%20browses%20a%20New%20York%20City%20souvenir%20shop%2C%20holding%20up%20small%20trinkets%20with%20delight.%20Setting%3A%20Statue%20of%20Liberty%3B%20%20Central%20Park.%20kawaii%20coloring%20book%2C%20black-and-white%20line%20art%2C%20thick%20clean%20outlines%2C%20no%20shading%2C%20no%20grayscale%2C%20large%20open%20coloring%20spaces%2C%20cozy%20storybook%20style%2C%20cute%20capybara%20mascot%2C%20no%20humans%2C%20anthropomorphic%20animals%20only?width=850&height=1100&model=flux&nologo=true&seed=1004621660
2026-05-28 16:32:41,350 [INFO] __main__ — Generating page 15/30: temple
2026-05-28 16:32:41,350 [ERROR] __main__ — Page 13 failed: 402 Client Error: Payment Required for url: https://image.pollinations.ai/prompt/Capybara%20browses%20a%20New%20York%20City%20souvenir%20shop%2C%20holding%20up%20small%20trinkets%20with%20delight.%20Setting%3A%20Statue%20of%20Liberty%3B%20%20Central%20Park.%20kawaii%20coloring%20book%2C%20black-and-white%20line%20art%2C%20thick%20clean%20outlines%2C%20no%20shading%2C%20no%20grayscale%2C%20large%20open%20coloring%20spaces%2C%20cozy%20storybook%20style%2C%20cute%20capybara%20mascot%2C%20no%20humans%2C%20anthropomorphic%20animals%20only?width=850&height=1100&model=flux&nologo=true&seed=1004621660
2026-05-28 16:32:43,258 [WARNING] __main__ — Attempt 3/3 failed for new_york_city_page_14.png: 402 Client Error: Payment Required for url: https://image.pollinations.ai/prompt/Capybara%20learns%20a%20traditional%20New%20York%20City%20craft%20or%20art%20form%2C%20concentrating%20with%20a%20happy%20face.%20Setting%3A%20Statue%20of%20Liberty%3B%20%20Central%20Park.%20kawaii%20coloring%20book%2C%20black-and-white%20line%20art%2C%20thick%20clean%20outlines%2C%20no%20shading%2C%20no%20grayscale%2C%20large%20open%20coloring%20spaces%2C%20cozy%20storybook%20style%2C%20cute%20capybara%20mascot%2C%20no%20humans%2C%20anthropomorphic%20animals%20only?width=850&height=1100&model=flux&nologo=true&seed=1656155632
2026-05-28 16:32:43,259 [WARNING] __main__ — Attempt 1/3 failed for new_york_city_page_15.png: 402 Client Error: Payment Required for url: https://image.pollinations.ai/prompt/Capybara%20visits%20a%20historic%20New%20York%20City%20temple%20or%20cultural%20building%2C%20walking%20quietly%20with%20awe.%20Setting%3A%20Statue%20of%20Liberty%3B%20%20Central%20Park.%20kawaii%20coloring%20book%2C%20black-and-white%20line%20art%2C%20thick%20clean%20outlines%2C%20no%20shading%2C%20no%20grayscale%2C%20large%20open%20coloring%20spaces%2C%20cozy%20storybook%20style%2C%20cute%20capybara%20mascot%2C%20no%20humans%2C%20anthropomorphic%20animals%20only?width=850&height=1100&model=flux&nologo=true&seed=1703530084
2026-05-28 16:32:43,259 [INFO] __main__ — Generating page 16/30: viewpoint
2026-05-28 16:32:43,259 [ERROR] __main__ — Page 14 failed: 402 Client Error: Payment Required for url: https://image.pollinations.ai/prompt/Capybara%20learns%20a%20traditional%20New%20York%20City%20craft%20or%20art%20form%2C%20concentrating%20with%20a%20happy%20face.%20Setting%3A%20Statue%20of%20Liberty%3B%20%20Central%20Park.%20kawaii%20coloring%20book%2C%20black-and-white%20line%20art%2C%20thick%20clean%20outlines%2C%20no%20shading%2C%20no%20grayscale%2C%20large%20open%20coloring%20spaces%2C%20cozy%20storybook%20style%2C%20cute%20capybara%20mascot%2C%20no%20humans%2C%20anthropomorphic%20animals%20only?width=850&height=1100&model=flux&nologo=true&seed=1656155632
2026-05-28 16:32:45,050 [WARNING] __main__ — Attempt 1/3 failed for new_york_city_page_16.png: 402 Client Error: Payment Required for url: https://image.pollinations.ai/prompt/Capybara%20sits%20at%20a%20scenic%20hilltop%20or%20viewpoint%20overlooking%20New%20York%20City%2C%20looking%20peaceful.%20Setting%3A%20Statue%20of%20Liberty%3B%20%20Central%20Park.%20kawaii%20coloring%20book%2C%20black-and-white%20line%20art%2C%20thick%20clean%20outlines%2C%20no%20shading%2C%20no%20grayscale%2C%20large%20open%20coloring%20spaces%2C%20cozy%20storybook%20style%2C%20cute%20capybara%20mascot%2C%20no%20humans%2C%20anthropomorphic%20animals%20only?width=850&height=1100&model=flux&nologo=true&seed=777015701
2026-05-28 16:32:46,867 [WARNING] __main__ — Attempt 2/3 failed for new_york_city_page_15.png: 402 Client Error: Payment Required for url: https://image.pollinations.ai/prompt/Capybara%20visits%20a%20historic%20New%20York%20City%20temple%20or%20cultural%20building%2C%20walking%20quietly%20with%20awe.%20Setting%3A%20Statue%20of%20Liberty%3B%20%20Central%20Park.%20kawaii%20coloring%20book%2C%20black-and-white%20line%20art%2C%20thick%20clean%20outlines%2C%20no%20shading%2C%20no%20grayscale%2C%20large%20open%20coloring%20spaces%2C%20cozy%20storybook%20style%2C%20cute%20capybara%20mascot%2C%20no%20humans%2C%20anthropomorphic%20animals%20only?width=850&height=1100&model=flux&nologo=true&seed=1703530084
2026-05-28 16:32:48,857 [WARNING] __main__ — Attempt 2/3 failed for new_york_city_page_16.png: 402 Client Error: Payment Required for url: https://image.pollinations.ai/prompt/Capybara%20sits%20at%20a%20scenic%20hilltop%20or%20viewpoint%20overlooking%20New%20York%20City%2C%20looking%20peaceful.%20Setting%3A%20Statue%20of%20Liberty%3B%20%20Central%20Park.%20kawaii%20coloring%20book%2C%20black-and-white%20line%20art%2C%20thick%20clean%20outlines%2C%20no%20shading%2C%20no%20grayscale%2C%20large%20open%20coloring%20spaces%2C%20cozy%20storybook%20style%2C%20cute%20capybara%20mascot%2C%20no%20humans%2C%20anthropomorphic%20animals%20only?width=850&height=1100&model=flux&nologo=true&seed=777015701
2026-05-28 16:32:51,448 [WARNING] __main__ — Attempt 3/3 failed for new_york_city_page_15.png: 402 Client Error: Payment Required for url: https://image.pollinations.ai/prompt/Capybara%20visits%20a%20historic%20New%20York%20City%20temple%20or%20cultural%20building%2C%20walking%20quietly%20with%20awe.%20Setting%3A%20Statue%20of%20Liberty%3B%20%20Central%20Park.%20kawaii%20coloring%20book%2C%20black-and-white%20line%20art%2C%20thick%20clean%20outlines%2C%20no%20shading%2C%20no%20grayscale%2C%20large%20open%20coloring%20spaces%2C%20cozy%20storybook%20style%2C%20cute%20capybara%20mascot%2C%20no%20humans%2C%20anthropomorphic%20animals%20only?width=850&height=1100&model=flux&nologo=true&seed=1703530084
2026-05-28 16:32:51,449 [INFO] __main__ — Generating page 17/30: snack
2026-05-28 16:32:51,449 [ERROR] __main__ — Page 15 failed: 402 Client Error: Payment Required for url: https://image.pollinations.ai/prompt/Capybara%20visits%20a%20historic%20New%20York%20City%20temple%20or%20cultural%20building%2C%20walking%20quietly%20with%20awe.%20Setting%3A%20Statue%20of%20Liberty%3B%20%20Central%20Park.%20kawaii%20coloring%20book%2C%20black-and-white%20line%20art%2C%20thick%20clean%20outlines%2C%20no%20shading%2C%20no%20grayscale%2C%20large%20open%20coloring%20spaces%2C%20cozy%20storybook%20style%2C%20cute%20capybara%20mascot%2C%20no%20humans%2C%20anthropomorphic%20animals%20only?width=850&height=1100&model=flux&nologo=true&seed=1703530084
2026-05-28 16:32:53,292 [WARNING] __main__ — Attempt 3/3 failed for new_york_city_page_16.png: 402 Client Error: Payment Required for url: https://image.pollinations.ai/prompt/Capybara%20sits%20at%20a%20scenic%20hilltop%20or%20viewpoint%20overlooking%20New%20York%20City%2C%20looking%20peaceful.%20Setting%3A%20Statue%20of%20Liberty%3B%20%20Central%20Park.%20kawaii%20coloring%20book%2C%20black-and-white%20line%20art%2C%20thick%20clean%20outlines%2C%20no%20shading%2C%20no%20grayscale%2C%20large%20open%20coloring%20spaces%2C%20cozy%20storybook%20style%2C%20cute%20capybara%20mascot%2C%20no%20humans%2C%20anthropomorphic%20animals%20only?width=850&height=1100&model=flux&nologo=true&seed=777015701
2026-05-28 16:32:53,292 [WARNING] __main__ — Attempt 1/3 failed for new_york_city_page_17.png: 402 Client Error: Payment Required for url: https://image.pollinations.ai/prompt/Capybara%20enjoys%20an%20afternoon%20snack%20at%20a%20cozy%20New%20York%20City%20caf%C3%A9%2C%20warm%20drink%20in%20hand.%20Setting%3A%20Statue%20of%20Liberty%3B%20%20Central%20Park.%20kawaii%20coloring%20book%2C%20black-and-white%20line%20art%2C%20thick%20clean%20outlines%2C%20no%20shading%2C%20no%20grayscale%2C%20large%20open%20coloring%20spaces%2C%20cozy%20storybook%20style%2C%20cute%20capybara%20mascot%2C%20no%20humans%2C%20anthropomorphic%20animals%20only?width=850&height=1100&model=flux&nologo=true&seed=1095574667
2026-05-28 16:32:53,293 [INFO] __main__ — Generating page 18/30: festival
2026-05-28 16:32:53,293 [ERROR] __main__ — Page 16 failed: 402 Client Error: Payment Required for url: https://image.pollinations.ai/prompt/Capybara%20sits%20at%20a%20scenic%20hilltop%20or%20viewpoint%20overlooking%20New%20York%20City%2C%20looking%20peaceful.%20Setting%3A%20Statue%20of%20Liberty%3B%20%20Central%20Park.%20kawaii%20coloring%20book%2C%20black-and-white%20line%20art%2C%20thick%20clean%20outlines%2C%20no%20shading%2C%20no%20grayscale%2C%20large%20open%20coloring%20spaces%2C%20cozy%20storybook%20style%2C%20cute%20capybara%20mascot%2C%20no%20humans%2C%20anthropomorphic%20animals%20only?width=850&height=1100&model=flux&nologo=true&seed=777015701
2026-05-28 16:32:55,096 [WARNING] __main__ — Attempt 1/3 failed for new_york_city_page_18.png: 402 Client Error: Payment Required for url: https://image.pollinations.ai/prompt/Capybara%20discovers%20a%20New%20York%20City%20festival%20or%20cultural%20celebration%20and%20claps%20along%20excitedly.%20Setting%3A%20Statue%20of%20Liberty%3B%20%20Central%20Park.%20kawaii%20coloring%20book%2C%20black-and-white%20line%20art%2C%20thick%20clean%20outlines%2C%20no%20shading%2C%20no%20grayscale%2C%20large%20open%20coloring%20spaces%2C%20cozy%20storybook%20style%2C%20cute%20capybara%20mascot%2C%20no%20humans%2C%20anthropomorphic%20animals%20only?width=850&height=1100&model=flux&nologo=true&seed=1423784137
2026-05-28 16:32:56,977 [WARNING] __main__ — Attempt 2/3 failed for new_york_city_page_17.png: 402 Client Error: Payment Required for url: https://image.pollinations.ai/prompt/Capybara%20enjoys%20an%20afternoon%20snack%20at%20a%20cozy%20New%20York%20City%20caf%C3%A9%2C%20warm%20drink%20in%20hand.%20Setting%3A%20Statue%20of%20Liberty%3B%20%20Central%20Park.%20kawaii%20coloring%20book%2C%20black-and-white%20line%20art%2C%20thick%20clean%20outlines%2C%20no%20shading%2C%20no%20grayscale%2C%20large%20open%20coloring%20spaces%2C%20cozy%20storybook%20style%2C%20cute%20capybara%20mascot%2C%20no%20humans%2C%20anthropomorphic%20animals%20only?width=850&height=1100&model=flux&nologo=true&seed=1095574667
2026-05-28 16:32:58,768 [WARNING] __main__ — Attempt 2/3 failed for new_york_city_page_18.png: 402 Client Error: Payment Required for url: https://image.pollinations.ai/prompt/Capybara%20discovers%20a%20New%20York%20City%20festival%20or%20cultural%20celebration%20and%20claps%20along%20excitedly.%20Setting%3A%20Statue%20of%20Liberty%3B%20%20Central%20Park.%20kawaii%20coloring%20book%2C%20black-and-white%20line%20art%2C%20thick%20clean%20outlines%2C%20no%20shading%2C%20no%20grayscale%2C%20large%20open%20coloring%20spaces%2C%20cozy%20storybook%20style%2C%20cute%20capybara%20mascot%2C%20no%20humans%2C%20anthropomorphic%20animals%20only?width=850&height=1100&model=flux&nologo=true&seed=1423784137
2026-05-28 16:33:01,279 [WARNING] __main__ — Attempt 3/3 failed for new_york_city_page_17.png: 402 Client Error: Payment Required for url: https://image.pollinations.ai/prompt/Capybara%20enjoys%20an%20afternoon%20snack%20at%20a%20cozy%20New%20York%20City%20caf%C3%A9%2C%20warm%20drink%20in%20hand.%20Setting%3A%20Statue%20of%20Liberty%3B%20%20Central%20Park.%20kawaii%20coloring%20book%2C%20black-and-white%20line%20art%2C%20thick%20clean%20outlines%2C%20no%20shading%2C%20no%20grayscale%2C%20large%20open%20coloring%20spaces%2C%20cozy%20storybook%20style%2C%20cute%20capybara%20mascot%2C%20no%20humans%2C%20anthropomorphic%20animals%20only?width=850&height=1100&model=flux&nologo=true&seed=1095574667
2026-05-28 16:33:01,279 [INFO] __main__ — Generating page 19/30: dinner
2026-05-28 16:33:01,279 [ERROR] __main__ — Page 17 failed: 402 Client Error: Payment Required for url: https://image.pollinations.ai/prompt/Capybara%20enjoys%20an%20afternoon%20snack%20at%20a%20cozy%20New%20York%20City%20caf%C3%A9%2C%20warm%20drink%20in%20hand.%20Setting%3A%20Statue%20of%20Liberty%3B%20%20Central%20Park.%20kawaii%20coloring%20book%2C%20black-and-white%20line%20art%2C%20thick%20clean%20outlines%2C%20no%20shading%2C%20no%20grayscale%2C%20large%20open%20coloring%20spaces%2C%20cozy%20storybook%20style%2C%20cute%20capybara%20mascot%2C%20no%20humans%2C%20anthropomorphic%20animals%20only?width=850&height=1100&model=flux&nologo=true&seed=1095574667
2026-05-28 16:33:03,225 [WARNING] __main__ — Attempt 3/3 failed for new_york_city_page_18.png: 402 Client Error: Payment Required for url: https://image.pollinations.ai/prompt/Capybara%20discovers%20a%20New%20York%20City%20festival%20or%20cultural%20celebration%20and%20claps%20along%20excitedly.%20Setting%3A%20Statue%20of%20Liberty%3B%20%20Central%20Park.%20kawaii%20coloring%20book%2C%20black-and-white%20line%20art%2C%20thick%20clean%20outlines%2C%20no%20shading%2C%20no%20grayscale%2C%20large%20open%20coloring%20spaces%2C%20cozy%20storybook%20style%2C%20cute%20capybara%20mascot%2C%20no%20humans%2C%20anthropomorphic%20animals%20only?width=850&height=1100&model=flux&nologo=true&seed=1423784137
2026-05-28 16:33:03,226 [WARNING] __main__ — Attempt 1/3 failed for new_york_city_page_19.png: 402 Client Error: Payment Required for url: https://image.pollinations.ai/prompt/Capybara%20has%20a%20traditional%20New%20York%20City%20dinner%20at%20a%20local%20restaurant%2C%20using%20local%20utensils.%20Setting%3A%20Statue%20of%20Liberty%3B%20%20Central%20Park.%20kawaii%20coloring%20book%2C%20black-and-white%20line%20art%2C%20thick%20clean%20outlines%2C%20no%20shading%2C%20no%20grayscale%2C%20large%20open%20coloring%20spaces%2C%20cozy%20storybook%20style%2C%20cute%20capybara%20mascot%2C%20no%20humans%2C%20anthropomorphic%20animals%20only?width=850&height=1100&model=flux&nologo=true&seed=1357428949
2026-05-28 16:33:03,226 [INFO] __main__ — Generating page 20/30: evening_walk
2026-05-28 16:33:03,226 [ERROR] __main__ — Page 18 failed: 402 Client Error: Payment Required for url: https://image.pollinations.ai/prompt/Capybara%20discovers%20a%20New%20York%20City%20festival%20or%20cultural%20celebration%20and%20claps%20along%20excitedly.%20Setting%3A%20Statue%20of%20Liberty%3B%20%20Central%20Park.%20kawaii%20coloring%20book%2C%20black-and-white%20line%20art%2C%20thick%20clean%20outlines%2C%20no%20shading%2C%20no%20grayscale%2C%20large%20open%20coloring%20spaces%2C%20cozy%20storybook%20style%2C%20cute%20capybara%20mascot%2C%20no%20humans%2C%20anthropomorphic%20animals%20only?width=850&height=1100&model=flux&nologo=true&seed=1423784137
2026-05-28 16:33:05,025 [WARNING] __main__ — Attempt 1/3 failed for new_york_city_page_20.png: 402 Client Error: Payment Required for url: https://image.pollinations.ai/prompt/Capybara%20strolls%20through%20a%20New%20York%20City%20evening%20market%20or%20riverside%20promenade%2C%20lantern%20in%20hand.%20Setting%3A%20Statue%20of%20Liberty%3B%20%20Central%20Park.%20kawaii%20coloring%20book%2C%20black-and-white%20line%20art%2C%20thick%20clean%20outlines%2C%20no%20shading%2C%20no%20grayscale%2C%20large%20open%20coloring%20spaces%2C%20cozy%20storybook%20style%2C%20cute%20capybara%20mascot%2C%20no%20humans%2C%20anthropomorphic%20animals%20only?width=850&height=1100&model=flux&nologo=true&seed=473245036
2026-05-28 16:33:06,910 [WARNING] __main__ — Attempt 2/3 failed for new_york_city_page_19.png: 402 Client Error: Payment Required for url: https://image.pollinations.ai/prompt/Capybara%20has%20a%20traditional%20New%20York%20City%20dinner%20at%20a%20local%20restaurant%2C%20using%20local%20utensils.%20Setting%3A%20Statue%20of%20Liberty%3B%20%20Central%20Park.%20kawaii%20coloring%20book%2C%20black-and-white%20line%20art%2C%20thick%20clean%20outlines%2C%20no%20shading%2C%20no%20grayscale%2C%20large%20open%20coloring%20spaces%2C%20cozy%20storybook%20style%2C%20cute%20capybara%20mascot%2C%20no%20humans%2C%20anthropomorphic%20animals%20only?width=850&height=1100&model=flux&nologo=true&seed=1357428949
2026-05-28 16:33:08,707 [WARNING] __main__ — Attempt 2/3 failed for new_york_city_page_20.png: 402 Client Error: Payment Required for url: https://image.pollinations.ai/prompt/Capybara%20strolls%20through%20a%20New%20York%20City%20evening%20market%20or%20riverside%20promenade%2C%20lantern%20in%20hand.%20Setting%3A%20Statue%20of%20Liberty%3B%20%20Central%20Park.%20kawaii%20coloring%20book%2C%20black-and-white%20line%20art%2C%20thick%20clean%20outlines%2C%20no%20shading%2C%20no%20grayscale%2C%20large%20open%20coloring%20spaces%2C%20cozy%20storybook%20style%2C%20cute%20capybara%20mascot%2C%20no%20humans%2C%20anthropomorphic%20animals%20only?width=850&height=1100&model=flux&nologo=true&seed=473245036
2026-05-28 16:33:11,255 [WARNING] __main__ — Attempt 3/3 failed for new_york_city_page_19.png: 402 Client Error: Payment Required for url: https://image.pollinations.ai/prompt/Capybara%20has%20a%20traditional%20New%20York%20City%20dinner%20at%20a%20local%20restaurant%2C%20using%20local%20utensils.%20Setting%3A%20Statue%20of%20Liberty%3B%20%20Central%20Park.%20kawaii%20coloring%20book%2C%20black-and-white%20line%20art%2C%20thick%20clean%20outlines%2C%20no%20shading%2C%20no%20grayscale%2C%20large%20open%20coloring%20spaces%2C%20cozy%20storybook%20style%2C%20cute%20capybara%20mascot%2C%20no%20humans%2C%20anthropomorphic%20animals%20only?width=850&height=1100&model=flux&nologo=true&seed=1357428949
2026-05-28 16:33:11,256 [INFO] __main__ — Generating page 21/30: museum
2026-05-28 16:33:11,256 [ERROR] __main__ — Page 19 failed: 402 Client Error: Payment Required for url: https://image.pollinations.ai/prompt/Capybara%20has%20a%20traditional%20New%20York%20City%20dinner%20at%20a%20local%20restaurant%2C%20using%20local%20utensils.%20Setting%3A%20Statue%20of%20Liberty%3B%20%20Central%20Park.%20kawaii%20coloring%20book%2C%20black-and-white%20line%20art%2C%20thick%20clean%20outlines%2C%20no%20shading%2C%20no%20grayscale%2C%20large%20open%20coloring%20spaces%2C%20cozy%20storybook%20style%2C%20cute%20capybara%20mascot%2C%20no%20humans%2C%20anthropomorphic%20animals%20only?width=850&height=1100&model=flux&nologo=true&seed=1357428949
2026-05-28 16:33:13,157 [WARNING] __main__ — Attempt 1/3 failed for new_york_city_page_21.png: 402 Client Error: Payment Required for url: https://image.pollinations.ai/prompt/Capybara%20visits%20a%20New%20York%20City%20museum%20or%20gallery%2C%20gazing%20at%20an%20interesting%20exhibit.%20Setting%3A%20Statue%20of%20Liberty%3B%20%20Central%20Park.%20kawaii%20coloring%20book%2C%20black-and-white%20line%20art%2C%20thick%20clean%20outlines%2C%20no%20shading%2C%20no%20grayscale%2C%20large%20open%20coloring%20spaces%2C%20cozy%20storybook%20style%2C%20cute%20capybara%20mascot%2C%20no%20humans%2C%20anthropomorphic%20animals%20only?width=850&height=1100&model=flux&nologo=true&seed=193000696
2026-05-28 16:33:13,157 [WARNING] __main__ — Attempt 3/3 failed for new_york_city_page_20.png: 402 Client Error: Payment Required for url: https://image.pollinations.ai/prompt/Capybara%20strolls%20through%20a%20New%20York%20City%20evening%20market%20or%20riverside%20promenade%2C%20lantern%20in%20hand.%20Setting%3A%20Statue%20of%20Liberty%3B%20%20Central%20Park.%20kawaii%20coloring%20book%2C%20black-and-white%20line%20art%2C%20thick%20clean%20outlines%2C%20no%20shading%2C%20no%20grayscale%2C%20large%20open%20coloring%20spaces%2C%20cozy%20storybook%20style%2C%20cute%20capybara%20mascot%2C%20no%20humans%2C%20anthropomorphic%20animals%20only?width=850&height=1100&model=flux&nologo=true&seed=473245036
2026-05-28 16:33:13,158 [INFO] __main__ — Generating page 22/30: outdoor
2026-05-28 16:33:13,158 [ERROR] __main__ — Page 20 failed: 402 Client Error: Payment Required for url: https://image.pollinations.ai/prompt/Capybara%20strolls%20through%20a%20New%20York%20City%20evening%20market%20or%20riverside%20promenade%2C%20lantern%20in%20hand.%20Setting%3A%20Statue%20of%20Liberty%3B%20%20Central%20Park.%20kawaii%20coloring%20book%2C%20black-and-white%20line%20art%2C%20thick%20clean%20outlines%2C%20no%20shading%2C%20no%20grayscale%2C%20large%20open%20coloring%20spaces%2C%20cozy%20storybook%20style%2C%20cute%20capybara%20mascot%2C%20no%20humans%2C%20anthropomorphic%20animals%20only?width=850&height=1100&model=flux&nologo=true&seed=473245036
2026-05-28 16:33:15,103 [WARNING] __main__ — Attempt 1/3 failed for new_york_city_page_22.png: 402 Client Error: Payment Required for url: https://image.pollinations.ai/prompt/Capybara%20enjoys%20an%20outdoor%20adventure%20near%20New%20York%20City%3A%20a%20scenic%20nature%20walk%20or%20cycle%20ride.%20Setting%3A%20Statue%20of%20Liberty%3B%20%20Central%20Park.%20kawaii%20coloring%20book%2C%20black-and-white%20line%20art%2C%20thick%20clean%20outlines%2C%20no%20shading%2C%20no%20grayscale%2C%20large%20open%20coloring%20spaces%2C%20cozy%20storybook%20style%2C%20cute%20capybara%20mascot%2C%20no%20humans%2C%20anthropomorphic%20animals%20only?width=850&height=1100&model=flux&nologo=true&seed=1928997317
2026-05-28 16:33:16,904 [WARNING] __main__ — Attempt 2/3 failed for new_york_city_page_21.png: 402 Client Error: Payment Required for url: https://image.pollinations.ai/prompt/Capybara%20visits%20a%20New%20York%20City%20museum%20or%20gallery%2C%20gazing%20at%20an%20interesting%20exhibit.%20Setting%3A%20Statue%20of%20Liberty%3B%20%20Central%20Park.%20kawaii%20coloring%20book%2C%20black-and-white%20line%20art%2C%20thick%20clean%20outlines%2C%20no%20shading%2C%20no%20grayscale%2C%20large%20open%20coloring%20spaces%2C%20cozy%20storybook%20style%2C%20cute%20capybara%20mascot%2C%20no%20humans%2C%20anthropomorphic%20animals%20only?width=850&height=1100&model=flux&nologo=true&seed=193000696
2026-05-28 16:33:18,720 [WARNING] __main__ — Attempt 2/3 failed for new_york_city_page_22.png: 402 Client Error: Payment Required for url: https://image.pollinations.ai/prompt/Capybara%20enjoys%20an%20outdoor%20adventure%20near%20New%20York%20City%3A%20a%20scenic%20nature%20walk%20or%20cycle%20ride.%20Setting%3A%20Statue%20of%20Liberty%3B%20%20Central%20Park.%20kawaii%20coloring%20book%2C%20black-and-white%20line%20art%2C%20thick%20clean%20outlines%2C%20no%20shading%2C%20no%20grayscale%2C%20large%20open%20coloring%20spaces%2C%20cozy%20storybook%20style%2C%20cute%20capybara%20mascot%2C%20no%20humans%2C%20anthropomorphic%20animals%20only?width=850&height=1100&model=flux&nologo=true&seed=1928997317
2026-05-28 16:33:20,975 [INFO] __main__ — Generating page 24/30: sport
2026-05-28 16:33:22,731 [WARNING] __main__ — Attempt 1/3 failed for new_york_city_page_24.png: 402 Client Error: Payment Required for url: https://image.pollinations.ai/prompt/Capybara%20enthusiastically%20tries%20a%20traditional%20New%20York%20City%20sport%20or%20outdoor%20game.%20Setting%3A%20Statue%20of%20Liberty%3B%20%20Central%20Park.%20kawaii%20coloring%20book%2C%20black-and-white%20line%20art%2C%20thick%20clean%20outlines%2C%20no%20shading%2C%20no%20grayscale%2C%20large%20open%20coloring%20spaces%2C%20cozy%20storybook%20style%2C%20cute%20capybara%20mascot%2C%20no%20humans%2C%20anthropomorphic%20animals%20only?width=850&height=1100&model=flux&nologo=true&seed=727381802
2026-05-28 16:33:23,089 [WARNING] __main__ — Attempt 3/3 failed for new_york_city_page_22.png: 402 Client Error: Payment Required for url: https://image.pollinations.ai/prompt/Capybara%20enjoys%20an%20outdoor%20adventure%20near%20New%20York%20City%3A%20a%20scenic%20nature%20walk%20or%20cycle%20ride.%20Setting%3A%20Statue%20of%20Liberty%3B%20%20Central%20Park.%20kawaii%20coloring%20book%2C%20black-and-white%20line%20art%2C%20thick%20clean%20outlines%2C%20no%20shading%2C%20no%20grayscale%2C%20large%20open%20coloring%20spaces%2C%20cozy%20storybook%20style%2C%20cute%20capybara%20mascot%2C%20no%20humans%2C%20anthropomorphic%20animals%20only?width=850&height=1100&model=flux&nologo=true&seed=1928997317
2026-05-28 16:33:23,090 [INFO] __main__ — Generating page 25/30: art_market
2026-05-28 16:33:23,090 [ERROR] __main__ — Page 22 failed: 402 Client Error: Payment Required for url: https://image.pollinations.ai/prompt/Capybara%20enjoys%20an%20outdoor%20adventure%20near%20New%20York%20City%3A%20a%20scenic%20nature%20walk%20or%20cycle%20ride.%20Setting%3A%20Statue%20of%20Liberty%3B%20%20Central%20Park.%20kawaii%20coloring%20book%2C%20black-and-white%20line%20art%2C%20thick%20clean%20outlines%2C%20no%20shading%2C%20no%20grayscale%2C%20large%20open%20coloring%20spaces%2C%20cozy%20storybook%20style%2C%20cute%20capybara%20mascot%2C%20no%20humans%2C%20anthropomorphic%20animals%20only?width=850&height=1100&model=flux&nologo=true&seed=1928997317
2026-05-28 16:33:24,890 [WARNING] __main__ — Attempt 1/3 failed for new_york_city_page_25.png: 402 Client Error: Payment Required for url: https://image.pollinations.ai/prompt/Capybara%20browses%20a%20New%20York%20City%20handcraft%20or%20art%20market%2C%20admiring%20hand-made%20items.%20Setting%3A%20Statue%20of%20Liberty%3B%20%20Central%20Park.%20kawaii%20coloring%20book%2C%20black-and-white%20line%20art%2C%20thick%20clean%20outlines%2C%20no%20shading%2C%20no%20grayscale%2C%20large%20open%20coloring%20spaces%2C%20cozy%20storybook%20style%2C%20cute%20capybara%20mascot%2C%20no%20humans%2C%20anthropomorphic%20animals%20only?width=850&height=1100&model=flux&nologo=true&seed=1860492073
2026-05-28 16:33:25,026 [WARNING] __main__ — Attempt 2/3 failed for new_york_city_page_24.png: 402 Client Error: Payment Required for url: https://image.pollinations.ai/prompt/Capybara%20enthusiastically%20tries%20a%20traditional%20New%20York%20City%20sport%20or%20outdoor%20game.%20Setting%3A%20Statue%20of%20Liberty%3B%20%20Central%20Park.%20kawaii%20coloring%20book%2C%20black-and-white%20line%20art%2C%20thick%20clean%20outlines%2C%20no%20shading%2C%20no%20grayscale%2C%20large%20open%20coloring%20spaces%2C%20cozy%20storybook%20style%2C%20cute%20capybara%20mascot%2C%20no%20humans%2C%20anthropomorphic%20animals%20only?width=850&height=1100&model=flux&nologo=true&seed=727381802
2026-05-28 16:33:27,287 [WARNING] __main__ — Attempt 2/3 failed for new_york_city_page_25.png: 402 Client Error: Payment Required for url: https://image.pollinations.ai/prompt/Capybara%20browses%20a%20New%20York%20City%20handcraft%20or%20art%20market%2C%20admiring%20hand-made%20items.%20Setting%3A%20Statue%20of%20Liberty%3B%20%20Central%20Park.%20kawaii%20coloring%20book%2C%20black-and-white%20line%20art%2C%20thick%20clean%20outlines%2C%20no%20shading%2C%20no%20grayscale%2C%20large%20open%20coloring%20spaces%2C%20cozy%20storybook%20style%2C%20cute%20capybara%20mascot%2C%20no%20humans%2C%20anthropomorphic%20animals%20only?width=850&height=1100&model=flux&nologo=true&seed=1860492073
2026-05-28 16:33:29,335 [WARNING] __main__ — Attempt 3/3 failed for new_york_city_page_24.png: 402 Client Error: Payment Required for url: https://image.pollinations.ai/prompt/Capybara%20enthusiastically%20tries%20a%20traditional%20New%20York%20City%20sport%20or%20outdoor%20game.%20Setting%3A%20Statue%20of%20Liberty%3B%20%20Central%20Park.%20kawaii%20coloring%20book%2C%20black-and-white%20line%20art%2C%20thick%20clean%20outlines%2C%20no%20shading%2C%20no%20grayscale%2C%20large%20open%20coloring%20spaces%2C%20cozy%20storybook%20style%2C%20cute%20capybara%20mascot%2C%20no%20humans%2C%20anthropomorphic%20animals%20only?width=850&height=1100&model=flux&nologo=true&seed=727381802
2026-05-28 16:33:29,336 [INFO] __main__ — Generating page 26/30: celebration
2026-05-28 16:33:29,336 [ERROR] __main__ — Page 24 failed: 402 Client Error: Payment Required for url: https://image.pollinations.ai/prompt/Capybara%20enthusiastically%20tries%20a%20traditional%20New%20York%20City%20sport%20or%20outdoor%20game.%20Setting%3A%20Statue%20of%20Liberty%3B%20%20Central%20Park.%20kawaii%20coloring%20book%2C%20black-and-white%20line%20art%2C%20thick%20clean%20outlines%2C%20no%20shading%2C%20no%20grayscale%2C%20large%20open%20coloring%20spaces%2C%20cozy%20storybook%20style%2C%20cute%20capybara%20mascot%2C%20no%20humans%2C%20anthropomorphic%20animals%20only?width=850&height=1100&model=flux&nologo=true&seed=727381802
2026-05-28 16:33:31,177 [WARNING] __main__ — Attempt 1/3 failed for new_york_city_page_26.png: 402 Client Error: Payment Required for url: https://image.pollinations.ai/prompt/Capybara%20joins%20a%20local%20New%20York%20City%20seasonal%20tradition%20or%20community%20celebration.%20Setting%3A%20Statue%20of%20Liberty%3B%20%20Central%20Park.%20kawaii%20coloring%20book%2C%20black-and-white%20line%20art%2C%20thick%20clean%20outlines%2C%20no%20shading%2C%20no%20grayscale%2C%20large%20open%20coloring%20spaces%2C%20cozy%20storybook%20style%2C%20cute%20capybara%20mascot%2C%20no%20humans%2C%20anthropomorphic%20animals%20only?width=850&height=1100&model=flux&nologo=true&seed=924906471
2026-05-28 16:33:32,985 [WARNING] __main__ — Attempt 3/3 failed for new_york_city_page_25.png: 402 Client Error: Payment Required for url: https://image.pollinations.ai/prompt/Capybara%20browses%20a%20New%20York%20City%20handcraft%20or%20art%20market%2C%20admiring%20hand-made%20items.%20Setting%3A%20Statue%20of%20Liberty%3B%20%20Central%20Park.%20kawaii%20coloring%20book%2C%20black-and-white%20line%20art%2C%20thick%20clean%20outlines%2C%20no%20shading%2C%20no%20grayscale%2C%20large%20open%20coloring%20spaces%2C%20cozy%20storybook%20style%2C%20cute%20capybara%20mascot%2C%20no%20humans%2C%20anthropomorphic%20animals%20only?width=850&height=1100&model=flux&nologo=true&seed=1860492073
2026-05-28 16:33:32,986 [INFO] __main__ — Generating page 27/30: new_friends
2026-05-28 16:33:32,986 [ERROR] __main__ — Page 25 failed: 402 Client Error: Payment Required for url: https://image.pollinations.ai/prompt/Capybara%20browses%20a%20New%20York%20City%20handcraft%20or%20art%20market%2C%20admiring%20hand-made%20items.%20Setting%3A%20Statue%20of%20Liberty%3B%20%20Central%20Park.%20kawaii%20coloring%20book%2C%20black-and-white%20line%20art%2C%20thick%20clean%20outlines%2C%20no%20shading%2C%20no%20grayscale%2C%20large%20open%20coloring%20spaces%2C%20cozy%20storybook%20style%2C%20cute%20capybara%20mascot%2C%20no%20humans%2C%20anthropomorphic%20animals%20only?width=850&height=1100&model=flux&nologo=true&seed=1860492073
2026-05-28 16:33:34,775 [WARNING] __main__ — Attempt 1/3 failed for new_york_city_page_27.png: 402 Client Error: Payment Required for url: https://image.pollinations.ai/prompt/Capybara%20says%20a%20warm%20goodbye%20to%20adorable%20new%20animal%20friends%20made%20during%20the%20New%20York%20City%20trip.%20Setting%3A%20Statue%20of%20Liberty%3B%20%20Central%20Park.%20kawaii%20coloring%20book%2C%20black-and-white%20line%20art%2C%20thick%20clean%20outlines%2C%20no%20shading%2C%20no%20grayscale%2C%20large%20open%20coloring%20spaces%2C%20cozy%20storybook%20style%2C%20cute%20capybara%20mascot%2C%20no%20humans%2C%20anthropomorphic%20animals%20only?width=850&height=1100&model=flux&nologo=true&seed=70360643
2026-05-28 16:33:34,778 [WARNING] __main__ — Attempt 2/3 failed for new_york_city_page_26.png: 402 Client Error: Payment Required for url: https://image.pollinations.ai/prompt/Capybara%20joins%20a%20local%20New%20York%20City%20seasonal%20tradition%20or%20community%20celebration.%20Setting%3A%20Statue%20of%20Liberty%3B%20%20Central%20Park.%20kawaii%20coloring%20book%2C%20black-and-white%20line%20art%2C%20thick%20clean%20outlines%2C%20no%20shading%2C%20no%20grayscale%2C%20large%20open%20coloring%20spaces%2C%20cozy%20storybook%20style%2C%20cute%20capybara%20mascot%2C%20no%20humans%2C%20anthropomorphic%20animals%20only?width=850&height=1100&model=flux&nologo=true&seed=924906471
2026-05-28 16:33:37,128 [WARNING] __main__ — Attempt 2/3 failed for new_york_city_page_27.png: 402 Client Error: Payment Required for url: https://image.pollinations.ai/prompt/Capybara%20says%20a%20warm%20goodbye%20to%20adorable%20new%20animal%20friends%20made%20during%20the%20New%20York%20City%20trip.%20Setting%3A%20Statue%20of%20Liberty%3B%20%20Central%20Park.%20kawaii%20coloring%20book%2C%20black-and-white%20line%20art%2C%20thick%20clean%20outlines%2C%20no%20shading%2C%20no%20grayscale%2C%20large%20open%20coloring%20spaces%2C%20cozy%20storybook%20style%2C%20cute%20capybara%20mascot%2C%20no%20humans%2C%20anthropomorphic%20animals%20only?width=850&height=1100&model=flux&nologo=true&seed=70360643
2026-05-28 16:33:39,238 [WARNING] __main__ — Attempt 3/3 failed for new_york_city_page_26.png: 402 Client Error: Payment Required for url: https://image.pollinations.ai/prompt/Capybara%20joins%20a%20local%20New%20York%20City%20seasonal%20tradition%20or%20community%20celebration.%20Setting%3A%20Statue%20of%20Liberty%3B%20%20Central%20Park.%20kawaii%20coloring%20book%2C%20black-and-white%20line%20art%2C%20thick%20clean%20outlines%2C%20no%20shading%2C%20no%20grayscale%2C%20large%20open%20coloring%20spaces%2C%20cozy%20storybook%20style%2C%20cute%20capybara%20mascot%2C%20no%20humans%2C%20anthropomorphic%20animals%20only?width=850&height=1100&model=flux&nologo=true&seed=924906471
2026-05-28 16:33:39,239 [INFO] __main__ — Generating page 28/30: packing
2026-05-28 16:33:39,239 [ERROR] __main__ — Page 26 failed: 402 Client Error: Payment Required for url: https://image.pollinations.ai/prompt/Capybara%20joins%20a%20local%20New%20York%20City%20seasonal%20tradition%20or%20community%20celebration.%20Setting%3A%20Statue%20of%20Liberty%3B%20%20Central%20Park.%20kawaii%20coloring%20book%2C%20black-and-white%20line%20art%2C%20thick%20clean%20outlines%2C%20no%20shading%2C%20no%20grayscale%2C%20large%20open%20coloring%20spaces%2C%20cozy%20storybook%20style%2C%20cute%20capybara%20mascot%2C%20no%20humans%2C%20anthropomorphic%20animals%20only?width=850&height=1100&model=flux&nologo=true&seed=924906471
2026-05-28 16:33:41,008 [WARNING] __main__ — Attempt 1/3 failed for new_york_city_page_28.png: 402 Client Error: Payment Required for url: https://image.pollinations.ai/prompt/Capybara%20packs%20a%20suitcase%20full%20of%20New%20York%20City%20souvenirs%20and%20keepsakes%2C%20smiling%20warmly.%20Setting%3A%20Statue%20of%20Liberty%3B%20%20Central%20Park.%20kawaii%20coloring%20book%2C%20black-and-white%20line%20art%2C%20thick%20clean%20outlines%2C%20no%20shading%2C%20no%20grayscale%2C%20large%20open%20coloring%20spaces%2C%20cozy%20storybook%20style%2C%20cute%20capybara%20mascot%2C%20no%20humans%2C%20anthropomorphic%20animals%20only?width=850&height=1100&model=flux&nologo=true&seed=1892731950
2026-05-28 16:33:42,802 [WARNING] __main__ — Attempt 3/3 failed for new_york_city_page_27.png: 402 Client Error: Payment Required for url: https://image.pollinations.ai/prompt/Capybara%20says%20a%20warm%20goodbye%20to%20adorable%20new%20animal%20friends%20made%20during%20the%20New%20York%20City%20trip.%20Setting%3A%20Statue%20of%20Liberty%3B%20%20Central%20Park.%20kawaii%20coloring%20book%2C%20black-and-white%20line%20art%2C%20thick%20clean%20outlines%2C%20no%20shading%2C%20no%20grayscale%2C%20large%20open%20coloring%20spaces%2C%20cozy%20storybook%20style%2C%20cute%20capybara%20mascot%2C%20no%20humans%2C%20anthropomorphic%20animals%20only?width=850&height=1100&model=flux&nologo=true&seed=70360643
2026-05-28 16:33:42,802 [INFO] __main__ — Generating page 29/30: farewell
2026-05-28 16:33:42,803 [ERROR] __main__ — Page 27 failed: 402 Client Error: Payment Required for url: https://image.pollinations.ai/prompt/Capybara%20says%20a%20warm%20goodbye%20to%20adorable%20new%20animal%20friends%20made%20during%20the%20New%20York%20City%20trip.%20Setting%3A%20Statue%20of%20Liberty%3B%20%20Central%20Park.%20kawaii%20coloring%20book%2C%20black-and-white%20line%20art%2C%20thick%20clean%20outlines%2C%20no%20shading%2C%20no%20grayscale%2C%20large%20open%20coloring%20spaces%2C%20cozy%20storybook%20style%2C%20cute%20capybara%20mascot%2C%20no%20humans%2C%20anthropomorphic%20animals%20only?width=850&height=1100&model=flux&nologo=true&seed=70360643
2026-05-28 16:33:44,594 [WARNING] __main__ — Attempt 1/3 failed for new_york_city_page_29.png: 402 Client Error: Payment Required for url: https://image.pollinations.ai/prompt/Capybara%20waves%20a%20heartfelt%20farewell%20to%20the%20New%20York%20City%20skyline%20from%20the%20departure%20gate.%20Setting%3A%20Statue%20of%20Liberty%3B%20%20Central%20Park.%20kawaii%20coloring%20book%2C%20black-and-white%20line%20art%2C%20thick%20clean%20outlines%2C%20no%20shading%2C%20no%20grayscale%2C%20large%20open%20coloring%20spaces%2C%20cozy%20storybook%20style%2C%20cute%20capybara%20mascot%2C%20no%20humans%2C%20anthropomorphic%20animals%20only?width=850&height=1100&model=flux&nologo=true&seed=498735977
2026-05-28 16:33:44,603 [WARNING] __main__ — Attempt 2/3 failed for new_york_city_page_28.png: 402 Client Error: Payment Required for url: https://image.pollinations.ai/prompt/Capybara%20packs%20a%20suitcase%20full%20of%20New%20York%20City%20souvenirs%20and%20keepsakes%2C%20smiling%20warmly.%20Setting%3A%20Statue%20of%20Liberty%3B%20%20Central%20Park.%20kawaii%20coloring%20book%2C%20black-and-white%20line%20art%2C%20thick%20clean%20outlines%2C%20no%20shading%2C%20no%20grayscale%2C%20large%20open%20coloring%20spaces%2C%20cozy%20storybook%20style%2C%20cute%20capybara%20mascot%2C%20no%20humans%2C%20anthropomorphic%20animals%20only?width=850&height=1100&model=flux&nologo=true&seed=1892731950
2026-05-28 16:33:46,884 [WARNING] __main__ — Attempt 2/3 failed for new_york_city_page_29.png: 402 Client Error: Payment Required for url: https://image.pollinations.ai/prompt/Capybara%20waves%20a%20heartfelt%20farewell%20to%20the%20New%20York%20City%20skyline%20from%20the%20departure%20gate.%20Setting%3A%20Statue%20of%20Liberty%3B%20%20Central%20Park.%20kawaii%20coloring%20book%2C%20black-and-white%20line%20art%2C%20thick%20clean%20outlines%2C%20no%20shading%2C%20no%20grayscale%2C%20large%20open%20coloring%20spaces%2C%20cozy%20storybook%20style%2C%20cute%20capybara%20mascot%2C%20no%20humans%2C%20anthropomorphic%20animals%20only?width=850&height=1100&model=flux&nologo=true&seed=498735977
2026-05-28 16:33:48,896 [WARNING] __main__ — Attempt 3/3 failed for new_york_city_page_28.png: 402 Client Error: Payment Required for url: https://image.pollinations.ai/prompt/Capybara%20packs%20a%20suitcase%20full%20of%20New%20York%20City%20souvenirs%20and%20keepsakes%2C%20smiling%20warmly.%20Setting%3A%20Statue%20of%20Liberty%3B%20%20Central%20Park.%20kawaii%20coloring%20book%2C%20black-and-white%20line%20art%2C%20thick%20clean%20outlines%2C%20no%20shading%2C%20no%20grayscale%2C%20large%20open%20coloring%20spaces%2C%20cozy%20storybook%20style%2C%20cute%20capybara%20mascot%2C%20no%20humans%2C%20anthropomorphic%20animals%20only?width=850&height=1100&model=flux&nologo=true&seed=1892731950
2026-05-28 16:33:48,896 [INFO] __main__ — Generating page 30/30: memories
2026-05-28 16:33:48,896 [ERROR] __main__ — Page 28 failed: 402 Client Error: Payment Required for url: https://image.pollinations.ai/prompt/Capybara%20packs%20a%20suitcase%20full%20of%20New%20York%20City%20souvenirs%20and%20keepsakes%2C%20smiling%20warmly.%20Setting%3A%20Statue%20of%20Liberty%3B%20%20Central%20Park.%20kawaii%20coloring%20book%2C%20black-and-white%20line%20art%2C%20thick%20clean%20outlines%2C%20no%20shading%2C%20no%20grayscale%2C%20large%20open%20coloring%20spaces%2C%20cozy%20storybook%20style%2C%20cute%20capybara%20mascot%2C%20no%20humans%2C%20anthropomorphic%20animals%20only?width=850&height=1100&model=flux&nologo=true&seed=1892731950
2026-05-28 16:33:50,840 [WARNING] __main__ — Attempt 1/3 failed for new_york_city_page_30.png: 402 Client Error: Payment Required for url: https://image.pollinations.ai/prompt/Capybara%20lays%20out%20all%20their%20New%20York%20City%20photos%2C%20souvenirs%2C%20and%20mementos%20%E2%80%94%20a%20page%20of%20happy%20memories.%20Setting%3A%20Statue%20of%20Liberty%3B%20%20Central%20Park.%20kawaii%20coloring%20book%2C%20black-and-white%20line%20art%2C%20thick%20clean%20outlines%2C%20no%20shading%2C%20no%20grayscale%2C%20large%20open%20coloring%20spaces%2C%20cozy%20storybook%20style%2C%20cute%20capybara%20mascot%2C%20no%20humans%2C%20anthropomorphic%20animals%20only?width=850&height=1100&model=flux&nologo=true&seed=2085691982
2026-05-28 16:33:52,687 [WARNING] __main__ — Attempt 3/3 failed for new_york_city_page_29.png: 402 Client Error: Payment Required for url: https://image.pollinations.ai/prompt/Capybara%20waves%20a%20heartfelt%20farewell%20to%20the%20New%20York%20City%20skyline%20from%20the%20departure%20gate.%20Setting%3A%20Statue%20of%20Liberty%3B%20%20Central%20Park.%20kawaii%20coloring%20book%2C%20black-and-white%20line%20art%2C%20thick%20clean%20outlines%2C%20no%20shading%2C%20no%20grayscale%2C%20large%20open%20coloring%20spaces%2C%20cozy%20storybook%20style%2C%20cute%20capybara%20mascot%2C%20no%20humans%2C%20anthropomorphic%20animals%20only?width=850&height=1100&model=flux&nologo=true&seed=498735977
2026-05-28 16:33:52,688 [ERROR] __main__ — Page 29 failed: 402 Client Error: Payment Required for url: https://image.pollinations.ai/prompt/Capybara%20waves%20a%20heartfelt%20farewell%20to%20the%20New%20York%20City%20skyline%20from%20the%20departure%20gate.%20Setting%3A%20Statue%20of%20Liberty%3B%20%20Central%20Park.%20kawaii%20coloring%20book%2C%20black-and-white%20line%20art%2C%20thick%20clean%20outlines%2C%20no%20shading%2C%20no%20grayscale%2C%20large%20open%20coloring%20spaces%2C%20cozy%20storybook%20style%2C%20cute%20capybara%20mascot%2C%20no%20humans%2C%20anthropomorphic%20animals%20only?width=850&height=1100&model=flux&nologo=true&seed=498735977
2026-05-28 16:33:54,496 [WARNING] __main__ — Attempt 2/3 failed for new_york_city_page_30.png: 402 Client Error: Payment Required for url: https://image.pollinations.ai/prompt/Capybara%20lays%20out%20all%20their%20New%20York%20City%20photos%2C%20souvenirs%2C%20and%20mementos%20%E2%80%94%20a%20page%20of%20happy%20memories.%20Setting%3A%20Statue%20of%20Liberty%3B%20%20Central%20Park.%20kawaii%20coloring%20book%2C%20black-and-white%20line%20art%2C%20thick%20clean%20outlines%2C%20no%20shading%2C%20no%20grayscale%2C%20large%20open%20coloring%20spaces%2C%20cozy%20storybook%20style%2C%20cute%20capybara%20mascot%2C%20no%20humans%2C%20anthropomorphic%20animals%20only?width=850&height=1100&model=flux&nologo=true&seed=2085691982
2026-05-28 16:33:58,825 [WARNING] __main__ — Attempt 3/3 failed for new_york_city_page_30.png: 402 Client Error: Payment Required for url: https://image.pollinations.ai/prompt/Capybara%20lays%20out%20all%20their%20New%20York%20City%20photos%2C%20souvenirs%2C%20and%20mementos%20%E2%80%94%20a%20page%20of%20happy%20memories.%20Setting%3A%20Statue%20of%20Liberty%3B%20%20Central%20Park.%20kawaii%20coloring%20book%2C%20black-and-white%20line%20art%2C%20thick%20clean%20outlines%2C%20no%20shading%2C%20no%20grayscale%2C%20large%20open%20coloring%20spaces%2C%20cozy%20storybook%20style%2C%20cute%20capybara%20mascot%2C%20no%20humans%2C%20anthropomorphic%20animals%20only?width=850&height=1100&model=flux&nologo=true&seed=2085691982
2026-05-28 16:33:58,825 [ERROR] __main__ — Page 30 failed: 402 Client Error: Payment Required for url: https://image.pollinations.ai/prompt/Capybara%20lays%20out%20all%20their%20New%20York%20City%20photos%2C%20souvenirs%2C%20and%20mementos%20%E2%80%94%20a%20page%20of%20happy%20memories.%20Setting%3A%20Statue%20of%20Liberty%3B%20%20Central%20Park.%20kawaii%20coloring%20book%2C%20black-and-white%20line%20art%2C%20thick%20clean%20outlines%2C%20no%20shading%2C%20no%20grayscale%2C%20large%20open%20coloring%20spaces%2C%20cozy%20storybook%20style%2C%20cute%20capybara%20mascot%2C%20no%20humans%2C%20anthropomorphic%20animals%20only?width=850&height=1100&model=flux&nologo=true&seed=2085691982
2026-05-28 16:35:22,040 [INFO] __main__ — === Pipeline start: tokyo ===
2026-05-28 16:35:22,151 [INFO] __main__ — Matched spreadsheet row: 0
2026-05-28 16:35:22,194 [INFO] __main__ — Book loaded: Explore Tokyo
2026-05-28 16:35:22,195 [INFO] __main__ — Storyboard ready — city=Tokyo, pages=30
2026-05-28 16:35:26,639 [INFO] __main__ — Interior PDF: /Users/jonathan/kdp_coloring_books/output/interiors/explore_tokyo_interior.pdf
2026-05-28 16:35:26,904 [INFO] __main__ — Cover PDF: /Users/jonathan/kdp_coloring_books/output/covers/tokyo_cover.pdf
2026-05-28 16:35:26,905 [INFO] __main__ — Metadata: /Users/jonathan/kdp_coloring_books/output/metadata/tokyo_metadata.json
2026-05-28 16:35:26,905 [INFO] __main__ — === Pipeline complete: tokyo ===
2026-05-28 16:51:33,722 [INFO] __main__ — Running pipeline for 178 books...
2026-05-28 16:51:33,743 [INFO] __main__ — === Pipeline start: tokyo ===
2026-05-28 16:51:33,787 [INFO] __main__ — Matched spreadsheet row: 0
2026-05-28 16:51:33,829 [INFO] __main__ — Book loaded: Explore Tokyo
2026-05-28 16:51:33,830 [INFO] __main__ — Storyboard ready — city=Tokyo, pages=30
2026-05-28 16:51:33,830 [INFO] __main__ — Image provider: pollinations
2026-05-28 16:51:33,830 [INFO] __main__ — Generating cover...
2026-05-28 16:51:34,986 [INFO] __main__ — All pages already exist, skipping generation.
2026-05-28 16:51:39,260 [INFO] __main__ — Interior PDF: /Users/jonathan/kdp_coloring_books/output/interiors/explore_tokyo_interior.pdf
2026-05-28 16:51:39,426 [INFO] __main__ — Cover PDF: /Users/jonathan/kdp_coloring_books/output/covers/tokyo_cover.pdf
2026-05-28 16:51:39,427 [INFO] __main__ — Metadata: /Users/jonathan/kdp_coloring_books/output/metadata/tokyo_metadata.json
2026-05-28 16:51:39,427 [INFO] __main__ — === Pipeline complete: tokyo ===
2026-05-28 16:51:39,427 [INFO] __main__ — === Pipeline start: venice ===
2026-05-28 16:51:39,470 [INFO] __main__ — Book loaded: Explore Venice
2026-05-28 16:51:39,471 [INFO] __main__ — Storyboard ready — city=Venice, pages=30
2026-05-28 16:51:39,471 [INFO] __main__ — Image provider: pollinations
2026-05-28 16:51:39,471 [INFO] __main__ — Generating cover...
2026-05-28 16:53:05,430 [INFO] __main__ — Generating page 01/30: arrival
2026-05-28 16:53:05,431 [INFO] __main__ — Generating page 02/30: first_glimpse
2026-05-28 16:53:05,431 [INFO] __main__ — Generating page 03/30: hotel
2026-05-28 16:53:07,248 [WARNING] __main__ — Attempt 1/3 failed for venice_page_01.png: 402 Client Error: Payment Required for url: https://image.pollinations.ai/prompt/Capybara%20arrives%20at%20the%20Venice%20airport%2C%20holding%20a%20small%20rolling%20suitcase%2C%20looking%20happy%20and%20excited.%20Setting%3A%20Grand%20Canal%3B%20%20Rialto%20Bridge.%20kawaii%20coloring%20book%2C%20black-and-white%20line%20art%2C%20thick%20clean%20outlines%2C%20no%20shading%2C%20no%20grayscale%2C%20large%20open%20coloring%20spaces%2C%20cozy%20storybook%20style%2C%20cute%20capybara%20mascot%2C%20no%20humans%2C%20anthropomorphic%20animals%20only?width=850&height=1100&model=flux&nologo=true&seed=810690043
2026-05-28 16:53:08,950 [WARNING] __main__ — Attempt 1/3 failed for venice_page_03.png: 402 Client Error: Payment Required for url: https://image.pollinations.ai/prompt/Capybara%20checks%20into%20a%20cozy%20Venice-style%20inn%2C%20unpacking%20a%20small%20bag%20on%20the%20bed.%20Setting%3A%20Grand%20Canal%3B%20%20Rialto%20Bridge.%20kawaii%20coloring%20book%2C%20black-and-white%20line%20art%2C%20thick%20clean%20outlines%2C%20no%20shading%2C%20no%20grayscale%2C%20large%20open%20coloring%20spaces%2C%20cozy%20storybook%20style%2C%20cute%20capybara%20mascot%2C%20no%20humans%2C%20anthropomorphic%20animals%20only?width=850&height=1100&model=flux&nologo=true&seed=838598020
2026-05-28 16:53:11,444 [WARNING] __main__ — Attempt 2/3 failed for venice_page_01.png: 402 Client Error: Payment Required for url: https://image.pollinations.ai/prompt/Capybara%20arrives%20at%20the%20Venice%20airport%2C%20holding%20a%20small%20rolling%20suitcase%2C%20looking%20happy%20and%20excited.%20Setting%3A%20Grand%20Canal%3B%20%20Rialto%20Bridge.%20kawaii%20coloring%20book%2C%20black-and-white%20line%20art%2C%20thick%20clean%20outlines%2C%20no%20shading%2C%20no%20grayscale%2C%20large%20open%20coloring%20spaces%2C%20cozy%20storybook%20style%2C%20cute%20capybara%20mascot%2C%20no%20humans%2C%20anthropomorphic%20animals%20only?width=850&height=1100&model=flux&nologo=true&seed=810690043
2026-05-28 16:53:11,964 [WARNING] __main__ — Attempt 2/3 failed for venice_page_03.png: 402 Client Error: Payment Required for url: https://image.pollinations.ai/prompt/Capybara%20checks%20into%20a%20cozy%20Venice-style%20inn%2C%20unpacking%20a%20small%20bag%20on%20the%20bed.%20Setting%3A%20Grand%20Canal%3B%20%20Rialto%20Bridge.%20kawaii%20coloring%20book%2C%20black-and-white%20line%20art%2C%20thick%20clean%20outlines%2C%20no%20shading%2C%20no%20grayscale%2C%20large%20open%20coloring%20spaces%2C%20cozy%20storybook%20style%2C%20cute%20capybara%20mascot%2C%20no%20humans%2C%20anthropomorphic%20animals%20only?width=850&height=1100&model=flux&nologo=true&seed=838598020
2026-05-28 16:53:15,751 [WARNING] __main__ — Attempt 3/3 failed for venice_page_01.png: 402 Client Error: Payment Required for url: https://image.pollinations.ai/prompt/Capybara%20arrives%20at%20the%20Venice%20airport%2C%20holding%20a%20small%20rolling%20suitcase%2C%20looking%20happy%20and%20excited.%20Setting%3A%20Grand%20Canal%3B%20%20Rialto%20Bridge.%20kawaii%20coloring%20book%2C%20black-and-white%20line%20art%2C%20thick%20clean%20outlines%2C%20no%20shading%2C%20no%20grayscale%2C%20large%20open%20coloring%20spaces%2C%20cozy%20storybook%20style%2C%20cute%20capybara%20mascot%2C%20no%20humans%2C%20anthropomorphic%20animals%20only?width=850&height=1100&model=flux&nologo=true&seed=810690043
2026-05-28 16:53:15,752 [INFO] __main__ — Generating page 04/30: breakfast
2026-05-28 16:53:15,752 [ERROR] __main__ — Page 01 failed: 402 Client Error: Payment Required for url: https://image.pollinations.ai/prompt/Capybara%20arrives%20at%20the%20Venice%20airport%2C%20holding%20a%20small%20rolling%20suitcase%2C%20looking%20happy%20and%20excited.%20Setting%3A%20Grand%20Canal%3B%20%20Rialto%20Bridge.%20kawaii%20coloring%20book%2C%20black-and-white%20line%20art%2C%20thick%20clean%20outlines%2C%20no%20shading%2C%20no%20grayscale%2C%20large%20open%20coloring%20spaces%2C%20cozy%20storybook%20style%2C%20cute%20capybara%20mascot%2C%20no%20humans%2C%20anthropomorphic%20animals%20only?width=850&height=1100&model=flux&nologo=true&seed=810690043
2026-05-28 16:53:17,273 [WARNING] __main__ — Attempt 1/3 failed for venice_page_04.png: 402 Client Error: Payment Required for url: https://image.pollinations.ai/prompt/Capybara%20enjoys%20a%20traditional%20Venice%20breakfast%20spread%20at%20a%20warm%20local%20caf%C3%A9.%20Setting%3A%20Grand%20Canal%3B%20%20Rialto%20Bridge.%20kawaii%20coloring%20book%2C%20black-and-white%20line%20art%2C%20thick%20clean%20outlines%2C%20no%20shading%2C%20no%20grayscale%2C%20large%20open%20coloring%20spaces%2C%20cozy%20storybook%20style%2C%20cute%20capybara%20mascot%2C%20no%20humans%2C%20anthropomorphic%20animals%20only?width=850&height=1100&model=flux&nologo=true&seed=410881426
2026-05-28 16:53:18,781 [WARNING] __main__ — Attempt 3/3 failed for venice_page_03.png: 402 Client Error: Payment Required for url: https://image.pollinations.ai/prompt/Capybara%20checks%20into%20a%20cozy%20Venice-style%20inn%2C%20unpacking%20a%20small%20bag%20on%20the%20bed.%20Setting%3A%20Grand%20Canal%3B%20%20Rialto%20Bridge.%20kawaii%20coloring%20book%2C%20black-and-white%20line%20art%2C%20thick%20clean%20outlines%2C%20no%20shading%2C%20no%20grayscale%2C%20large%20open%20coloring%20spaces%2C%20cozy%20storybook%20style%2C%20cute%20capybara%20mascot%2C%20no%20humans%2C%20anthropomorphic%20animals%20only?width=850&height=1100&model=flux&nologo=true&seed=838598020
2026-05-28 16:53:18,781 [INFO] __main__ — Generating page 05/30: landmark_1
2026-05-28 16:53:18,782 [ERROR] __main__ — Page 03 failed: 402 Client Error: Payment Required for url: https://image.pollinations.ai/prompt/Capybara%20checks%20into%20a%20cozy%20Venice-style%20inn%2C%20unpacking%20a%20small%20bag%20on%20the%20bed.%20Setting%3A%20Grand%20Canal%3B%20%20Rialto%20Bridge.%20kawaii%20coloring%20book%2C%20black-and-white%20line%20art%2C%20thick%20clean%20outlines%2C%20no%20shading%2C%20no%20grayscale%2C%20large%20open%20coloring%20spaces%2C%20cozy%20storybook%20style%2C%20cute%20capybara%20mascot%2C%20no%20humans%2C%20anthropomorphic%20animals%20only?width=850&height=1100&model=flux&nologo=true&seed=838598020
2026-05-28 16:53:20,455 [WARNING] __main__ — Attempt 1/3 failed for venice_page_05.png: 402 Client Error: Payment Required for url: https://image.pollinations.ai/prompt/Capybara%20stands%20proudly%20in%20front%20of%20a%20famous%20Venice%20landmark%2C%20pointing%20at%20it%20with%20joy.%20Setting%3A%20Grand%20Canal%3B%20%20Rialto%20Bridge.%20kawaii%20coloring%20book%2C%20black-and-white%20line%20art%2C%20thick%20clean%20outlines%2C%20no%20shading%2C%20no%20grayscale%2C%20large%20open%20coloring%20spaces%2C%20cozy%20storybook%20style%2C%20cute%20capybara%20mascot%2C%20no%20humans%2C%20anthropomorphic%20animals%20only?width=850&height=1100&model=flux&nologo=true&seed=1352884145
2026-05-28 16:53:21,992 [WARNING] __main__ — Attempt 2/3 failed for venice_page_04.png: 402 Client Error: Payment Required for url: https://image.pollinations.ai/prompt/Capybara%20enjoys%20a%20traditional%20Venice%20breakfast%20spread%20at%20a%20warm%20local%20caf%C3%A9.%20Setting%3A%20Grand%20Canal%3B%20%20Rialto%20Bridge.%20kawaii%20coloring%20book%2C%20black-and-white%20line%20art%2C%20thick%20clean%20outlines%2C%20no%20shading%2C%20no%20grayscale%2C%20large%20open%20coloring%20spaces%2C%20cozy%20storybook%20style%2C%20cute%20capybara%20mascot%2C%20no%20humans%2C%20anthropomorphic%20animals%20only?width=850&height=1100&model=flux&nologo=true&seed=410881426
2026-05-28 16:53:23,528 [WARNING] __main__ — Attempt 2/3 failed for venice_page_05.png: 402 Client Error: Payment Required for url: https://image.pollinations.ai/prompt/Capybara%20stands%20proudly%20in%20front%20of%20a%20famous%20Venice%20landmark%2C%20pointing%20at%20it%20with%20joy.%20Setting%3A%20Grand%20Canal%3B%20%20Rialto%20Bridge.%20kawaii%20coloring%20book%2C%20black-and-white%20line%20art%2C%20thick%20clean%20outlines%2C%20no%20shading%2C%20no%20grayscale%2C%20large%20open%20coloring%20spaces%2C%20cozy%20storybook%20style%2C%20cute%20capybara%20mascot%2C%20no%20humans%2C%20anthropomorphic%20animals%20only?width=850&height=1100&model=flux&nologo=true&seed=1352884145
2026-05-28 16:53:26,496 [WARNING] __main__ — Attempt 3/3 failed for venice_page_04.png: 402 Client Error: Payment Required for url: https://image.pollinations.ai/prompt/Capybara%20enjoys%20a%20traditional%20Venice%20breakfast%20spread%20at%20a%20warm%20local%20caf%C3%A9.%20Setting%3A%20Grand%20Canal%3B%20%20Rialto%20Bridge.%20kawaii%20coloring%20book%2C%20black-and-white%20line%20art%2C%20thick%20clean%20outlines%2C%20no%20shading%2C%20no%20grayscale%2C%20large%20open%20coloring%20spaces%2C%20cozy%20storybook%20style%2C%20cute%20capybara%20mascot%2C%20no%20humans%2C%20anthropomorphic%20animals%20only?width=850&height=1100&model=flux&nologo=true&seed=410881426
2026-05-28 16:53:26,497 [INFO] __main__ — Generating page 06/30: photo
2026-05-28 16:53:26,497 [ERROR] __main__ — Page 04 failed: 402 Client Error: Payment Required for url: https://image.pollinations.ai/prompt/Capybara%20enjoys%20a%20traditional%20Venice%20breakfast%20spread%20at%20a%20warm%20local%20caf%C3%A9.%20Setting%3A%20Grand%20Canal%3B%20%20Rialto%20Bridge.%20kawaii%20coloring%20book%2C%20black-and-white%20line%20art%2C%20thick%20clean%20outlines%2C%20no%20shading%2C%20no%20grayscale%2C%20large%20open%20coloring%20spaces%2C%20cozy%20storybook%20style%2C%20cute%20capybara%20mascot%2C%20no%20humans%2C%20anthropomorphic%20animals%20only?width=850&height=1100&model=flux&nologo=true&seed=410881426
2026-05-28 16:53:27,810 [WARNING] __main__ — Attempt 1/3 failed for venice_page_06.png: 402 Client Error: Payment Required for url: https://image.pollinations.ai/prompt/Capybara%20poses%20for%20a%20souvenir%20photo%20at%20the%20Venice%20landmark%2C%20giving%20a%20peace%20sign.%20Setting%3A%20Grand%20Canal%3B%20%20Rialto%20Bridge.%20kawaii%20coloring%20book%2C%20black-and-white%20line%20art%2C%20thick%20clean%20outlines%2C%20no%20shading%2C%20no%20grayscale%2C%20large%20open%20coloring%20spaces%2C%20cozy%20storybook%20style%2C%20cute%20capybara%20mascot%2C%20no%20humans%2C%20anthropomorphic%20animals%20only?width=850&height=1100&model=flux&nologo=true&seed=707626921
2026-05-28 16:53:29,363 [WARNING] __main__ — Attempt 3/3 failed for venice_page_05.png: 402 Client Error: Payment Required for url: https://image.pollinations.ai/prompt/Capybara%20stands%20proudly%20in%20front%20of%20a%20famous%20Venice%20landmark%2C%20pointing%20at%20it%20with%20joy.%20Setting%3A%20Grand%20Canal%3B%20%20Rialto%20Bridge.%20kawaii%20coloring%20book%2C%20black-and-white%20line%20art%2C%20thick%20clean%20outlines%2C%20no%20shading%2C%20no%20grayscale%2C%20large%20open%20coloring%20spaces%2C%20cozy%20storybook%20style%2C%20cute%20capybara%20mascot%2C%20no%20humans%2C%20anthropomorphic%20animals%20only?width=850&height=1100&model=flux&nologo=true&seed=1352884145
2026-05-28 16:53:29,364 [INFO] __main__ — Generating page 07/30: market
2026-05-28 16:53:29,364 [ERROR] __main__ — Page 05 failed: 402 Client Error: Payment Required for url: https://image.pollinations.ai/prompt/Capybara%20stands%20proudly%20in%20front%20of%20a%20famous%20Venice%20landmark%2C%20pointing%20at%20it%20with%20joy.%20Setting%3A%20Grand%20Canal%3B%20%20Rialto%20Bridge.%20kawaii%20coloring%20book%2C%20black-and-white%20line%20art%2C%20thick%20clean%20outlines%2C%20no%20shading%2C%20no%20grayscale%2C%20large%20open%20coloring%20spaces%2C%20cozy%20storybook%20style%2C%20cute%20capybara%20mascot%2C%20no%20humans%2C%20anthropomorphic%20animals%20only?width=850&height=1100&model=flux&nologo=true&seed=1352884145
2026-05-28 16:53:30,838 [WARNING] __main__ — Attempt 1/3 failed for venice_page_07.png: 402 Client Error: Payment Required for url: https://image.pollinations.ai/prompt/Capybara%20explores%20a%20colorful%20Venice%20street%20market%2C%20curiously%20looking%20at%20goods%20on%20display.%20Setting%3A%20Grand%20Canal%3B%20%20Rialto%20Bridge.%20kawaii%20coloring%20book%2C%20black-and-white%20line%20art%2C%20thick%20clean%20outlines%2C%20no%20shading%2C%20no%20grayscale%2C%20large%20open%20coloring%20spaces%2C%20cozy%20storybook%20style%2C%20cute%20capybara%20mascot%2C%20no%20humans%2C%20anthropomorphic%20animals%20only?width=850&height=1100&model=flux&nologo=true&seed=585683798
2026-05-28 16:53:32,539 [WARNING] __main__ — Attempt 2/3 failed for venice_page_06.png: 402 Client Error: Payment Required for url: https://image.pollinations.ai/prompt/Capybara%20poses%20for%20a%20souvenir%20photo%20at%20the%20Venice%20landmark%2C%20giving%20a%20peace%20sign.%20Setting%3A%20Grand%20Canal%3B%20%20Rialto%20Bridge.%20kawaii%20coloring%20book%2C%20black-and-white%20line%20art%2C%20thick%20clean%20outlines%2C%20no%20shading%2C%20no%20grayscale%2C%20large%20open%20coloring%20spaces%2C%20cozy%20storybook%20style%2C%20cute%20capybara%20mascot%2C%20no%20humans%2C%20anthropomorphic%20animals%20only?width=850&height=1100&model=flux&nologo=true&seed=707626921
2026-05-28 16:53:33,870 [WARNING] __main__ — Attempt 2/3 failed for venice_page_07.png: 402 Client Error: Payment Required for url: https://image.pollinations.ai/prompt/Capybara%20explores%20a%20colorful%20Venice%20street%20market%2C%20curiously%20looking%20at%20goods%20on%20display.%20Setting%3A%20Grand%20Canal%3B%20%20Rialto%20Bridge.%20kawaii%20coloring%20book%2C%20black-and-white%20line%20art%2C%20thick%20clean%20outlines%2C%20no%20shading%2C%20no%20grayscale%2C%20large%20open%20coloring%20spaces%2C%20cozy%20storybook%20style%2C%20cute%20capybara%20mascot%2C%20no%20humans%2C%20anthropomorphic%20animals%20only?width=850&height=1100&model=flux&nologo=true&seed=585683798
2026-05-28 16:53:36,902 [WARNING] __main__ — Attempt 3/3 failed for venice_page_06.png: 402 Client Error: Payment Required for url: https://image.pollinations.ai/prompt/Capybara%20poses%20for%20a%20souvenir%20photo%20at%20the%20Venice%20landmark%2C%20giving%20a%20peace%20sign.%20Setting%3A%20Grand%20Canal%3B%20%20Rialto%20Bridge.%20kawaii%20coloring%20book%2C%20black-and-white%20line%20art%2C%20thick%20clean%20outlines%2C%20no%20shading%2C%20no%20grayscale%2C%20large%20open%20coloring%20spaces%2C%20cozy%20storybook%20style%2C%20cute%20capybara%20mascot%2C%20no%20humans%2C%20anthropomorphic%20animals%20only?width=850&height=1100&model=flux&nologo=true&seed=707626921
2026-05-28 16:53:36,903 [INFO] __main__ — Generating page 08/30: street_food
2026-05-28 16:53:36,903 [ERROR] __main__ — Page 06 failed: 402 Client Error: Payment Required for url: https://image.pollinations.ai/prompt/Capybara%20poses%20for%20a%20souvenir%20photo%20at%20the%20Venice%20landmark%2C%20giving%20a%20peace%20sign.%20Setting%3A%20Grand%20Canal%3B%20%20Rialto%20Bridge.%20kawaii%20coloring%20book%2C%20black-and-white%20line%20art%2C%20thick%20clean%20outlines%2C%20no%20shading%2C%20no%20grayscale%2C%20large%20open%20coloring%20spaces%2C%20cozy%20storybook%20style%2C%20cute%20capybara%20mascot%2C%20no%20humans%2C%20anthropomorphic%20animals%20only?width=850&height=1100&model=flux&nologo=true&seed=707626921
2026-05-28 16:53:38,419 [WARNING] __main__ — Attempt 1/3 failed for venice_page_08.png: 402 Client Error: Payment Required for url: https://image.pollinations.ai/prompt/Capybara%20tries%20a%20popular%20Venice%20street%20food%20for%20the%20first%20time%2C%20holding%20it%20up%20delightedly.%20Setting%3A%20Grand%20Canal%3B%20%20Rialto%20Bridge.%20kawaii%20coloring%20book%2C%20black-and-white%20line%20art%2C%20thick%20clean%20outlines%2C%20no%20shading%2C%20no%20grayscale%2C%20large%20open%20coloring%20spaces%2C%20cozy%20storybook%20style%2C%20cute%20capybara%20mascot%2C%20no%20humans%2C%20anthropomorphic%20animals%20only?width=850&height=1100&model=flux&nologo=true&seed=201870938
2026-05-28 16:53:39,843 [WARNING] __main__ — Attempt 3/3 failed for venice_page_07.png: 402 Client Error: Payment Required for url: https://image.pollinations.ai/prompt/Capybara%20explores%20a%20colorful%20Venice%20street%20market%2C%20curiously%20looking%20at%20goods%20on%20display.%20Setting%3A%20Grand%20Canal%3B%20%20Rialto%20Bridge.%20kawaii%20coloring%20book%2C%20black-and-white%20line%20art%2C%20thick%20clean%20outlines%2C%20no%20shading%2C%20no%20grayscale%2C%20large%20open%20coloring%20spaces%2C%20cozy%20storybook%20style%2C%20cute%20capybara%20mascot%2C%20no%20humans%2C%20anthropomorphic%20animals%20only?width=850&height=1100&model=flux&nologo=true&seed=585683798
2026-05-28 16:53:39,843 [INFO] __main__ — Generating page 09/30: park
2026-05-28 16:53:39,843 [ERROR] __main__ — Page 07 failed: 402 Client Error: Payment Required for url: https://image.pollinations.ai/prompt/Capybara%20explores%20a%20colorful%20Venice%20street%20market%2C%20curiously%20looking%20at%20goods%20on%20display.%20Setting%3A%20Grand%20Canal%3B%20%20Rialto%20Bridge.%20kawaii%20coloring%20book%2C%20black-and-white%20line%20art%2C%20thick%20clean%20outlines%2C%20no%20shading%2C%20no%20grayscale%2C%20large%20open%20coloring%20spaces%2C%20cozy%20storybook%20style%2C%20cute%20capybara%20mascot%2C%20no%20humans%2C%20anthropomorphic%20animals%20only?width=850&height=1100&model=flux&nologo=true&seed=585683798
2026-05-28 16:53:41,500 [WARNING] __main__ — Attempt 1/3 failed for venice_page_09.png: 402 Client Error: Payment Required for url: https://image.pollinations.ai/prompt/Capybara%20relaxes%20in%20a%20lush%20Venice%20park%20or%20garden%2C%20surrounded%20by%20flowers%20and%20plants.%20Setting%3A%20Grand%20Canal%3B%20%20Rialto%20Bridge.%20kawaii%20coloring%20book%2C%20black-and-white%20line%20art%2C%20thick%20clean%20outlines%2C%20no%20shading%2C%20no%20grayscale%2C%20large%20open%20coloring%20spaces%2C%20cozy%20storybook%20style%2C%20cute%20capybara%20mascot%2C%20no%20humans%2C%20anthropomorphic%20animals%20only?width=850&height=1100&model=flux&nologo=true&seed=113723786
2026-05-28 16:53:42,896 [WARNING] __main__ — Attempt 2/3 failed for venice_page_08.png: 402 Client Error: Payment Required for url: https://image.pollinations.ai/prompt/Capybara%20tries%20a%20popular%20Venice%20street%20food%20for%20the%20first%20time%2C%20holding%20it%20up%20delightedly.%20Setting%3A%20Grand%20Canal%3B%20%20Rialto%20Bridge.%20kawaii%20coloring%20book%2C%20black-and-white%20line%20art%2C%20thick%20clean%20outlines%2C%20no%20shading%2C%20no%20grayscale%2C%20large%20open%20coloring%20spaces%2C%20cozy%20storybook%20style%2C%20cute%20capybara%20mascot%2C%20no%20humans%2C%20anthropomorphic%20animals%20only?width=850&height=1100&model=flux&nologo=true&seed=201870938
2026-05-28 16:53:44,519 [WARNING] __main__ — Attempt 2/3 failed for venice_page_09.png: 402 Client Error: Payment Required for url: https://image.pollinations.ai/prompt/Capybara%20relaxes%20in%20a%20lush%20Venice%20park%20or%20garden%2C%20surrounded%20by%20flowers%20and%20plants.%20Setting%3A%20Grand%20Canal%3B%20%20Rialto%20Bridge.%20kawaii%20coloring%20book%2C%20black-and-white%20line%20art%2C%20thick%20clean%20outlines%2C%20no%20shading%2C%20no%20grayscale%2C%20large%20open%20coloring%20spaces%2C%20cozy%20storybook%20style%2C%20cute%20capybara%20mascot%2C%20no%20humans%2C%20anthropomorphic%20animals%20only?width=850&height=1100&model=flux&nologo=true&seed=113723786
2026-05-28 16:53:47,364 [WARNING] __main__ — Attempt 3/3 failed for venice_page_08.png: 402 Client Error: Payment Required for url: https://image.pollinations.ai/prompt/Capybara%20tries%20a%20popular%20Venice%20street%20food%20for%20the%20first%20time%2C%20holding%20it%20up%20delightedly.%20Setting%3A%20Grand%20Canal%3B%20%20Rialto%20Bridge.%20kawaii%20coloring%20book%2C%20black-and-white%20line%20art%2C%20thick%20clean%20outlines%2C%20no%20shading%2C%20no%20grayscale%2C%20large%20open%20coloring%20spaces%2C%20cozy%20storybook%20style%2C%20cute%20capybara%20mascot%2C%20no%20humans%2C%20anthropomorphic%20animals%20only?width=850&height=1100&model=flux&nologo=true&seed=201870938
2026-05-28 16:53:47,365 [INFO] __main__ — Generating page 10/30: local_animal
2026-05-28 16:53:47,365 [ERROR] __main__ — Page 08 failed: 402 Client Error: Payment Required for url: https://image.pollinations.ai/prompt/Capybara%20tries%20a%20popular%20Venice%20street%20food%20for%20the%20first%20time%2C%20holding%20it%20up%20delightedly.%20Setting%3A%20Grand%20Canal%3B%20%20Rialto%20Bridge.%20kawaii%20coloring%20book%2C%20black-and-white%20line%20art%2C%20thick%20clean%20outlines%2C%20no%20shading%2C%20no%20grayscale%2C%20large%20open%20coloring%20spaces%2C%20cozy%20storybook%20style%2C%20cute%20capybara%20mascot%2C%20no%20humans%2C%20anthropomorphic%20animals%20only?width=850&height=1100&model=flux&nologo=true&seed=201870938
2026-05-28 16:53:48,711 [WARNING] __main__ — Attempt 1/3 failed for venice_page_10.png: 402 Client Error: Payment Required for url: https://image.pollinations.ai/prompt/Capybara%20meets%20and%20befriends%20a%20cute%20local%20animal%20that%20is%20famous%20in%20Venice.%20Setting%3A%20Grand%20Canal%3B%20%20Rialto%20Bridge.%20kawaii%20coloring%20book%2C%20black-and-white%20line%20art%2C%20thick%20clean%20outlines%2C%20no%20shading%2C%20no%20grayscale%2C%20large%20open%20coloring%20spaces%2C%20cozy%20storybook%20style%2C%20cute%20capybara%20mascot%2C%20no%20humans%2C%20anthropomorphic%20animals%20only?width=850&height=1100&model=flux&nologo=true&seed=1061207778
2026-05-28 16:53:50,237 [WARNING] __main__ — Attempt 3/3 failed for venice_page_09.png: 402 Client Error: Payment Required for url: https://image.pollinations.ai/prompt/Capybara%20relaxes%20in%20a%20lush%20Venice%20park%20or%20garden%2C%20surrounded%20by%20flowers%20and%20plants.%20Setting%3A%20Grand%20Canal%3B%20%20Rialto%20Bridge.%20kawaii%20coloring%20book%2C%20black-and-white%20line%20art%2C%20thick%20clean%20outlines%2C%20no%20shading%2C%20no%20grayscale%2C%20large%20open%20coloring%20spaces%2C%20cozy%20storybook%20style%2C%20cute%20capybara%20mascot%2C%20no%20humans%2C%20anthropomorphic%20animals%20only?width=850&height=1100&model=flux&nologo=true&seed=113723786
2026-05-28 16:53:50,238 [INFO] __main__ — Generating page 11/30: transport
2026-05-28 16:53:50,239 [ERROR] __main__ — Page 09 failed: 402 Client Error: Payment Required for url: https://image.pollinations.ai/prompt/Capybara%20relaxes%20in%20a%20lush%20Venice%20park%20or%20garden%2C%20surrounded%20by%20flowers%20and%20plants.%20Setting%3A%20Grand%20Canal%3B%20%20Rialto%20Bridge.%20kawaii%20coloring%20book%2C%20black-and-white%20line%20art%2C%20thick%20clean%20outlines%2C%20no%20shading%2C%20no%20grayscale%2C%20large%20open%20coloring%20spaces%2C%20cozy%20storybook%20style%2C%20cute%20capybara%20mascot%2C%20no%20humans%2C%20anthropomorphic%20animals%20only?width=850&height=1100&model=flux&nologo=true&seed=113723786
2026-05-28 16:53:51,701 [WARNING] __main__ — Attempt 1/3 failed for venice_page_11.png: 402 Client Error: Payment Required for url: https://image.pollinations.ai/prompt/Capybara%20rides%20a%20classic%20Venice%20form%20of%20transportation%2C%20waving%20cheerfully%20out%20the%20window.%20Setting%3A%20Grand%20Canal%3B%20%20Rialto%20Bridge.%20kawaii%20coloring%20book%2C%20black-and-white%20line%20art%2C%20thick%20clean%20outlines%2C%20no%20shading%2C%20no%20grayscale%2C%20large%20open%20coloring%20spaces%2C%20cozy%20storybook%20style%2C%20cute%20capybara%20mascot%2C%20no%20humans%2C%20anthropomorphic%20animals%20only?width=850&height=1100&model=flux&nologo=true&seed=972900170
2026-05-28 16:53:53,201 [WARNING] __main__ — Attempt 2/3 failed for venice_page_10.png: 402 Client Error: Payment Required for url: https://image.pollinations.ai/prompt/Capybara%20meets%20and%20befriends%20a%20cute%20local%20animal%20that%20is%20famous%20in%20Venice.%20Setting%3A%20Grand%20Canal%3B%20%20Rialto%20Bridge.%20kawaii%20coloring%20book%2C%20black-and-white%20line%20art%2C%20thick%20clean%20outlines%2C%20no%20shading%2C%20no%20grayscale%2C%20large%20open%20coloring%20spaces%2C%20cozy%20storybook%20style%2C%20cute%20capybara%20mascot%2C%20no%20humans%2C%20anthropomorphic%20animals%20only?width=850&height=1100&model=flux&nologo=true&seed=1061207778
2026-05-28 16:53:54,753 [WARNING] __main__ — Attempt 2/3 failed for venice_page_11.png: 402 Client Error: Payment Required for url: https://image.pollinations.ai/prompt/Capybara%20rides%20a%20classic%20Venice%20form%20of%20transportation%2C%20waving%20cheerfully%20out%20the%20window.%20Setting%3A%20Grand%20Canal%3B%20%20Rialto%20Bridge.%20kawaii%20coloring%20book%2C%20black-and-white%20line%20art%2C%20thick%20clean%20outlines%2C%20no%20shading%2C%20no%20grayscale%2C%20large%20open%20coloring%20spaces%2C%20cozy%20storybook%20style%2C%20cute%20capybara%20mascot%2C%20no%20humans%2C%20anthropomorphic%20animals%20only?width=850&height=1100&model=flux&nologo=true&seed=972900170
2026-05-28 16:53:57,579 [WARNING] __main__ — Attempt 3/3 failed for venice_page_10.png: 402 Client Error: Payment Required for url: https://image.pollinations.ai/prompt/Capybara%20meets%20and%20befriends%20a%20cute%20local%20animal%20that%20is%20famous%20in%20Venice.%20Setting%3A%20Grand%20Canal%3B%20%20Rialto%20Bridge.%20kawaii%20coloring%20book%2C%20black-and-white%20line%20art%2C%20thick%20clean%20outlines%2C%20no%20shading%2C%20no%20grayscale%2C%20large%20open%20coloring%20spaces%2C%20cozy%20storybook%20style%2C%20cute%20capybara%20mascot%2C%20no%20humans%2C%20anthropomorphic%20animals%20only?width=850&height=1100&model=flux&nologo=true&seed=1061207778
2026-05-28 16:53:57,579 [INFO] __main__ — Generating page 12/30: landmark_2
2026-05-28 16:53:57,579 [ERROR] __main__ — Page 10 failed: 402 Client Error: Payment Required for url: https://image.pollinations.ai/prompt/Capybara%20meets%20and%20befriends%20a%20cute%20local%20animal%20that%20is%20famous%20in%20Venice.%20Setting%3A%20Grand%20Canal%3B%20%20Rialto%20Bridge.%20kawaii%20coloring%20book%2C%20black-and-white%20line%20art%2C%20thick%20clean%20outlines%2C%20no%20shading%2C%20no%20grayscale%2C%20large%20open%20coloring%20spaces%2C%20cozy%20storybook%20style%2C%20cute%20capybara%20mascot%2C%20no%20humans%2C%20anthropomorphic%20animals%20only?width=850&height=1100&model=flux&nologo=true&seed=1061207778
2026-05-28 16:53:59,060 [WARNING] __main__ — Attempt 1/3 failed for venice_page_12.png: 402 Client Error: Payment Required for url: https://image.pollinations.ai/prompt/Capybara%20visits%20a%20second%20iconic%20Venice%20landmark%2C%20sketchbook%20in%20hand%2C%20drawing%20it.%20Setting%3A%20Grand%20Canal%3B%20%20Rialto%20Bridge.%20kawaii%20coloring%20book%2C%20black-and-white%20line%20art%2C%20thick%20clean%20outlines%2C%20no%20shading%2C%20no%20grayscale%2C%20large%20open%20coloring%20spaces%2C%20cozy%20storybook%20style%2C%20cute%20capybara%20mascot%2C%20no%20humans%2C%20anthropomorphic%20animals%20only?width=850&height=1100&model=flux&nologo=true&seed=82746931
2026-05-28 16:56:35,157 [INFO] __main__ — Running pipeline for 178 books...
2026-05-28 16:56:35,172 [INFO] __main__ — === Pipeline start: tokyo ===
2026-05-28 16:56:35,215 [INFO] __main__ — Matched spreadsheet row: 0
2026-05-28 16:56:35,257 [INFO] __main__ — Book loaded: Explore Tokyo
2026-05-28 16:56:35,258 [INFO] __main__ — Storyboard ready — city=Tokyo, pages=30
2026-05-28 16:56:35,258 [INFO] __main__ — Image provider: pollinations
2026-05-28 16:56:35,258 [INFO] __main__ — Generating cover...
2026-05-28 16:57:35,115 [INFO] __main__ — All pages already exist, skipping generation.
2026-05-28 16:57:39,261 [INFO] __main__ — Interior PDF: /Users/jonathan/kdp_coloring_books/output/interiors/explore_tokyo_interior.pdf
2026-05-28 16:57:39,437 [INFO] __main__ — Cover PDF: /Users/jonathan/kdp_coloring_books/output/covers/tokyo_cover.pdf
2026-05-28 16:57:39,437 [INFO] __main__ — Metadata: /Users/jonathan/kdp_coloring_books/output/metadata/tokyo_metadata.json
2026-05-28 16:57:39,437 [INFO] __main__ — === Pipeline complete: tokyo ===
2026-05-28 16:57:39,438 [INFO] __main__ — === Pipeline start: venice ===
2026-05-28 16:57:39,485 [INFO] __main__ — Book loaded: Explore Venice
2026-05-28 16:57:39,485 [INFO] __main__ — Storyboard ready — city=Venice, pages=30
2026-05-28 16:57:39,485 [INFO] __main__ — Image provider: pollinations
2026-05-28 16:57:39,485 [INFO] __main__ — Generating cover...
2026-05-28 16:59:04,801 [INFO] __main__ — Generating page 01/30: arrival
2026-05-28 17:00:35,344 [INFO] __main__ — Generating page 02/30: first_glimpse
2026-05-28 17:02:05,627 [INFO] __main__ — Generating page 03/30: hotel
2026-05-28 17:02:35,800 [INFO] __main__ — Running pipeline for 178 books...
2026-05-28 17:02:35,810 [INFO] __main__ — === Pipeline start: tokyo ===
2026-05-28 17:02:35,852 [INFO] __main__ — Matched spreadsheet row: 0
2026-05-28 17:02:35,895 [INFO] __main__ — Book loaded: Explore Tokyo
2026-05-28 17:02:35,896 [INFO] __main__ — Storyboard ready — city=Tokyo, pages=30
2026-05-28 17:02:35,896 [INFO] __main__ — Image provider: pollinations
2026-05-28 17:02:35,896 [INFO] __main__ — Generating cover...
2026-05-28 17:02:36,658 [WARNING] __main__ — Attempt 1/3 failed for tokyo_cover.png: 402 Client Error: Payment Required for url: https://image.pollinations.ai/prompt/Cute%20capybara%20mascot%20in%20the%20foreground%20surrounded%20by%20iconic%20Tokyo%20landmarks%20%28Tokyo%20Tower%3B%20Shibuya%20Crossing%3B%20Senso-ji%3B%20Akihabara%3B%20Meiji%20Shrine%29%2C%20wearing%20a%20cozy%20Tokyo-themed%20travel%20outfit%2C%20smiling%20warmly.%20kawaii%20coloring%20book%2C%20black-and-white%20line%20art%2C%20thick%20clean%20outlines%2C%20no%20shading%2C%20no%20grayscale%2C%20large%20open%20coloring%20spaces%2C%20cozy%20storybook%20style%2C%20cute%20capybara%20mascot%2C%20no%20humans%2C%20anthropomorphic%20animals%20only?width=850&height=1100&model=flux-schnell&seed=1706801984
2026-05-28 17:02:39,256 [WARNING] __main__ — Attempt 2/3 failed for tokyo_cover.png: 402 Client Error: Payment Required for url: https://image.pollinations.ai/prompt/Cute%20capybara%20mascot%20in%20the%20foreground%20surrounded%20by%20iconic%20Tokyo%20landmarks%20%28Tokyo%20Tower%3B%20Shibuya%20Crossing%3B%20Senso-ji%3B%20Akihabara%3B%20Meiji%20Shrine%29%2C%20wearing%20a%20cozy%20Tokyo-themed%20travel%20outfit%2C%20smiling%20warmly.%20kawaii%20coloring%20book%2C%20black-and-white%20line%20art%2C%20thick%20clean%20outlines%2C%20no%20shading%2C%20no%20grayscale%2C%20large%20open%20coloring%20spaces%2C%20cozy%20storybook%20style%2C%20cute%20capybara%20mascot%2C%20no%20humans%2C%20anthropomorphic%20animals%20only?width=850&height=1100&model=flux-schnell&seed=1706801984
2026-05-28 17:02:44,067 [WARNING] __main__ — Attempt 3/3 failed for tokyo_cover.png: 402 Client Error: Payment Required for url: https://image.pollinations.ai/prompt/Cute%20capybara%20mascot%20in%20the%20foreground%20surrounded%20by%20iconic%20Tokyo%20landmarks%20%28Tokyo%20Tower%3B%20Shibuya%20Crossing%3B%20Senso-ji%3B%20Akihabara%3B%20Meiji%20Shrine%29%2C%20wearing%20a%20cozy%20Tokyo-themed%20travel%20outfit%2C%20smiling%20warmly.%20kawaii%20coloring%20book%2C%20black-and-white%20line%20art%2C%20thick%20clean%20outlines%2C%20no%20shading%2C%20no%20grayscale%2C%20large%20open%20coloring%20spaces%2C%20cozy%20storybook%20style%2C%20cute%20capybara%20mascot%2C%20no%20humans%2C%20anthropomorphic%20animals%20only?width=850&height=1100&model=flux-schnell&seed=1706801984
2026-05-28 17:02:44,067 [ERROR] __main__ — Pipeline failed for tokyo: 402 Client Error: Payment Required for url: https://image.pollinations.ai/prompt/Cute%20capybara%20mascot%20in%20the%20foreground%20surrounded%20by%20iconic%20Tokyo%20landmarks%20%28Tokyo%20Tower%3B%20Shibuya%20Crossing%3B%20Senso-ji%3B%20Akihabara%3B%20Meiji%20Shrine%29%2C%20wearing%20a%20cozy%20Tokyo-themed%20travel%20outfit%2C%20smiling%20warmly.%20kawaii%20coloring%20book%2C%20black-and-white%20line%20art%2C%20thick%20clean%20outlines%2C%20no%20shading%2C%20no%20grayscale%2C%20large%20open%20coloring%20spaces%2C%20cozy%20storybook%20style%2C%20cute%20capybara%20mascot%2C%20no%20humans%2C%20anthropomorphic%20animals%20only?width=850&height=1100&model=flux-schnell&seed=1706801984
Traceback (most recent call last):
  File "/Users/jonathan/kdp_coloring_books/src/main.py", line 255, in run_pipeline_for_all_books
    run_pipeline_for_book(slug, args, row_index=int(index))
    ~~~~~~~~~~~~~~~~~~~~~^^^^^^^^^^^^^^^^^^^^^^^^^^^^^^^^^^
  File "/Users/jonathan/kdp_coloring_books/src/main.py", line 197, in run_pipeline_for_book
    _generate_with_retry(provider, storyboard.cover_prompt, cover_path)
    ~~~~~~~~~~~~~~~~~~~~^^^^^^^^^^^^^^^^^^^^^^^^^^^^^^^^^^^^^^^^^^^^^^^
  File "/Users/jonathan/kdp_coloring_books/src/main.py", line 304, in _generate_with_retry
    provider.generate(prompt, output_path)
    ~~~~~~~~~~~~~~~~~^^^^^^^^^^^^^^^^^^^^^
  File "/Users/jonathan/kdp_coloring_books/src/image_gen/pollinations.py", line 72, in generate
    response.raise_for_status()
    ~~~~~~~~~~~~~~~~~~~~~~~~~^^
  File "/Users/jonathan/kdp_coloring_books/.venv/lib/python3.13/site-packages/requests/models.py", line 1167, in raise_for_status
    raise HTTPError(http_error_msg, response=self)
requests.exceptions.HTTPError: 402 Client Error: Payment Required for url: https://image.pollinations.ai/prompt/Cute%20capybara%20mascot%20in%20the%20foreground%20surrounded%20by%20iconic%20Tokyo%20landmarks%20%28Tokyo%20Tower%3B%20Shibuya%20Crossing%3B%20Senso-ji%3B%20Akihabara%3B%20Meiji%20Shrine%29%2C%20wearing%20a%20cozy%20Tokyo-themed%20travel%20outfit%2C%20smiling%20warmly.%20kawaii%20coloring%20book%2C%20black-and-white%20line%20art%2C%20thick%20clean%20outlines%2C%20no%20shading%2C%20no%20grayscale%2C%20large%20open%20coloring%20spaces%2C%20cozy%20storybook%20style%2C%20cute%20capybara%20mascot%2C%20no%20humans%2C%20anthropomorphic%20animals%20only?width=850&height=1100&model=flux-schnell&seed=1706801984
2026-05-28 17:02:44,077 [INFO] __main__ — === Pipeline start: venice ===
2026-05-28 17:02:44,145 [INFO] __main__ — Book loaded: Explore Venice
2026-05-28 17:02:44,146 [INFO] __main__ — Storyboard ready — city=Venice, pages=30
2026-05-28 17:02:44,146 [INFO] __main__ — Image provider: pollinations
2026-05-28 17:02:44,146 [INFO] __main__ — Generating cover...
2026-05-28 17:02:44,462 [WARNING] __main__ — Attempt 1/3 failed for venice_cover.png: 402 Client Error: Payment Required for url: https://image.pollinations.ai/prompt/Cute%20capybara%20mascot%20in%20the%20foreground%20surrounded%20by%20iconic%20Venice%20landmarks%20%28Grand%20Canal%3B%20Rialto%20Bridge%3B%20St.%20Mark%27s%20Basilica%3B%20gondolas%3B%20Piazza%20San%20Marco%29%2C%20wearing%20a%20cozy%20Venice-themed%20travel%20outfit%2C%20smiling%20warmly.%20kawaii%20coloring%20book%2C%20black-and-white%20line%20art%2C%20thick%20clean%20outlines%2C%20no%20shading%2C%20no%20grayscale%2C%20large%20open%20coloring%20spaces%2C%20cozy%20storybook%20style%2C%20cute%20capybara%20mascot%2C%20no%20humans%2C%20anthropomorphic%20animals%20only?width=850&height=1100&model=flux-schnell&seed=763400958
2026-05-28 17:02:47,650 [WARNING] __main__ — Attempt 2/3 failed for venice_cover.png: 402 Client Error: Payment Required for url: https://image.pollinations.ai/prompt/Cute%20capybara%20mascot%20in%20the%20foreground%20surrounded%20by%20iconic%20Venice%20landmarks%20%28Grand%20Canal%3B%20Rialto%20Bridge%3B%20St.%20Mark%27s%20Basilica%3B%20gondolas%3B%20Piazza%20San%20Marco%29%2C%20wearing%20a%20cozy%20Venice-themed%20travel%20outfit%2C%20smiling%20warmly.%20kawaii%20coloring%20book%2C%20black-and-white%20line%20art%2C%20thick%20clean%20outlines%2C%20no%20shading%2C%20no%20grayscale%2C%20large%20open%20coloring%20spaces%2C%20cozy%20storybook%20style%2C%20cute%20capybara%20mascot%2C%20no%20humans%2C%20anthropomorphic%20animals%20only?width=850&height=1100&model=flux-schnell&seed=763400958
2026-05-28 17:02:52,047 [WARNING] __main__ — Attempt 3/3 failed for venice_cover.png: 402 Client Error: Payment Required for url: https://image.pollinations.ai/prompt/Cute%20capybara%20mascot%20in%20the%20foreground%20surrounded%20by%20iconic%20Venice%20landmarks%20%28Grand%20Canal%3B%20Rialto%20Bridge%3B%20St.%20Mark%27s%20Basilica%3B%20gondolas%3B%20Piazza%20San%20Marco%29%2C%20wearing%20a%20cozy%20Venice-themed%20travel%20outfit%2C%20smiling%20warmly.%20kawaii%20coloring%20book%2C%20black-and-white%20line%20art%2C%20thick%20clean%20outlines%2C%20no%20shading%2C%20no%20grayscale%2C%20large%20open%20coloring%20spaces%2C%20cozy%20storybook%20style%2C%20cute%20capybara%20mascot%2C%20no%20humans%2C%20anthropomorphic%20animals%20only?width=850&height=1100&model=flux-schnell&seed=763400958
2026-05-28 17:02:52,049 [ERROR] __main__ — Pipeline failed for venice: 402 Client Error: Payment Required for url: https://image.pollinations.ai/prompt/Cute%20capybara%20mascot%20in%20the%20foreground%20surrounded%20by%20iconic%20Venice%20landmarks%20%28Grand%20Canal%3B%20Rialto%20Bridge%3B%20St.%20Mark%27s%20Basilica%3B%20gondolas%3B%20Piazza%20San%20Marco%29%2C%20wearing%20a%20cozy%20Venice-themed%20travel%20outfit%2C%20smiling%20warmly.%20kawaii%20coloring%20book%2C%20black-and-white%20line%20art%2C%20thick%20clean%20outlines%2C%20no%20shading%2C%20no%20grayscale%2C%20large%20open%20coloring%20spaces%2C%20cozy%20storybook%20style%2C%20cute%20capybara%20mascot%2C%20no%20humans%2C%20anthropomorphic%20animals%20only?width=850&height=1100&model=flux-schnell&seed=763400958
Traceback (most recent call last):
  File "/Users/jonathan/kdp_coloring_books/src/main.py", line 255, in run_pipeline_for_all_books
    run_pipeline_for_book(slug, args, row_index=int(index))
    ~~~~~~~~~~~~~~~~~~~~~^^^^^^^^^^^^^^^^^^^^^^^^^^^^^^^^^^
  File "/Users/jonathan/kdp_coloring_books/src/main.py", line 197, in run_pipeline_for_book
    _generate_with_retry(provider, storyboard.cover_prompt, cover_path)
    ~~~~~~~~~~~~~~~~~~~~^^^^^^^^^^^^^^^^^^^^^^^^^^^^^^^^^^^^^^^^^^^^^^^
  File "/Users/jonathan/kdp_coloring_books/src/main.py", line 304, in _generate_with_retry
    provider.generate(prompt, output_path)
    ~~~~~~~~~~~~~~~~~^^^^^^^^^^^^^^^^^^^^^
  File "/Users/jonathan/kdp_coloring_books/src/image_gen/pollinations.py", line 72, in generate
    response.raise_for_status()
    ~~~~~~~~~~~~~~~~~~~~~~~~~^^
  File "/Users/jonathan/kdp_coloring_books/.venv/lib/python3.13/site-packages/requests/models.py", line 1167, in raise_for_status
    raise HTTPError(http_error_msg, response=self)
requests.exceptions.HTTPError: 402 Client Error: Payment Required for url: https://image.pollinations.ai/prompt/Cute%20capybara%20mascot%20in%20the%20foreground%20surrounded%20by%20iconic%20Venice%20landmarks%20%28Grand%20Canal%3B%20Rialto%20Bridge%3B%20St.%20Mark%27s%20Basilica%3B%20gondolas%3B%20Piazza%20San%20Marco%29%2C%20wearing%20a%20cozy%20Venice-themed%20travel%20outfit%2C%20smiling%20warmly.%20kawaii%20coloring%20book%2C%20black-and-white%20line%20art%2C%20thick%20clean%20outlines%2C%20no%20shading%2C%20no%20grayscale%2C%20large%20open%20coloring%20spaces%2C%20cozy%20storybook%20style%2C%20cute%20capybara%20mascot%2C%20no%20humans%2C%20anthropomorphic%20animals%20only?width=850&height=1100&model=flux-schnell&seed=763400958
2026-05-28 17:02:52,055 [INFO] __main__ — === Pipeline start: nan ===
2026-05-28 17:02:52,115 [INFO] __main__ — Book loaded: Explore Corn
2026-05-28 17:02:52,117 [INFO] __main__ — Storyboard ready — city=Corn-Themed Food Exploration, pages=30
2026-05-28 17:02:52,117 [INFO] __main__ — Image provider: pollinations
2026-05-28 17:02:52,117 [INFO] __main__ — Generating cover...
2026-05-28 17:02:52,383 [WARNING] __main__ — Attempt 1/3 failed for nan_cover.png: 402 Client Error: Payment Required for url: https://image.pollinations.ai/prompt/Cute%20capybara%20mascot%20in%20the%20foreground%20surrounded%20by%20iconic%20Corn-Themed%20Food%20Exploration%20landmarks%20%28corn%20cob%3B%20corn%20farm%3B%20corn%20maze%3B%20corn%20stand%3B%20popcorn%29%2C%20wearing%20a%20cozy%20Corn-Themed%20Food%20Exploration-themed%20travel%20outfit%2C%20smiling%20warmly.%20kawaii%20coloring%20book%2C%20black-and-white%20line%20art%2C%20thick%20clean%20outlines%2C%20no%20shading%2C%20no%20grayscale%2C%20large%20open%20coloring%20spaces%2C%20cozy%20storybook%20style%2C%20cute%20capybara%20mascot%2C%20no%20humans%2C%20anthropomorphic%20animals%20only?width=850&height=1100&model=flux-schnell&seed=588488844
2026-05-28 17:05:12,156 [INFO] __main__ — Running pipeline for 178 books...
2026-05-28 17:05:12,169 [INFO] __main__ — === Pipeline start: tokyo ===
2026-05-28 17:05:12,214 [INFO] __main__ — Matched spreadsheet row: 0
2026-05-28 17:05:12,256 [INFO] __main__ — Book loaded: Explore Tokyo
2026-05-28 17:05:12,258 [INFO] __main__ — Storyboard ready — city=Tokyo, pages=30
2026-05-28 17:05:12,258 [INFO] __main__ — Image provider: pollinations
2026-05-28 17:05:12,258 [INFO] __main__ — Generating cover...
2026-05-28 17:06:34,816 [INFO] __main__ — All pages already exist, skipping generation.
2026-05-28 17:06:39,023 [INFO] __main__ — Interior PDF: /Users/jonathan/kdp_coloring_books/output/interiors/explore_tokyo_interior.pdf
2026-05-28 17:06:39,167 [INFO] __main__ — Cover PDF: /Users/jonathan/kdp_coloring_books/output/covers/tokyo_cover.pdf
2026-05-28 17:06:39,168 [INFO] __main__ — Metadata: /Users/jonathan/kdp_coloring_books/output/metadata/tokyo_metadata.json
2026-05-28 17:06:39,168 [INFO] __main__ — === Pipeline complete: tokyo ===
2026-05-28 17:06:39,169 [INFO] __main__ — === Pipeline start: venice ===
2026-05-28 17:06:39,214 [INFO] __main__ — Book loaded: Explore Venice
2026-05-28 17:06:39,215 [INFO] __main__ — Storyboard ready — city=Venice, pages=30
2026-05-28 17:06:39,215 [INFO] __main__ — Image provider: pollinations
2026-05-28 17:06:39,215 [INFO] __main__ — Generating cover...
2026-05-28 17:08:05,344 [INFO] __main__ — Generating page 03/30: hotel
2026-05-28 17:09:35,402 [INFO] __main__ — Generating page 04/30: breakfast
2026-05-28 19:21:52,977 [INFO] __main__ — === Pipeline start: tokyo ===
2026-05-28 19:21:53,089 [INFO] __main__ — Matched spreadsheet row: 0
2026-05-28 19:21:53,129 [INFO] __main__ — Book loaded: Explore Tokyo
2026-05-28 19:21:53,130 [INFO] __main__ — Storyboard ready — city=Tokyo, pages=30
2026-05-28 19:21:53,130 [INFO] __main__ — Image provider: openai-gpt-image-2
2026-05-28 19:21:53,130 [INFO] __main__ — Generating cover...
2026-05-28 19:24:08,613 [INFO] httpx — HTTP Request: POST https://api.openai.com/v1/images/generations "HTTP/1.1 200 OK"
2026-05-28 19:24:09,009 [INFO] __main__ — Generating page 01/30: arrival
2026-05-28 19:26:32,494 [INFO] httpx — HTTP Request: POST https://api.openai.com/v1/images/generations "HTTP/1.1 200 OK"
2026-05-28 19:26:32,934 [INFO] __main__ — Generating page 02/30: first_glimpse
2026-05-28 19:29:08,773 [INFO] httpx — HTTP Request: POST https://api.openai.com/v1/images/generations "HTTP/1.1 200 OK"
2026-05-28 19:29:09,037 [INFO] __main__ — Generating page 03/30: hotel
2026-05-28 19:31:30,805 [INFO] httpx — HTTP Request: POST https://api.openai.com/v1/images/generations "HTTP/1.1 200 OK"
2026-05-28 19:31:31,097 [INFO] __main__ — Generating page 04/30: breakfast
2026-05-28 19:33:43,609 [INFO] httpx — HTTP Request: POST https://api.openai.com/v1/images/generations "HTTP/1.1 200 OK"
2026-05-28 19:33:44,030 [INFO] __main__ — Generating page 05/30: landmark_1
2026-05-28 19:35:56,075 [INFO] httpx — HTTP Request: POST https://api.openai.com/v1/images/generations "HTTP/1.1 200 OK"
2026-05-28 19:35:56,442 [INFO] __main__ — Generating page 06/30: photo
2026-05-28 19:38:06,057 [INFO] httpx — HTTP Request: POST https://api.openai.com/v1/images/generations "HTTP/1.1 200 OK"
2026-05-28 19:38:06,348 [INFO] __main__ — Generating page 07/30: market
2026-05-28 19:40:33,312 [INFO] httpx — HTTP Request: POST https://api.openai.com/v1/images/generations "HTTP/1.1 200 OK"
2026-05-28 19:40:33,605 [INFO] __main__ — Generating page 08/30: street_food
2026-05-28 19:42:59,124 [INFO] httpx — HTTP Request: POST https://api.openai.com/v1/images/generations "HTTP/1.1 200 OK"
2026-05-28 19:42:59,477 [INFO] __main__ — Generating page 09/30: park
2026-05-28 19:45:03,923 [INFO] httpx — HTTP Request: POST https://api.openai.com/v1/images/generations "HTTP/1.1 200 OK"
2026-05-28 19:45:04,387 [INFO] __main__ — Generating page 10/30: local_animal
2026-05-28 19:47:19,736 [INFO] httpx — HTTP Request: POST https://api.openai.com/v1/images/generations "HTTP/1.1 200 OK"
2026-05-28 19:47:20,025 [INFO] __main__ — Generating page 11/30: transport
2026-05-28 19:49:28,966 [INFO] httpx — HTTP Request: POST https://api.openai.com/v1/images/generations "HTTP/1.1 200 OK"
2026-05-28 19:49:29,296 [INFO] __main__ — Generating page 12/30: landmark_2
2026-05-28 19:51:40,242 [INFO] httpx — HTTP Request: POST https://api.openai.com/v1/images/generations "HTTP/1.1 200 OK"
2026-05-28 19:51:40,563 [INFO] __main__ — Generating page 13/30: shopping
2026-05-28 19:53:43,122 [INFO] httpx — HTTP Request: POST https://api.openai.com/v1/images/generations "HTTP/1.1 200 OK"
2026-05-28 19:53:43,527 [INFO] __main__ — Generating page 14/30: craft
2026-05-28 19:55:56,754 [INFO] httpx — HTTP Request: POST https://api.openai.com/v1/images/generations "HTTP/1.1 200 OK"
2026-05-28 19:55:57,098 [INFO] __main__ — Generating page 15/30: temple
2026-05-28 19:55:57,573 [INFO] httpx — HTTP Request: POST https://api.openai.com/v1/images/generations "HTTP/1.1 400 Bad Request"
2026-05-28 19:55:57,592 [WARNING] __main__ — Attempt 1/3 failed for tokyo_page_15.png: Error code: 400 - {'error': {'message': 'Billing hard limit has been reached.', 'type': 'billing_limit_user_error', 'param': None, 'code': 'billing_hard_limit_reached'}}
2026-05-28 19:55:59,977 [INFO] httpx — HTTP Request: POST https://api.openai.com/v1/images/generations "HTTP/1.1 400 Bad Request"
2026-05-28 19:55:59,978 [WARNING] __main__ — Attempt 2/3 failed for tokyo_page_15.png: Error code: 400 - {'error': {'message': 'Billing hard limit has been reached.', 'type': 'billing_limit_user_error', 'param': None, 'code': 'billing_hard_limit_reached'}}
2026-05-28 19:56:04,441 [INFO] httpx — HTTP Request: POST https://api.openai.com/v1/images/generations "HTTP/1.1 400 Bad Request"
2026-05-28 19:56:04,443 [WARNING] __main__ — Attempt 3/3 failed for tokyo_page_15.png: Error code: 400 - {'error': {'message': 'Billing hard limit has been reached.', 'type': 'billing_limit_user_error', 'param': None, 'code': 'billing_hard_limit_reached'}}
2026-05-28 20:03:44,476 [INFO] __main__ — === Pipeline start: tokyo ===
2026-05-28 20:03:44,644 [INFO] __main__ — Matched spreadsheet row: 0
2026-05-28 20:03:44,706 [INFO] __main__ — Book loaded: Explore Tokyo
2026-05-28 20:03:44,708 [INFO] __main__ — Storyboard ready — city=Tokyo, pages=30
2026-05-28 20:03:44,708 [INFO] __main__ — Image provider: openai-gpt-image-2
2026-05-28 20:03:44,708 [INFO] __main__ — Generating cover...
2026-05-28 20:04:32,236 [INFO] httpx — HTTP Request: POST https://api.openai.com/v1/images/generations "HTTP/1.1 200 OK"
2026-05-28 20:04:32,826 [INFO] __main__ — Generating page 15/30: temple
2026-05-28 20:05:21,599 [INFO] httpx — HTTP Request: POST https://api.openai.com/v1/images/generations "HTTP/1.1 200 OK"
2026-05-28 20:05:22,002 [INFO] __main__ — Generating page 16/30: viewpoint
2026-05-28 20:06:22,115 [INFO] httpx — HTTP Request: POST https://api.openai.com/v1/images/generations "HTTP/1.1 200 OK"
2026-05-28 20:06:22,448 [INFO] __main__ — Generating page 17/30: snack
2026-05-28 20:07:09,215 [INFO] httpx — HTTP Request: POST https://api.openai.com/v1/images/generations "HTTP/1.1 200 OK"
2026-05-28 20:07:09,542 [INFO] __main__ — Generating page 18/30: festival
2026-05-28 20:08:07,037 [INFO] httpx — HTTP Request: POST https://api.openai.com/v1/images/generations "HTTP/1.1 200 OK"
2026-05-28 20:08:07,376 [INFO] __main__ — Generating page 19/30: dinner
2026-05-28 20:09:00,937 [INFO] httpx — HTTP Request: POST https://api.openai.com/v1/images/generations "HTTP/1.1 200 OK"
2026-05-28 20:09:01,708 [INFO] __main__ — Generating page 20/30: evening_walk
2026-05-28 20:09:56,030 [INFO] httpx — HTTP Request: POST https://api.openai.com/v1/images/generations "HTTP/1.1 200 OK"
2026-05-28 20:09:56,332 [INFO] __main__ — Generating page 21/30: museum
2026-05-28 20:10:43,338 [INFO] httpx — HTTP Request: POST https://api.openai.com/v1/images/generations "HTTP/1.1 200 OK"
2026-05-28 20:10:43,817 [INFO] __main__ — Generating page 22/30: outdoor
2026-05-28 20:11:32,594 [INFO] httpx — HTTP Request: POST https://api.openai.com/v1/images/generations "HTTP/1.1 200 OK"
2026-05-28 20:11:32,935 [INFO] __main__ — Generating page 23/30: waterside
2026-05-28 20:12:23,890 [INFO] httpx — HTTP Request: POST https://api.openai.com/v1/images/generations "HTTP/1.1 200 OK"
2026-05-28 20:12:24,225 [INFO] __main__ — Generating page 24/30: sport
2026-05-28 20:13:12,537 [INFO] httpx — HTTP Request: POST https://api.openai.com/v1/images/generations "HTTP/1.1 200 OK"
2026-05-28 20:13:12,842 [INFO] __main__ — Generating page 25/30: art_market
2026-05-28 20:14:10,903 [INFO] httpx — HTTP Request: POST https://api.openai.com/v1/images/generations "HTTP/1.1 200 OK"
2026-05-28 20:14:11,214 [INFO] __main__ — Generating page 26/30: celebration
2026-05-28 20:15:07,483 [INFO] httpx — HTTP Request: POST https://api.openai.com/v1/images/generations "HTTP/1.1 200 OK"
2026-05-28 20:15:08,930 [INFO] __main__ — Generating page 27/30: new_friends
2026-05-28 20:16:02,117 [INFO] httpx — HTTP Request: POST https://api.openai.com/v1/images/generations "HTTP/1.1 200 OK"
2026-05-28 20:26:02,135 [INFO] openai._base_client — Retrying request to /images/generations in 0.494500 seconds
2026-05-28 20:26:51,568 [INFO] httpx — HTTP Request: POST https://api.openai.com/v1/images/generations "HTTP/1.1 200 OK"
2026-05-28 20:26:51,962 [INFO] __main__ — Generating page 28/30: packing
2026-05-28 20:27:43,040 [INFO] httpx — HTTP Request: POST https://api.openai.com/v1/images/generations "HTTP/1.1 200 OK"
2026-05-28 20:27:43,422 [INFO] __main__ — Generating page 29/30: farewell
2026-05-28 20:28:34,201 [INFO] httpx — HTTP Request: POST https://api.openai.com/v1/images/generations "HTTP/1.1 200 OK"
2026-05-28 20:28:34,591 [INFO] __main__ — Generating page 30/30: memories
2026-05-28 20:29:23,766 [INFO] httpx — HTTP Request: POST https://api.openai.com/v1/images/generations "HTTP/1.1 200 OK"
2026-05-28 20:29:45,901 [INFO] __main__ — Interior PDF: /Users/jonathan/kdp_coloring_books/output/interiors/explore_tokyo_interior.pdf
2026-05-28 20:29:46,900 [INFO] __main__ — Cover PDF: /Users/jonathan/kdp_coloring_books/output/covers/tokyo_cover.pdf
2026-05-28 20:29:46,901 [INFO] __main__ — Metadata: /Users/jonathan/kdp_coloring_books/output/metadata/tokyo_metadata.json
2026-05-28 20:29:46,901 [INFO] __main__ — === Pipeline complete: tokyo ===
2026-05-29 00:26:14,971 [INFO] __main__ — === Pipeline start: tokyo ===
2026-05-29 00:26:15,093 [INFO] __main__ — Matched spreadsheet row: 0
2026-05-29 00:26:15,139 [INFO] __main__ — Book loaded: Explore Tokyo
2026-05-29 00:26:15,140 [INFO] __main__ — Storyboard ready — city=Tokyo, pages=30
2026-05-29 00:26:15,140 [INFO] __main__ — Image provider: openai-gpt-image-2
2026-05-29 00:26:15,140 [INFO] __main__ — Generating cover...
2026-05-29 00:27:20,536 [INFO] httpx — HTTP Request: POST https://api.openai.com/v1/images/generations "HTTP/1.1 200 OK"
2026-05-29 00:27:21,161 [INFO] __main__ — Generating page 01/30: arrival
2026-05-29 00:28:37,746 [INFO] httpx — HTTP Request: POST https://api.openai.com/v1/images/generations "HTTP/1.1 200 OK"
2026-05-29 00:28:38,169 [INFO] __main__ — Generating page 02/30: first_glimpse
2026-05-29 00:29:37,149 [INFO] httpx — HTTP Request: POST https://api.openai.com/v1/images/generations "HTTP/1.1 200 OK"
2026-05-29 00:29:37,649 [INFO] __main__ — Generating page 03/30: hotel
2026-05-29 00:30:39,813 [INFO] httpx — HTTP Request: POST https://api.openai.com/v1/images/generations "HTTP/1.1 200 OK"
2026-05-29 00:30:40,336 [INFO] __main__ — Generating page 04/30: breakfast
2026-05-29 00:31:44,550 [INFO] httpx — HTTP Request: POST https://api.openai.com/v1/images/generations "HTTP/1.1 200 OK"
2026-05-29 00:31:45,009 [INFO] __main__ — Generating page 05/30: landmark_1
2026-05-29 00:32:52,929 [INFO] httpx — HTTP Request: POST https://api.openai.com/v1/images/generations "HTTP/1.1 200 OK"
2026-05-29 00:32:53,279 [INFO] __main__ — Generating page 06/30: photo
2026-05-29 00:33:57,541 [INFO] httpx — HTTP Request: POST https://api.openai.com/v1/images/generations "HTTP/1.1 200 OK"
2026-05-29 00:33:57,858 [INFO] __main__ — Generating page 07/30: market
2026-05-29 00:35:07,889 [INFO] httpx — HTTP Request: POST https://api.openai.com/v1/images/generations "HTTP/1.1 200 OK"
2026-05-29 00:35:08,313 [INFO] __main__ — Generating page 08/30: street_food
2026-05-29 00:36:12,503 [INFO] httpx — HTTP Request: POST https://api.openai.com/v1/images/generations "HTTP/1.1 200 OK"
2026-05-29 00:36:12,884 [INFO] __main__ — Generating page 09/30: park
2026-05-29 00:37:12,202 [INFO] httpx — HTTP Request: POST https://api.openai.com/v1/images/generations "HTTP/1.1 200 OK"
2026-05-29 00:37:12,695 [INFO] __main__ — Generating page 10/30: local_animal
2026-05-29 00:38:10,676 [INFO] httpx — HTTP Request: POST https://api.openai.com/v1/images/generations "HTTP/1.1 200 OK"
2026-05-29 00:38:11,083 [INFO] __main__ — Generating page 11/30: transport
2026-05-29 00:39:04,535 [INFO] httpx — HTTP Request: POST https://api.openai.com/v1/images/generations "HTTP/1.1 200 OK"
2026-05-29 00:39:04,949 [INFO] __main__ — Generating page 12/30: landmark_2
2026-05-29 00:40:05,703 [INFO] httpx — HTTP Request: POST https://api.openai.com/v1/images/generations "HTTP/1.1 200 OK"
2026-05-29 00:40:06,020 [INFO] __main__ — Generating page 13/30: shopping
2026-05-29 00:41:39,785 [INFO] httpx — HTTP Request: POST https://api.openai.com/v1/images/generations "HTTP/1.1 200 OK"
2026-05-29 00:41:40,144 [INFO] __main__ — Generating page 14/30: craft
2026-05-29 00:42:38,105 [INFO] httpx — HTTP Request: POST https://api.openai.com/v1/images/generations "HTTP/1.1 200 OK"
2026-05-29 00:42:38,497 [INFO] __main__ — Generating page 15/30: temple
2026-05-29 00:43:36,958 [INFO] httpx — HTTP Request: POST https://api.openai.com/v1/images/generations "HTTP/1.1 200 OK"
2026-05-29 00:43:37,249 [INFO] __main__ — Generating page 16/30: viewpoint
2026-05-29 00:44:37,751 [INFO] httpx — HTTP Request: POST https://api.openai.com/v1/images/generations "HTTP/1.1 200 OK"
2026-05-29 00:44:38,055 [INFO] __main__ — Generating page 17/30: snack
2026-05-29 00:45:39,189 [INFO] httpx — HTTP Request: POST https://api.openai.com/v1/images/generations "HTTP/1.1 200 OK"
2026-05-29 00:45:39,538 [INFO] __main__ — Generating page 18/30: festival
2026-05-29 00:46:43,191 [INFO] httpx — HTTP Request: POST https://api.openai.com/v1/images/generations "HTTP/1.1 200 OK"
2026-05-29 00:46:43,689 [INFO] __main__ — Generating page 19/30: dinner
2026-05-29 00:47:52,136 [INFO] httpx — HTTP Request: POST https://api.openai.com/v1/images/generations "HTTP/1.1 200 OK"
2026-05-29 00:47:52,444 [INFO] __main__ — Generating page 20/30: evening_walk
2026-05-29 00:48:51,158 [INFO] httpx — HTTP Request: POST https://api.openai.com/v1/images/generations "HTTP/1.1 200 OK"
2026-05-29 00:48:51,515 [INFO] __main__ — Generating page 21/30: museum
2026-05-29 00:49:45,769 [INFO] httpx — HTTP Request: POST https://api.openai.com/v1/images/generations "HTTP/1.1 200 OK"
2026-05-29 00:49:46,063 [INFO] __main__ — Generating page 22/30: outdoor
2026-05-29 00:50:43,541 [INFO] httpx — HTTP Request: POST https://api.openai.com/v1/images/generations "HTTP/1.1 200 OK"
2026-05-29 00:50:44,035 [INFO] __main__ — Generating page 23/30: waterside
2026-05-29 00:51:41,894 [INFO] httpx — HTTP Request: POST https://api.openai.com/v1/images/generations "HTTP/1.1 200 OK"
2026-05-29 00:51:42,179 [INFO] __main__ — Generating page 24/30: sport
2026-05-29 00:53:05,366 [INFO] httpx — HTTP Request: POST https://api.openai.com/v1/images/generations "HTTP/1.1 200 OK"
2026-05-29 00:53:05,676 [INFO] __main__ — Generating page 25/30: art_market
2026-05-29 00:54:12,742 [INFO] httpx — HTTP Request: POST https://api.openai.com/v1/images/generations "HTTP/1.1 200 OK"
2026-05-29 00:54:13,187 [INFO] __main__ — Generating page 26/30: celebration
2026-05-29 00:55:12,130 [INFO] httpx — HTTP Request: POST https://api.openai.com/v1/images/generations "HTTP/1.1 200 OK"
2026-05-29 00:55:12,600 [INFO] __main__ — Generating page 27/30: new_friends
2026-05-29 00:56:25,766 [INFO] httpx — HTTP Request: POST https://api.openai.com/v1/images/generations "HTTP/1.1 200 OK"
2026-05-29 00:56:26,232 [INFO] __main__ — Generating page 28/30: packing
2026-05-29 00:57:25,879 [INFO] httpx — HTTP Request: POST https://api.openai.com/v1/images/generations "HTTP/1.1 200 OK"
2026-05-29 00:57:26,396 [INFO] __main__ — Generating page 29/30: farewell
2026-05-29 00:58:24,146 [INFO] httpx — HTTP Request: POST https://api.openai.com/v1/images/generations "HTTP/1.1 200 OK"
2026-05-29 00:58:24,677 [INFO] __main__ — Generating page 30/30: memories
2026-05-29 00:59:24,964 [INFO] httpx — HTTP Request: POST https://api.openai.com/v1/images/generations "HTTP/1.1 200 OK"
2026-05-29 00:59:56,519 [INFO] __main__ — Interior PDF: /Users/jonathan/kdp_coloring_books/output/interiors/explore_tokyo_interior.pdf
2026-05-29 00:59:58,233 [INFO] __main__ — Cover PDF: /Users/jonathan/kdp_coloring_books/output/covers/tokyo_cover.pdf
2026-05-29 00:59:58,236 [INFO] __main__ — Metadata: /Users/jonathan/kdp_coloring_books/output/metadata/tokyo_metadata.json
2026-05-29 00:59:58,236 [INFO] __main__ — === Pipeline complete: tokyo ===
2026-05-29 01:41:32,811 [INFO] __main__ — === Pipeline start: tokyo ===
2026-05-29 01:41:32,922 [INFO] __main__ — Matched spreadsheet row: 0
2026-05-29 01:41:32,965 [INFO] __main__ — Book loaded: Explore Tokyo
2026-05-29 01:41:32,965 [INFO] __main__ — Storyboard ready — city=Tokyo, pages=30
2026-05-29 01:41:32,966 [INFO] __main__ — Image provider: openai-gpt-image-2
2026-05-29 01:41:32,966 [INFO] __main__ — Generating cover...
2026-05-29 01:42:34,060 [INFO] httpx — HTTP Request: POST https://api.openai.com/v1/images/generations "HTTP/1.1 200 OK"
2026-05-29 01:42:34,621 [INFO] __main__ — Generating page 01/30: arrival
2026-05-29 01:43:39,688 [INFO] httpx — HTTP Request: POST https://api.openai.com/v1/images/generations "HTTP/1.1 200 OK"
2026-05-29 01:43:40,000 [INFO] __main__ — Generating page 02/30: first_glimpse
2026-05-29 01:44:34,828 [INFO] httpx — HTTP Request: POST https://api.openai.com/v1/images/generations "HTTP/1.1 200 OK"
2026-05-29 01:44:35,122 [INFO] __main__ — Generating page 03/30: hotel
2026-05-29 01:45:32,175 [INFO] httpx — HTTP Request: POST https://api.openai.com/v1/images/generations "HTTP/1.1 200 OK"
2026-05-29 01:45:32,514 [INFO] __main__ — Generating page 04/30: breakfast
2026-05-29 01:46:33,469 [INFO] httpx — HTTP Request: POST https://api.openai.com/v1/images/generations "HTTP/1.1 200 OK"
2026-05-29 01:46:33,805 [INFO] __main__ — Generating page 05/30: landmark_1
2026-05-29 01:47:31,592 [INFO] httpx — HTTP Request: POST https://api.openai.com/v1/images/generations "HTTP/1.1 200 OK"
2026-05-29 01:47:32,028 [INFO] __main__ — Generating page 06/30: photo
2026-05-29 01:48:32,879 [INFO] httpx — HTTP Request: POST https://api.openai.com/v1/images/generations "HTTP/1.1 200 OK"
2026-05-29 01:48:33,291 [INFO] __main__ — Generating page 07/30: market
2026-05-29 01:49:09,978 [INFO] __main__ — === Pipeline start: tokyo ===
2026-05-29 01:49:10,157 [INFO] __main__ — Matched spreadsheet row: 0
2026-05-29 01:49:10,238 [INFO] __main__ — Book loaded: Explore Tokyo
2026-05-29 01:49:10,240 [INFO] __main__ — Storyboard ready — city=Tokyo, pages=30
2026-05-29 01:49:10,241 [INFO] __main__ — Image provider: openai-gpt-image-2
2026-05-29 01:49:10,241 [INFO] __main__ — Generating cover...
2026-05-29 01:50:20,484 [INFO] httpx — HTTP Request: POST https://api.openai.com/v1/images/generations "HTTP/1.1 200 OK"
2026-05-29 01:50:20,996 [INFO] __main__ — Generating page 01/30: arrival
2026-05-29 01:51:25,971 [INFO] httpx — HTTP Request: POST https://api.openai.com/v1/images/generations "HTTP/1.1 200 OK"
2026-05-29 01:51:26,315 [INFO] __main__ — Generating page 02/30: first_glimpse
2026-05-29 01:52:22,746 [INFO] httpx — HTTP Request: POST https://api.openai.com/v1/images/generations "HTTP/1.1 200 OK"
2026-05-29 01:52:23,253 [INFO] __main__ — Generating page 03/30: hotel
2026-05-29 01:53:24,040 [INFO] httpx — HTTP Request: POST https://api.openai.com/v1/images/generations "HTTP/1.1 200 OK"
2026-05-29 01:53:24,463 [INFO] __main__ — Generating page 04/30: breakfast
2026-05-29 01:54:19,685 [INFO] httpx — HTTP Request: POST https://api.openai.com/v1/images/generations "HTTP/1.1 200 OK"
2026-05-29 01:54:20,048 [INFO] __main__ — Generating page 05/30: landmark_1
2026-05-29 01:55:13,937 [INFO] httpx — HTTP Request: POST https://api.openai.com/v1/images/generations "HTTP/1.1 200 OK"
2026-05-29 01:55:14,277 [INFO] __main__ — Generating page 06/30: photo
2026-05-29 01:56:18,165 [INFO] httpx — HTTP Request: POST https://api.openai.com/v1/images/generations "HTTP/1.1 200 OK"
2026-05-29 01:56:18,520 [INFO] __main__ — Generating page 07/30: market
2026-05-29 01:57:19,089 [INFO] httpx — HTTP Request: POST https://api.openai.com/v1/images/generations "HTTP/1.1 200 OK"
2026-05-29 01:57:19,526 [INFO] __main__ — Generating page 08/30: street_food
2026-05-29 01:58:34,064 [INFO] httpx — HTTP Request: POST https://api.openai.com/v1/images/generations "HTTP/1.1 200 OK"
2026-05-29 01:58:34,473 [INFO] __main__ — Generating page 09/30: park
2026-05-29 01:59:48,594 [INFO] httpx — HTTP Request: POST https://api.openai.com/v1/images/generations "HTTP/1.1 200 OK"
2026-05-29 01:59:48,986 [INFO] __main__ — Generating page 10/30: local_animal
2026-05-29 02:00:46,910 [INFO] httpx — HTTP Request: POST https://api.openai.com/v1/images/generations "HTTP/1.1 200 OK"
2026-05-29 02:00:47,159 [INFO] __main__ — Generating page 11/30: transport
2026-05-29 02:01:49,424 [INFO] httpx — HTTP Request: POST https://api.openai.com/v1/images/generations "HTTP/1.1 200 OK"
2026-05-29 02:01:49,694 [INFO] __main__ — Generating page 12/30: landmark_2
2026-05-29 02:02:55,146 [INFO] httpx — HTTP Request: POST https://api.openai.com/v1/images/generations "HTTP/1.1 200 OK"
2026-05-29 02:02:55,441 [INFO] __main__ — Generating page 13/30: shopping
2026-05-29 02:03:55,918 [INFO] httpx — HTTP Request: POST https://api.openai.com/v1/images/generations "HTTP/1.1 200 OK"
2026-05-29 02:03:56,250 [INFO] __main__ — Generating page 14/30: craft
2026-05-29 02:05:01,121 [INFO] httpx — HTTP Request: POST https://api.openai.com/v1/images/generations "HTTP/1.1 200 OK"
2026-05-29 02:05:01,407 [INFO] __main__ — Generating page 15/30: temple
2026-05-29 02:06:07,811 [INFO] httpx — HTTP Request: POST https://api.openai.com/v1/images/generations "HTTP/1.1 200 OK"
2026-05-29 02:06:08,110 [INFO] __main__ — Generating page 16/30: viewpoint
2026-05-29 02:07:21,993 [INFO] httpx — HTTP Request: POST https://api.openai.com/v1/images/generations "HTTP/1.1 200 OK"
2026-05-29 02:07:22,280 [INFO] __main__ — Generating page 17/30: snack
2026-05-29 02:08:36,794 [INFO] httpx — HTTP Request: POST https://api.openai.com/v1/images/generations "HTTP/1.1 200 OK"
2026-05-29 02:08:37,208 [INFO] __main__ — Generating page 18/30: festival
2026-05-29 02:09:43,275 [INFO] httpx — HTTP Request: POST https://api.openai.com/v1/images/generations "HTTP/1.1 200 OK"
2026-05-29 02:09:43,631 [INFO] __main__ — Generating page 19/30: dinner
2026-05-29 02:10:47,195 [INFO] httpx — HTTP Request: POST https://api.openai.com/v1/images/generations "HTTP/1.1 200 OK"
2026-05-29 02:10:47,477 [INFO] __main__ — Generating page 20/30: evening_walk
2026-05-29 02:11:54,745 [INFO] httpx — HTTP Request: POST https://api.openai.com/v1/images/generations "HTTP/1.1 200 OK"
2026-05-29 02:11:55,138 [INFO] __main__ — Generating page 21/30: museum
2026-05-29 02:13:12,777 [INFO] httpx — HTTP Request: POST https://api.openai.com/v1/images/generations "HTTP/1.1 200 OK"
2026-05-29 02:13:13,165 [INFO] __main__ — Generating page 22/30: outdoor
2026-05-29 02:14:15,242 [INFO] httpx — HTTP Request: POST https://api.openai.com/v1/images/generations "HTTP/1.1 200 OK"
2026-05-29 02:14:15,606 [INFO] __main__ — Generating page 23/30: waterside
2026-05-29 02:15:20,139 [INFO] httpx — HTTP Request: POST https://api.openai.com/v1/images/generations "HTTP/1.1 200 OK"
2026-05-29 02:15:20,648 [INFO] __main__ — Generating page 24/30: sport
2026-05-29 02:16:28,124 [INFO] httpx — HTTP Request: POST https://api.openai.com/v1/images/generations "HTTP/1.1 200 OK"
2026-05-29 02:16:28,496 [INFO] __main__ — Generating page 25/30: art_market
2026-05-29 02:17:42,109 [INFO] httpx — HTTP Request: POST https://api.openai.com/v1/images/generations "HTTP/1.1 200 OK"
2026-05-29 02:17:42,555 [INFO] __main__ — Generating page 26/30: celebration
2026-05-29 02:18:48,882 [INFO] httpx — HTTP Request: POST https://api.openai.com/v1/images/generations "HTTP/1.1 200 OK"
2026-05-29 02:18:49,257 [INFO] __main__ — Generating page 27/30: new_friends
2026-05-29 02:20:02,585 [INFO] httpx — HTTP Request: POST https://api.openai.com/v1/images/generations "HTTP/1.1 200 OK"
2026-05-29 02:20:02,945 [INFO] __main__ — Generating page 28/30: packing
2026-05-29 02:21:02,896 [INFO] httpx — HTTP Request: POST https://api.openai.com/v1/images/generations "HTTP/1.1 200 OK"
2026-05-29 02:21:03,225 [INFO] __main__ — Generating page 29/30: farewell
2026-05-29 02:22:13,965 [INFO] httpx — HTTP Request: POST https://api.openai.com/v1/images/generations "HTTP/1.1 200 OK"
2026-05-29 02:22:14,325 [INFO] __main__ — Generating page 30/30: memories
2026-05-29 02:23:17,964 [INFO] httpx — HTTP Request: POST https://api.openai.com/v1/images/generations "HTTP/1.1 200 OK"
2026-05-29 02:23:36,133 [INFO] __main__ — Interior PDF: /Users/jonathan/kdp_coloring_books/output/interiors/explore_tokyo_interior.pdf
2026-05-29 02:23:37,133 [INFO] __main__ — Cover PDF: /Users/jonathan/kdp_coloring_books/output/covers/tokyo_cover.pdf
2026-05-29 02:23:37,135 [INFO] __main__ — Metadata: /Users/jonathan/kdp_coloring_books/output/metadata/tokyo_metadata.json
2026-05-29 02:23:56,020 [INFO] __main__ — KDP-ready PDF: /Users/jonathan/kdp_coloring_books/output/kdp_ready/tokyo/explore_tokyo_KDP_READY.pdf
2026-05-29 02:23:56,021 [INFO] __main__ — === Pipeline complete: tokyo ===
2026-05-30 00:00:18,786 [INFO] __main__ — === Pipeline start: new_york_city ===
2026-05-30 00:00:18,944 [INFO] __main__ — Matched spreadsheet row: 16
2026-05-30 00:00:18,999 [INFO] __main__ — Book loaded: Explore New York City
2026-05-30 00:00:19,000 [INFO] __main__ — Storyboard ready — city=New York City, pages=30
2026-05-30 00:00:19,000 [INFO] __main__ — Image provider: openai-gpt-image-2
2026-05-30 00:00:19,000 [INFO] __main__ — Generating cover...
2026-05-30 00:01:12,148 [INFO] httpx — HTTP Request: POST https://api.openai.com/v1/images/generations "HTTP/1.1 200 OK"
2026-05-30 00:01:12,508 [INFO] __main__ — Generating page 01/30: arrival
2026-05-30 00:02:07,703 [INFO] httpx — HTTP Request: POST https://api.openai.com/v1/images/generations "HTTP/1.1 200 OK"
2026-05-30 00:02:08,040 [INFO] __main__ — Generating page 03/30: hotel
2026-05-30 00:03:05,200 [INFO] httpx — HTTP Request: POST https://api.openai.com/v1/images/generations "HTTP/1.1 200 OK"
2026-05-30 00:03:05,528 [INFO] __main__ — Generating page 05/30: landmark_1
2026-05-30 00:03:56,412 [INFO] httpx — HTTP Request: POST https://api.openai.com/v1/images/generations "HTTP/1.1 200 OK"
2026-05-30 00:03:56,732 [INFO] __main__ — Generating page 06/30: photo
2026-05-30 00:04:53,552 [INFO] httpx — HTTP Request: POST https://api.openai.com/v1/images/generations "HTTP/1.1 200 OK"
2026-05-30 00:04:53,836 [INFO] __main__ — Generating page 07/30: market
2026-05-30 00:05:56,940 [INFO] httpx — HTTP Request: POST https://api.openai.com/v1/images/generations "HTTP/1.1 200 OK"
2026-05-30 00:05:57,228 [INFO] __main__ — Generating page 08/30: street_food
2026-05-30 00:07:25,746 [INFO] httpx — HTTP Request: POST https://api.openai.com/v1/images/generations "HTTP/1.1 200 OK"
2026-05-30 00:07:26,089 [INFO] __main__ — Generating page 09/30: park
2026-05-30 00:08:34,375 [INFO] httpx — HTTP Request: POST https://api.openai.com/v1/images/generations "HTTP/1.1 200 OK"
2026-05-30 00:08:34,806 [INFO] __main__ — Generating page 10/30: local_animal
2026-05-30 00:09:26,954 [INFO] httpx — HTTP Request: POST https://api.openai.com/v1/images/generations "HTTP/1.1 200 OK"
2026-05-30 00:09:27,284 [INFO] __main__ — Generating page 11/30: transport
2026-05-30 00:10:22,869 [INFO] httpx — HTTP Request: POST https://api.openai.com/v1/images/generations "HTTP/1.1 200 OK"
2026-05-30 00:10:23,143 [INFO] __main__ — Generating page 12/30: landmark_2
2026-05-30 00:11:13,589 [INFO] httpx — HTTP Request: POST https://api.openai.com/v1/images/generations "HTTP/1.1 200 OK"
2026-05-30 00:11:13,963 [INFO] __main__ — Generating page 13/30: shopping
2026-05-30 00:12:07,676 [INFO] httpx — HTTP Request: POST https://api.openai.com/v1/images/generations "HTTP/1.1 200 OK"
2026-05-30 00:12:07,997 [INFO] __main__ — Generating page 14/30: craft
2026-05-30 00:12:59,002 [INFO] httpx — HTTP Request: POST https://api.openai.com/v1/images/generations "HTTP/1.1 200 OK"
2026-05-30 00:12:59,387 [INFO] __main__ — Generating page 15/30: temple
2026-05-30 00:13:51,703 [INFO] httpx — HTTP Request: POST https://api.openai.com/v1/images/generations "HTTP/1.1 200 OK"
2026-05-30 00:13:52,044 [INFO] __main__ — Generating page 16/30: viewpoint
2026-05-30 00:14:45,291 [INFO] httpx — HTTP Request: POST https://api.openai.com/v1/images/generations "HTTP/1.1 200 OK"
2026-05-30 00:14:45,594 [INFO] __main__ — Generating page 17/30: snack
2026-05-30 00:15:38,878 [INFO] httpx — HTTP Request: POST https://api.openai.com/v1/images/generations "HTTP/1.1 200 OK"
2026-05-30 00:15:39,100 [INFO] __main__ — Generating page 18/30: festival
2026-05-30 00:16:45,830 [INFO] httpx — HTTP Request: POST https://api.openai.com/v1/images/generations "HTTP/1.1 200 OK"
2026-05-30 00:16:46,035 [INFO] __main__ — Generating page 19/30: dinner
2026-05-30 00:17:41,129 [INFO] httpx — HTTP Request: POST https://api.openai.com/v1/images/generations "HTTP/1.1 200 OK"
2026-05-30 00:17:41,421 [INFO] __main__ — Generating page 20/30: evening_walk
2026-05-30 00:18:36,635 [INFO] httpx — HTTP Request: POST https://api.openai.com/v1/images/generations "HTTP/1.1 200 OK"
2026-05-30 00:18:36,894 [INFO] __main__ — Generating page 21/30: museum
2026-05-30 00:19:28,384 [INFO] httpx — HTTP Request: POST https://api.openai.com/v1/images/generations "HTTP/1.1 200 OK"
2026-05-30 00:19:28,773 [INFO] __main__ — Generating page 22/30: outdoor
2026-05-30 00:20:21,734 [INFO] httpx — HTTP Request: POST https://api.openai.com/v1/images/generations "HTTP/1.1 200 OK"
2026-05-30 00:20:21,999 [INFO] __main__ — Generating page 24/30: sport
2026-05-30 00:21:13,276 [INFO] httpx — HTTP Request: POST https://api.openai.com/v1/images/generations "HTTP/1.1 200 OK"
2026-05-30 00:21:13,603 [INFO] __main__ — Generating page 25/30: art_market
2026-05-30 00:22:05,137 [INFO] httpx — HTTP Request: POST https://api.openai.com/v1/images/generations "HTTP/1.1 200 OK"
2026-05-30 00:22:05,531 [INFO] __main__ — Generating page 26/30: celebration
2026-05-30 00:22:55,029 [INFO] httpx — HTTP Request: POST https://api.openai.com/v1/images/generations "HTTP/1.1 200 OK"
2026-05-30 00:22:55,348 [INFO] __main__ — Generating page 27/30: new_friends
2026-05-30 00:23:49,412 [INFO] httpx — HTTP Request: POST https://api.openai.com/v1/images/generations "HTTP/1.1 200 OK"
2026-05-30 00:23:49,774 [INFO] __main__ — Generating page 28/30: packing
2026-05-30 00:24:45,985 [INFO] httpx — HTTP Request: POST https://api.openai.com/v1/images/generations "HTTP/1.1 200 OK"
2026-05-30 00:24:46,324 [INFO] __main__ — Generating page 29/30: farewell
2026-05-30 00:25:40,736 [INFO] httpx — HTTP Request: POST https://api.openai.com/v1/images/generations "HTTP/1.1 200 OK"
2026-05-30 00:25:41,239 [INFO] __main__ — Generating page 30/30: memories
2026-05-30 00:26:39,766 [INFO] httpx — HTTP Request: POST https://api.openai.com/v1/images/generations "HTTP/1.1 200 OK"
2026-05-30 00:27:06,424 [INFO] __main__ — Interior PDF: /Users/jonathan/kdp_coloring_books/output/interiors/explore_new_york_city_interior.pdf
2026-05-30 00:27:08,627 [INFO] __main__ — Cover PDF: /Users/jonathan/kdp_coloring_books/output/covers/new_york_city_cover.pdf
2026-05-30 00:27:08,634 [INFO] __main__ — Metadata: /Users/jonathan/kdp_coloring_books/output/metadata/new_york_city_metadata.json
2026-05-30 00:27:40,609 [INFO] __main__ — KDP-ready PDF: /Users/jonathan/kdp_coloring_books/output/kdp_ready/new_york_city/explore_new_york_city_KDP_READY.pdf
2026-05-30 00:27:40,616 [INFO] __main__ — === Pipeline complete: new_york_city ===
2026-05-31 04:28:12,869 [INFO] __main__ — === Pipeline start: iceland ===
2026-05-31 04:28:12,870 [INFO] __main__ — === Pipeline start: venice ===
2026-05-31 04:28:12,869 [INFO] __main__ — === Pipeline start: tokyo ===
2026-05-31 04:28:12,992 [INFO] __main__ — Matched spreadsheet row: 0
2026-05-31 04:28:12,992 [INFO] __main__ — Matched spreadsheet row: 1
2026-05-31 04:28:12,992 [INFO] __main__ — Matched spreadsheet row: 0
2026-05-31 04:28:13,049 [INFO] __main__ — Book loaded: Explore Tokyo
2026-05-31 04:28:13,049 [INFO] __main__ — Book loaded: Explore Tokyo
2026-05-31 04:28:13,050 [INFO] __main__ — Book loaded: Explore Venice
2026-05-31 04:28:13,051 [INFO] __main__ — Storyboard ready — city=Tokyo, pages=30
2026-05-31 04:28:13,051 [INFO] __main__ — Storyboard ready — city=Venice, pages=30
2026-05-31 04:28:13,051 [INFO] __main__ — Storyboard ready — city=Tokyo, pages=30
2026-05-31 04:28:13,051 [INFO] __main__ — Image provider: openai-gpt-image-2
2026-05-31 04:28:13,051 [INFO] __main__ — Generating cover...
2026-05-31 04:28:13,051 [INFO] __main__ — Image provider: openai-gpt-image-2
2026-05-31 04:28:13,051 [INFO] __main__ — Generating cover...
2026-05-31 04:28:13,051 [INFO] __main__ — Image provider: openai-gpt-image-2
2026-05-31 04:28:13,051 [INFO] __main__ — Skipping cover generation (--skip-cover set).
2026-05-31 04:28:13,051 [INFO] __main__ — Generating page 01/30: arrival
2026-05-31 04:29:09,614 [INFO] httpx — HTTP Request: POST https://api.openai.com/v1/images/generations "HTTP/1.1 200 OK"
2026-05-31 04:29:10,186 [INFO] __main__ — Generating page 04/30: breakfast
2026-05-31 04:29:11,122 [INFO] httpx — HTTP Request: POST https://api.openai.com/v1/images/generations "HTTP/1.1 200 OK"
2026-05-31 04:29:11,451 [INFO] __main__ — Generating page 02/30: first_glimpse
2026-05-31 04:29:15,722 [INFO] httpx — HTTP Request: POST https://api.openai.com/v1/images/generations "HTTP/1.1 200 OK"
2026-05-31 04:29:16,171 [INFO] __main__ — Generating page 01/30: arrival
2026-05-31 04:30:05,343 [INFO] httpx — HTTP Request: POST https://api.openai.com/v1/images/generations "HTTP/1.1 200 OK"
2026-05-31 04:30:05,639 [INFO] __main__ — Generating page 03/30: hotel
2026-05-31 04:30:07,244 [INFO] httpx — HTTP Request: POST https://api.openai.com/v1/images/generations "HTTP/1.1 200 OK"
2026-05-31 04:30:07,699 [INFO] __main__ — Generating page 05/30: landmark_1
2026-05-31 04:30:10,005 [INFO] httpx — HTTP Request: POST https://api.openai.com/v1/images/generations "HTTP/1.1 200 OK"
2026-05-31 04:30:10,302 [INFO] __main__ — Generating page 02/30: first_glimpse
2026-05-31 04:30:57,187 [INFO] httpx — HTTP Request: POST https://api.openai.com/v1/images/generations "HTTP/1.1 200 OK"
2026-05-31 04:30:57,480 [INFO] __main__ — Generating page 04/30: breakfast
2026-05-31 04:31:00,314 [INFO] httpx — HTTP Request: POST https://api.openai.com/v1/images/generations "HTTP/1.1 200 OK"
2026-05-31 04:31:00,732 [INFO] __main__ — Generating page 06/30: photo
2026-05-31 04:31:05,526 [INFO] httpx — HTTP Request: POST https://api.openai.com/v1/images/generations "HTTP/1.1 200 OK"
2026-05-31 04:31:05,889 [INFO] __main__ — Generating page 03/30: hotel
2026-05-31 04:31:55,954 [INFO] httpx — HTTP Request: POST https://api.openai.com/v1/images/generations "HTTP/1.1 200 OK"
2026-05-31 04:31:56,279 [INFO] __main__ — Generating page 05/30: landmark_1
2026-05-31 04:31:59,609 [INFO] httpx — HTTP Request: POST https://api.openai.com/v1/images/generations "HTTP/1.1 200 OK"
2026-05-31 04:31:59,981 [INFO] __main__ — Generating page 04/30: breakfast
2026-05-31 04:32:01,480 [INFO] httpx — HTTP Request: POST https://api.openai.com/v1/images/generations "HTTP/1.1 200 OK"
2026-05-31 04:32:01,781 [INFO] __main__ — Generating page 07/30: market
2026-05-31 04:32:47,075 [INFO] httpx — HTTP Request: POST https://api.openai.com/v1/images/generations "HTTP/1.1 200 OK"
2026-05-31 04:32:47,355 [INFO] __main__ — Generating page 06/30: photo
2026-05-31 04:32:56,469 [INFO] httpx — HTTP Request: POST https://api.openai.com/v1/images/generations "HTTP/1.1 200 OK"
2026-05-31 04:32:56,784 [INFO] __main__ — Generating page 08/30: street_food
2026-05-31 04:32:58,483 [INFO] httpx — HTTP Request: POST https://api.openai.com/v1/images/generations "HTTP/1.1 200 OK"
2026-05-31 04:32:58,849 [INFO] __main__ — Generating page 05/30: landmark_1
2026-05-31 04:33:45,596 [INFO] httpx — HTTP Request: POST https://api.openai.com/v1/images/generations "HTTP/1.1 200 OK"
2026-05-31 04:33:45,758 [INFO] httpx — HTTP Request: POST https://api.openai.com/v1/images/generations "HTTP/1.1 200 OK"
2026-05-31 04:33:45,975 [INFO] __main__ — Generating page 06/30: photo
2026-05-31 04:33:46,072 [INFO] __main__ — Generating page 07/30: market
2026-05-31 04:33:50,829 [INFO] httpx — HTTP Request: POST https://api.openai.com/v1/images/generations "HTTP/1.1 200 OK"
2026-05-31 04:33:51,253 [INFO] __main__ — Generating page 09/30: park
2026-05-31 04:34:37,529 [INFO] httpx — HTTP Request: POST https://api.openai.com/v1/images/generations "HTTP/1.1 200 OK"
2026-05-31 04:34:37,826 [INFO] __main__ — Generating page 08/30: street_food
2026-05-31 04:34:42,798 [INFO] httpx — HTTP Request: POST https://api.openai.com/v1/images/generations "HTTP/1.1 200 OK"
2026-05-31 04:34:43,084 [INFO] __main__ — Generating page 07/30: market
2026-05-31 04:35:04,413 [INFO] httpx — HTTP Request: POST https://api.openai.com/v1/images/generations "HTTP/1.1 200 OK"
2026-05-31 04:35:04,753 [INFO] __main__ — Generating page 10/30: local_animal
2026-05-31 04:35:28,911 [INFO] httpx — HTTP Request: POST https://api.openai.com/v1/images/generations "HTTP/1.1 200 OK"
2026-05-31 04:35:29,271 [INFO] __main__ — Generating page 09/30: park
2026-05-31 04:35:36,786 [INFO] httpx — HTTP Request: POST https://api.openai.com/v1/images/generations "HTTP/1.1 200 OK"
2026-05-31 04:35:37,120 [INFO] __main__ — Generating page 08/30: street_food
2026-05-31 04:35:56,730 [INFO] httpx — HTTP Request: POST https://api.openai.com/v1/images/generations "HTTP/1.1 200 OK"
2026-05-31 04:35:57,068 [INFO] __main__ — Generating page 11/30: transport
2026-05-31 04:36:22,800 [INFO] httpx — HTTP Request: POST https://api.openai.com/v1/images/generations "HTTP/1.1 200 OK"
2026-05-31 04:36:23,132 [INFO] __main__ — Generating page 10/30: local_animal
2026-05-31 04:36:30,892 [INFO] httpx — HTTP Request: POST https://api.openai.com/v1/images/generations "HTTP/1.1 200 OK"
2026-05-31 04:36:31,207 [INFO] __main__ — Generating page 09/30: park
2026-05-31 04:36:48,098 [INFO] httpx — HTTP Request: POST https://api.openai.com/v1/images/generations "HTTP/1.1 200 OK"
2026-05-31 04:36:48,552 [INFO] __main__ — Generating page 12/30: landmark_2
2026-05-31 04:37:10,277 [INFO] httpx — HTTP Request: POST https://api.openai.com/v1/images/generations "HTTP/1.1 200 OK"
2026-05-31 04:37:10,544 [INFO] __main__ — Generating page 11/30: transport
2026-05-31 04:37:26,137 [INFO] httpx — HTTP Request: POST https://api.openai.com/v1/images/generations "HTTP/1.1 200 OK"
2026-05-31 04:37:26,435 [INFO] __main__ — Generating page 10/30: local_animal
2026-05-31 04:37:45,948 [INFO] httpx — HTTP Request: POST https://api.openai.com/v1/images/generations "HTTP/1.1 200 OK"
2026-05-31 04:37:46,281 [INFO] __main__ — Generating page 13/30: shopping
2026-05-31 04:38:14,335 [INFO] httpx — HTTP Request: POST https://api.openai.com/v1/images/generations "HTTP/1.1 200 OK"
2026-05-31 04:38:14,614 [INFO] __main__ — Generating page 12/30: landmark_2
2026-05-31 04:38:23,727 [INFO] httpx — HTTP Request: POST https://api.openai.com/v1/images/generations "HTTP/1.1 200 OK"
2026-05-31 04:38:24,026 [INFO] __main__ — Generating page 11/30: transport
2026-05-31 04:38:42,610 [INFO] httpx — HTTP Request: POST https://api.openai.com/v1/images/generations "HTTP/1.1 200 OK"
2026-05-31 04:38:43,043 [INFO] __main__ — Generating page 14/30: craft
2026-05-31 04:39:04,719 [INFO] httpx — HTTP Request: POST https://api.openai.com/v1/images/generations "HTTP/1.1 200 OK"
2026-05-31 04:39:05,162 [INFO] __main__ — Generating page 13/30: shopping
2026-05-31 04:39:19,574 [INFO] httpx — HTTP Request: POST https://api.openai.com/v1/images/generations "HTTP/1.1 200 OK"
2026-05-31 04:39:19,909 [INFO] __main__ — Generating page 12/30: landmark_2
2026-05-31 04:39:37,664 [INFO] httpx — HTTP Request: POST https://api.openai.com/v1/images/generations "HTTP/1.1 200 OK"
2026-05-31 04:39:38,108 [INFO] __main__ — Generating page 15/30: temple
2026-05-31 04:40:08,753 [INFO] httpx — HTTP Request: POST https://api.openai.com/v1/images/generations "HTTP/1.1 200 OK"
2026-05-31 04:40:09,058 [INFO] __main__ — Generating page 13/30: shopping
2026-05-31 04:40:11,717 [INFO] httpx — HTTP Request: POST https://api.openai.com/v1/images/generations "HTTP/1.1 200 OK"
2026-05-31 04:40:12,140 [INFO] __main__ — Generating page 14/30: craft
2026-05-31 04:40:43,807 [INFO] httpx — HTTP Request: POST https://api.openai.com/v1/images/generations "HTTP/1.1 200 OK"
2026-05-31 04:40:44,122 [INFO] __main__ — Generating page 16/30: viewpoint
2026-05-31 04:41:04,563 [INFO] httpx — HTTP Request: POST https://api.openai.com/v1/images/generations "HTTP/1.1 200 OK"
2026-05-31 04:41:04,885 [INFO] __main__ — Generating page 15/30: temple
2026-05-31 04:41:05,257 [INFO] httpx — HTTP Request: POST https://api.openai.com/v1/images/generations "HTTP/1.1 200 OK"
2026-05-31 04:41:05,604 [INFO] __main__ — Generating page 14/30: craft
2026-05-31 04:41:38,021 [INFO] httpx — HTTP Request: POST https://api.openai.com/v1/images/generations "HTTP/1.1 200 OK"
2026-05-31 04:41:38,353 [INFO] __main__ — Generating page 17/30: snack
2026-05-31 04:42:00,613 [INFO] httpx — HTTP Request: POST https://api.openai.com/v1/images/generations "HTTP/1.1 200 OK"
2026-05-31 04:42:00,933 [INFO] __main__ — Generating page 15/30: temple
2026-05-31 04:42:02,546 [INFO] httpx — HTTP Request: POST https://api.openai.com/v1/images/generations "HTTP/1.1 200 OK"
2026-05-31 04:42:02,838 [INFO] __main__ — Generating page 16/30: viewpoint
2026-05-31 04:42:38,377 [INFO] httpx — HTTP Request: POST https://api.openai.com/v1/images/generations "HTTP/1.1 200 OK"
2026-05-31 04:42:38,810 [INFO] __main__ — Generating page 18/30: festival
2026-05-31 04:42:54,529 [INFO] httpx — HTTP Request: POST https://api.openai.com/v1/images/generations "HTTP/1.1 200 OK"
2026-05-31 04:42:54,834 [INFO] __main__ — Generating page 17/30: snack
2026-05-31 04:43:06,169 [INFO] httpx — HTTP Request: POST https://api.openai.com/v1/images/generations "HTTP/1.1 200 OK"
2026-05-31 04:43:06,442 [INFO] __main__ — Generating page 16/30: viewpoint
2026-05-31 04:43:31,987 [INFO] httpx — HTTP Request: POST https://api.openai.com/v1/images/generations "HTTP/1.1 200 OK"
2026-05-31 04:43:32,267 [INFO] __main__ — Generating page 19/30: dinner
2026-05-31 04:43:51,541 [INFO] httpx — HTTP Request: POST https://api.openai.com/v1/images/generations "HTTP/1.1 200 OK"
2026-05-31 04:43:51,830 [INFO] __main__ — Generating page 18/30: festival
2026-05-31 04:44:01,319 [INFO] httpx — HTTP Request: POST https://api.openai.com/v1/images/generations "HTTP/1.1 200 OK"
2026-05-31 04:44:01,651 [INFO] __main__ — Generating page 17/30: snack
2026-05-31 04:44:22,819 [INFO] httpx — HTTP Request: POST https://api.openai.com/v1/images/generations "HTTP/1.1 200 OK"
2026-05-31 04:44:23,137 [INFO] __main__ — Generating page 20/30: evening_walk
2026-05-31 04:44:46,375 [INFO] httpx — HTTP Request: POST https://api.openai.com/v1/images/generations "HTTP/1.1 200 OK"
2026-05-31 04:44:46,833 [INFO] __main__ — Generating page 19/30: dinner
2026-05-31 04:44:56,646 [INFO] httpx — HTTP Request: POST https://api.openai.com/v1/images/generations "HTTP/1.1 200 OK"
2026-05-31 04:44:56,962 [INFO] __main__ — Generating page 18/30: festival
2026-05-31 04:45:15,370 [INFO] httpx — HTTP Request: POST https://api.openai.com/v1/images/generations "HTTP/1.1 200 OK"
2026-05-31 04:45:15,660 [INFO] __main__ — Generating page 21/30: museum
2026-05-31 04:45:55,444 [INFO] httpx — HTTP Request: POST https://api.openai.com/v1/images/generations "HTTP/1.1 200 OK"
2026-05-31 04:45:55,773 [INFO] __main__ — Generating page 19/30: dinner
2026-05-31 04:46:00,675 [INFO] httpx — HTTP Request: POST https://api.openai.com/v1/images/generations "HTTP/1.1 200 OK"
2026-05-31 04:46:00,975 [INFO] __main__ — Generating page 20/30: evening_walk
2026-05-31 04:46:04,452 [INFO] httpx — HTTP Request: POST https://api.openai.com/v1/images/generations "HTTP/1.1 200 OK"
2026-05-31 04:46:04,737 [INFO] __main__ — Generating page 22/30: outdoor
2026-05-31 04:46:50,268 [INFO] httpx — HTTP Request: POST https://api.openai.com/v1/images/generations "HTTP/1.1 200 OK"
2026-05-31 04:46:50,714 [INFO] __main__ — Generating page 20/30: evening_walk
2026-05-31 04:46:56,678 [INFO] httpx — HTTP Request: POST https://api.openai.com/v1/images/generations "HTTP/1.1 200 OK"
2026-05-31 04:46:57,109 [INFO] __main__ — Generating page 21/30: museum
2026-05-31 04:47:00,202 [INFO] httpx — HTTP Request: POST https://api.openai.com/v1/images/generations "HTTP/1.1 200 OK"
2026-05-31 04:47:00,645 [INFO] __main__ — Generating page 23/30: waterside
2026-05-31 04:47:42,523 [INFO] httpx — HTTP Request: POST https://api.openai.com/v1/images/generations "HTTP/1.1 200 OK"
2026-05-31 04:47:42,811 [INFO] __main__ — Generating page 21/30: museum
2026-05-31 04:47:49,776 [INFO] httpx — HTTP Request: POST https://api.openai.com/v1/images/generations "HTTP/1.1 200 OK"
2026-05-31 04:47:50,095 [INFO] __main__ — Generating page 24/30: sport
2026-05-31 04:47:51,852 [INFO] httpx — HTTP Request: POST https://api.openai.com/v1/images/generations "HTTP/1.1 200 OK"
2026-05-31 04:47:52,193 [INFO] __main__ — Generating page 22/30: outdoor
2026-05-31 04:48:41,827 [INFO] httpx — HTTP Request: POST https://api.openai.com/v1/images/generations "HTTP/1.1 200 OK"
2026-05-31 04:48:42,130 [INFO] __main__ — Generating page 25/30: art_market
2026-05-31 04:48:44,412 [INFO] httpx — HTTP Request: POST https://api.openai.com/v1/images/generations "HTTP/1.1 200 OK"
2026-05-31 04:48:44,720 [INFO] __main__ — Generating page 22/30: outdoor
2026-05-31 04:48:48,357 [INFO] httpx — HTTP Request: POST https://api.openai.com/v1/images/generations "HTTP/1.1 200 OK"
2026-05-31 04:48:48,683 [INFO] __main__ — Generating page 23/30: waterside
2026-05-31 04:49:40,327 [INFO] httpx — HTTP Request: POST https://api.openai.com/v1/images/generations "HTTP/1.1 200 OK"
2026-05-31 04:49:40,763 [INFO] httpx — HTTP Request: POST https://api.openai.com/v1/images/generations "HTTP/1.1 200 OK"
2026-05-31 04:49:40,766 [INFO] __main__ — Generating page 23/30: waterside
2026-05-31 04:49:41,216 [INFO] __main__ — Generating page 26/30: celebration
2026-05-31 04:49:43,289 [INFO] httpx — HTTP Request: POST https://api.openai.com/v1/images/generations "HTTP/1.1 200 OK"
2026-05-31 04:49:43,656 [INFO] __main__ — Generating page 24/30: sport
2026-05-31 04:50:30,522 [INFO] httpx — HTTP Request: POST https://api.openai.com/v1/images/generations "HTTP/1.1 200 OK"
2026-05-31 04:50:30,813 [INFO] __main__ — Generating page 24/30: sport
2026-05-31 04:50:31,420 [INFO] httpx — HTTP Request: POST https://api.openai.com/v1/images/generations "HTTP/1.1 200 OK"
2026-05-31 04:50:31,730 [INFO] __main__ — Generating page 27/30: new_friends
2026-05-31 04:50:36,394 [INFO] httpx — HTTP Request: POST https://api.openai.com/v1/images/generations "HTTP/1.1 200 OK"
2026-05-31 04:50:36,726 [INFO] __main__ — Generating page 25/30: art_market
2026-05-31 04:51:24,255 [INFO] httpx — HTTP Request: POST https://api.openai.com/v1/images/generations "HTTP/1.1 200 OK"
2026-05-31 04:51:24,689 [INFO] __main__ — Generating page 28/30: packing
2026-05-31 04:51:25,378 [INFO] httpx — HTTP Request: POST https://api.openai.com/v1/images/generations "HTTP/1.1 200 OK"
2026-05-31 04:51:25,796 [INFO] __main__ — Generating page 25/30: art_market
2026-05-31 04:51:28,449 [INFO] httpx — HTTP Request: POST https://api.openai.com/v1/images/generations "HTTP/1.1 200 OK"
2026-05-31 04:51:28,862 [INFO] __main__ — Generating page 26/30: celebration
2026-05-31 04:52:22,602 [INFO] httpx — HTTP Request: POST https://api.openai.com/v1/images/generations "HTTP/1.1 200 OK"
2026-05-31 04:52:22,944 [INFO] __main__ — Generating page 26/30: celebration
2026-05-31 04:52:23,264 [INFO] httpx — HTTP Request: POST https://api.openai.com/v1/images/generations "HTTP/1.1 200 OK"
2026-05-31 04:52:23,721 [INFO] __main__ — Generating page 27/30: new_friends
2026-05-31 04:52:24,987 [INFO] httpx — HTTP Request: POST https://api.openai.com/v1/images/generations "HTTP/1.1 200 OK"
2026-05-31 04:52:25,312 [INFO] __main__ — Generating page 29/30: farewell
2026-05-31 04:53:17,695 [INFO] httpx — HTTP Request: POST https://api.openai.com/v1/images/generations "HTTP/1.1 200 OK"
2026-05-31 04:53:18,111 [INFO] __main__ — Generating page 28/30: packing
2026-05-31 04:53:20,000 [INFO] httpx — HTTP Request: POST https://api.openai.com/v1/images/generations "HTTP/1.1 200 OK"
2026-05-31 04:53:20,355 [INFO] __main__ — Generating page 30/30: memories
2026-05-31 04:53:21,992 [INFO] httpx — HTTP Request: POST https://api.openai.com/v1/images/generations "HTTP/1.1 200 OK"
2026-05-31 04:53:22,385 [INFO] __main__ — Generating page 27/30: new_friends
2026-05-31 04:54:14,014 [INFO] httpx — HTTP Request: POST https://api.openai.com/v1/images/generations "HTTP/1.1 200 OK"
2026-05-31 04:54:14,283 [INFO] __main__ — Generating page 29/30: farewell
2026-05-31 04:54:21,381 [INFO] httpx — HTTP Request: POST https://api.openai.com/v1/images/generations "HTTP/1.1 200 OK"
2026-05-31 04:54:35,129 [INFO] __main__ — Interior PDF: /Users/jonathan/kdp_coloring_books/output/interiors/explore_venice_interior.pdf
2026-05-31 04:54:36,099 [INFO] __main__ — Cover PDF: /Users/jonathan/kdp_coloring_books/output/covers/venice_cover.pdf
2026-05-31 04:54:36,102 [INFO] __main__ — Metadata: /Users/jonathan/kdp_coloring_books/output/metadata/venice_metadata.json
2026-05-31 04:54:39,607 [INFO] httpx — HTTP Request: POST https://api.openai.com/v1/images/generations "HTTP/1.1 200 OK"
2026-05-31 04:54:39,911 [INFO] __main__ — Generating page 28/30: packing
2026-05-31 04:54:49,603 [INFO] __main__ — KDP-ready PDF: /Users/jonathan/kdp_coloring_books/output/kdp_ready/venice/explore_venice_KDP_READY.pdf
2026-05-31 04:54:49,606 [INFO] __main__ — === Pipeline complete: venice ===
2026-05-31 04:55:07,586 [INFO] httpx — HTTP Request: POST https://api.openai.com/v1/images/generations "HTTP/1.1 200 OK"
2026-05-31 04:55:08,079 [INFO] __main__ — Generating page 30/30: memories
2026-05-31 04:55:40,212 [INFO] httpx — HTTP Request: POST https://api.openai.com/v1/images/generations "HTTP/1.1 200 OK"
2026-05-31 04:55:40,684 [INFO] __main__ — Generating page 29/30: farewell
2026-05-31 04:55:58,791 [INFO] httpx — HTTP Request: POST https://api.openai.com/v1/images/generations "HTTP/1.1 200 OK"
2026-05-31 04:56:12,517 [INFO] __main__ — Interior PDF: /Users/jonathan/kdp_coloring_books/output/interiors/explore_tokyo_interior.pdf
2026-05-31 04:56:13,475 [INFO] __main__ — Cover PDF: /Users/jonathan/kdp_coloring_books/output/covers/tokyo_cover.pdf
2026-05-31 04:56:13,477 [INFO] __main__ — Metadata: /Users/jonathan/kdp_coloring_books/output/metadata/tokyo_metadata.json
2026-05-31 04:56:27,423 [INFO] __main__ — KDP-ready PDF: /Users/jonathan/kdp_coloring_books/output/kdp_ready/tokyo/explore_tokyo_KDP_READY.pdf
2026-05-31 04:56:27,424 [INFO] __main__ — === Pipeline complete: tokyo ===
2026-05-31 04:56:32,867 [INFO] httpx — HTTP Request: POST https://api.openai.com/v1/images/generations "HTTP/1.1 200 OK"
2026-05-31 04:56:33,148 [INFO] __main__ — Generating page 30/30: memories
2026-05-31 04:57:34,106 [INFO] httpx — HTTP Request: POST https://api.openai.com/v1/images/generations "HTTP/1.1 200 OK"
2026-05-31 04:57:48,034 [INFO] __main__ — Interior PDF: /Users/jonathan/kdp_coloring_books/output/interiors/explore_tokyo_interior.pdf
2026-05-31 04:57:48,960 [INFO] __main__ — Cover PDF: /Users/jonathan/kdp_coloring_books/output/covers/tokyo_cover.pdf
2026-05-31 04:57:48,963 [INFO] __main__ — Metadata: /Users/jonathan/kdp_coloring_books/output/metadata/iceland_metadata.json
2026-05-31 04:58:03,125 [INFO] __main__ — KDP-ready PDF: /Users/jonathan/kdp_coloring_books/output/kdp_ready/iceland/explore_tokyo_KDP_READY.pdf
2026-05-31 04:58:03,129 [INFO] __main__ — === Pipeline complete: iceland ===
2026-05-31 20:10:00,991 [INFO] __main__ — === Pipeline start: tokyo ===
2026-05-31 20:10:00,991 [INFO] __main__ — === Pipeline start: venice ===
2026-05-31 20:10:01,130 [INFO] __main__ — Matched spreadsheet row: 1
2026-05-31 20:10:01,130 [INFO] __main__ — Matched spreadsheet row: 0
2026-05-31 20:10:01,187 [INFO] __main__ — Book loaded: Explore Venice
2026-05-31 20:10:01,188 [INFO] __main__ — Book loaded: Explore Tokyo
2026-05-31 20:10:01,188 [INFO] __main__ — Storyboard ready — city=Venice, pages=28
2026-05-31 20:10:01,188 [INFO] __main__ — Image provider: openai-gpt-image-2
2026-05-31 20:10:01,188 [INFO] __main__ — Generating cover...
2026-05-31 20:10:01,190 [INFO] __main__ — Storyboard ready — city=Tokyo, pages=30
2026-05-31 20:10:01,190 [INFO] __main__ — Image provider: openai-gpt-image-2
2026-05-31 20:10:01,190 [INFO] __main__ — Skipping cover generation (--skip-cover set).
2026-05-31 20:10:01,190 [INFO] __main__ — Generating page 09/30: park
2026-05-31 20:10:49,811 [INFO] httpx — HTTP Request: POST https://api.openai.com/v1/images/generations "HTTP/1.1 200 OK"
2026-05-31 20:10:50,385 [INFO] httpx — HTTP Request: POST https://api.openai.com/v1/images/generations "HTTP/1.1 200 OK"
2026-05-31 20:10:50,505 [INFO] __main__ — Generating page 21/30: museum
2026-05-31 20:10:51,240 [INFO] __main__ — Generating page 01/30: arrival
2026-05-31 20:11:37,628 [INFO] httpx — HTTP Request: POST https://api.openai.com/v1/images/generations "HTTP/1.1 200 OK"
2026-05-31 20:11:38,011 [INFO] __main__ — Generating page 02/30: first_glimpse
2026-05-31 20:11:41,428 [INFO] httpx — HTTP Request: POST https://api.openai.com/v1/images/generations "HTTP/1.1 200 OK"
2026-05-31 20:11:41,974 [INFO] __main__ — Generating page 24/30: sport
2026-05-31 20:12:25,587 [INFO] httpx — HTTP Request: POST https://api.openai.com/v1/images/generations "HTTP/1.1 200 OK"
2026-05-31 20:12:26,052 [INFO] __main__ — Generating page 04/30: breakfast
2026-05-31 20:12:27,498 [INFO] httpx — HTTP Request: POST https://api.openai.com/v1/images/generations "HTTP/1.1 200 OK"
2026-05-31 20:12:28,186 [INFO] __main__ — Generating page 25/30: art_market
2026-05-31 20:13:09,894 [INFO] httpx — HTTP Request: POST https://api.openai.com/v1/images/generations "HTTP/1.1 200 OK"
2026-05-31 20:13:10,337 [INFO] __main__ — Generating page 06/30: photo
2026-05-31 20:13:14,322 [INFO] httpx — HTTP Request: POST https://api.openai.com/v1/images/generations "HTTP/1.1 200 OK"
2026-05-31 20:13:14,927 [INFO] __main__ — Generating page 30/30: memories
2026-05-31 20:13:56,805 [INFO] httpx — HTTP Request: POST https://api.openai.com/v1/images/generations "HTTP/1.1 200 OK"
2026-05-31 20:13:57,293 [INFO] __main__ — Generating page 07/30: market
2026-05-31 20:14:02,834 [INFO] httpx — HTTP Request: POST https://api.openai.com/v1/images/generations "HTTP/1.1 200 OK"
2026-05-31 20:14:30,561 [INFO] __main__ — Interior PDF: /Users/jonathan/kdp_coloring_books/output/interiors/explore_tokyo_interior.pdf
2026-05-31 20:14:32,676 [INFO] __main__ — Cover PDF: /Users/jonathan/kdp_coloring_books/output/covers/tokyo_cover.pdf
2026-05-31 20:14:32,678 [INFO] __main__ — Metadata: /Users/jonathan/kdp_coloring_books/output/metadata/tokyo_metadata.json
2026-05-31 20:14:42,056 [INFO] httpx — HTTP Request: POST https://api.openai.com/v1/images/generations "HTTP/1.1 200 OK"
2026-05-31 20:14:42,523 [INFO] __main__ — Generating page 08/30: street_food
2026-05-31 20:15:01,744 [INFO] __main__ — KDP-ready PDF: /Users/jonathan/kdp_coloring_books/output/kdp_ready/tokyo/explore_tokyo_KDP_READY.pdf
2026-05-31 20:15:01,748 [INFO] __main__ — === Pipeline complete: tokyo ===
2026-05-31 20:15:31,309 [INFO] httpx — HTTP Request: POST https://api.openai.com/v1/images/generations "HTTP/1.1 200 OK"
2026-05-31 20:15:31,758 [INFO] __main__ — Generating page 09/30: park
2026-05-31 20:16:21,136 [INFO] httpx — HTTP Request: POST https://api.openai.com/v1/images/generations "HTTP/1.1 200 OK"
2026-05-31 20:16:21,801 [INFO] __main__ — Generating page 10/30: local_animal
2026-05-31 20:17:12,034 [INFO] httpx — HTTP Request: POST https://api.openai.com/v1/images/generations "HTTP/1.1 200 OK"
2026-05-31 20:17:12,602 [INFO] __main__ — Generating page 11/30: transport
2026-05-31 20:17:58,868 [INFO] httpx — HTTP Request: POST https://api.openai.com/v1/images/generations "HTTP/1.1 200 OK"
2026-05-31 20:17:59,381 [INFO] __main__ — Generating page 12/30: landmark_2
2026-05-31 20:18:45,907 [INFO] httpx — HTTP Request: POST https://api.openai.com/v1/images/generations "HTTP/1.1 200 OK"
2026-05-31 20:18:46,680 [INFO] __main__ — Generating page 13/30: shopping
2026-05-31 20:19:34,099 [INFO] httpx — HTTP Request: POST https://api.openai.com/v1/images/generations "HTTP/1.1 200 OK"
2026-05-31 20:19:34,913 [INFO] __main__ — Generating page 14/30: craft
2026-05-31 20:20:41,772 [INFO] httpx — HTTP Request: POST https://api.openai.com/v1/images/generations "HTTP/1.1 200 OK"
2026-05-31 20:20:42,316 [INFO] __main__ — Generating page 15/30: temple
2026-05-31 20:21:29,772 [INFO] httpx — HTTP Request: POST https://api.openai.com/v1/images/generations "HTTP/1.1 200 OK"
2026-05-31 20:21:30,250 [INFO] __main__ — Generating page 16/30: viewpoint
2026-05-31 20:22:19,280 [INFO] httpx — HTTP Request: POST https://api.openai.com/v1/images/generations "HTTP/1.1 200 OK"
2026-05-31 20:22:19,772 [INFO] __main__ — Generating page 17/30: snack
2026-05-31 20:23:09,284 [INFO] httpx — HTTP Request: POST https://api.openai.com/v1/images/generations "HTTP/1.1 200 OK"
2026-05-31 20:23:09,821 [INFO] __main__ — Generating page 18/30: festival
2026-05-31 20:24:01,041 [INFO] httpx — HTTP Request: POST https://api.openai.com/v1/images/generations "HTTP/1.1 200 OK"
2026-05-31 20:24:01,501 [INFO] __main__ — Generating page 19/30: dinner
2026-05-31 20:24:50,218 [INFO] httpx — HTTP Request: POST https://api.openai.com/v1/images/generations "HTTP/1.1 200 OK"
2026-05-31 20:24:50,693 [INFO] __main__ — Generating page 20/30: evening_walk
2026-05-31 20:25:43,980 [INFO] httpx — HTTP Request: POST https://api.openai.com/v1/images/generations "HTTP/1.1 200 OK"
2026-05-31 20:25:44,351 [INFO] __main__ — Generating page 21/30: museum
2026-05-31 20:26:33,873 [INFO] httpx — HTTP Request: POST https://api.openai.com/v1/images/generations "HTTP/1.1 200 OK"
2026-05-31 20:26:34,517 [INFO] __main__ — Generating page 22/30: outdoor
2026-05-31 20:27:17,516 [INFO] httpx — HTTP Request: POST https://api.openai.com/v1/images/generations "HTTP/1.1 200 OK"
2026-05-31 20:27:18,097 [INFO] __main__ — Generating page 23/30: waterside
2026-05-31 20:28:05,042 [INFO] httpx — HTTP Request: POST https://api.openai.com/v1/images/generations "HTTP/1.1 200 OK"
2026-05-31 20:28:05,593 [INFO] __main__ — Generating page 24/30: sport
2026-05-31 20:28:54,787 [INFO] httpx — HTTP Request: POST https://api.openai.com/v1/images/generations "HTTP/1.1 200 OK"
2026-05-31 20:28:55,209 [INFO] __main__ — Generating page 25/30: art_market
2026-05-31 20:29:50,367 [INFO] httpx — HTTP Request: POST https://api.openai.com/v1/images/generations "HTTP/1.1 200 OK"
2026-05-31 20:29:50,825 [INFO] __main__ — Generating page 26/30: celebration
2026-05-31 20:30:58,792 [INFO] httpx — HTTP Request: POST https://api.openai.com/v1/images/generations "HTTP/1.1 200 OK"
2026-05-31 20:30:59,289 [INFO] __main__ — Generating page 27/30: new_friends
2026-05-31 20:31:51,026 [INFO] httpx — HTTP Request: POST https://api.openai.com/v1/images/generations "HTTP/1.1 200 OK"
2026-05-31 20:31:51,662 [INFO] __main__ — Generating page 28/30: packing
2026-05-31 20:32:42,368 [INFO] httpx — HTTP Request: POST https://api.openai.com/v1/images/generations "HTTP/1.1 200 OK"
2026-05-31 20:32:42,748 [INFO] __main__ — Generating page 29/30: farewell
2026-05-31 20:33:25,044 [INFO] httpx — HTTP Request: POST https://api.openai.com/v1/images/generations "HTTP/1.1 200 OK"
2026-05-31 20:33:25,453 [INFO] __main__ — Generating page 30/30: memories
2026-05-31 20:34:13,049 [INFO] httpx — HTTP Request: POST https://api.openai.com/v1/images/generations "HTTP/1.1 200 OK"
2026-05-31 20:34:33,365 [INFO] __main__ — Interior PDF: /Users/jonathan/kdp_coloring_books/output/interiors/explore_venice_interior.pdf
2026-05-31 20:34:34,266 [INFO] __main__ — Cover PDF: /Users/jonathan/kdp_coloring_books/output/covers/venice_cover.pdf
2026-05-31 20:34:34,268 [INFO] __main__ — Metadata: /Users/jonathan/kdp_coloring_books/output/metadata/venice_metadata.json
2026-05-31 20:34:59,917 [INFO] __main__ — KDP-ready PDF: /Users/jonathan/kdp_coloring_books/output/kdp_ready/venice/explore_venice_KDP_READY.pdf
2026-05-31 20:34:59,920 [INFO] __main__ — === Pipeline complete: venice ===
2026-05-31 21:31:48,500 [INFO] __main__ — === Pipeline start: iceland ===
2026-05-31 21:31:48,704 [INFO] __main__ — Matched spreadsheet row: 0
2026-05-31 21:31:48,784 [INFO] __main__ — Book loaded: Explore Tokyo
2026-05-31 21:31:48,786 [INFO] __main__ — Storyboard ready — city=Tokyo, pages=30
2026-05-31 21:31:48,786 [INFO] __main__ — Image provider: openai-gpt-image-2
2026-05-31 21:31:48,786 [INFO] __main__ — Generating cover...
2026-05-31 21:32:41,965 [INFO] httpx — HTTP Request: POST https://api.openai.com/v1/images/generations "HTTP/1.1 200 OK"
2026-05-31 21:32:42,952 [INFO] __main__ — Generating page 01/30: arrival
2026-05-31 21:33:31,326 [INFO] httpx — HTTP Request: POST https://api.openai.com/v1/images/generations "HTTP/1.1 200 OK"
2026-05-31 21:33:31,763 [INFO] __main__ — Generating page 02/30: first_glimpse
2026-05-31 21:34:17,758 [INFO] httpx — HTTP Request: POST https://api.openai.com/v1/images/generations "HTTP/1.1 200 OK"
2026-05-31 21:34:18,151 [INFO] __main__ — Generating page 03/30: hotel
2026-05-31 21:35:06,848 [INFO] httpx — HTTP Request: POST https://api.openai.com/v1/images/generations "HTTP/1.1 200 OK"
2026-05-31 21:35:07,251 [INFO] __main__ — Generating page 04/30: breakfast
2026-05-31 21:35:59,749 [INFO] httpx — HTTP Request: POST https://api.openai.com/v1/images/generations "HTTP/1.1 200 OK"
2026-05-31 21:36:00,179 [INFO] __main__ — Generating page 05/30: landmark_1
2026-05-31 21:36:46,237 [INFO] httpx — HTTP Request: POST https://api.openai.com/v1/images/generations "HTTP/1.1 200 OK"
2026-05-31 21:36:46,589 [INFO] __main__ — Generating page 06/30: photo
2026-05-31 21:37:35,698 [INFO] httpx — HTTP Request: POST https://api.openai.com/v1/images/generations "HTTP/1.1 200 OK"
2026-05-31 21:37:36,021 [INFO] __main__ — Generating page 07/30: market
2026-05-31 21:38:28,029 [INFO] httpx — HTTP Request: POST https://api.openai.com/v1/images/generations "HTTP/1.1 200 OK"
2026-05-31 21:38:28,338 [INFO] __main__ — Generating page 08/30: street_food
2026-05-31 21:39:24,997 [INFO] httpx — HTTP Request: POST https://api.openai.com/v1/images/generations "HTTP/1.1 200 OK"
2026-05-31 21:39:25,375 [INFO] __main__ — Generating page 09/30: park
2026-05-31 21:40:35,752 [INFO] httpx — HTTP Request: POST https://api.openai.com/v1/images/generations "HTTP/1.1 200 OK"
2026-05-31 21:40:36,128 [INFO] __main__ — Generating page 10/30: local_animal
2026-05-31 21:41:23,591 [INFO] httpx — HTTP Request: POST https://api.openai.com/v1/images/generations "HTTP/1.1 200 OK"
2026-05-31 21:41:23,983 [INFO] __main__ — Generating page 11/30: transport
2026-05-31 21:42:14,693 [INFO] httpx — HTTP Request: POST https://api.openai.com/v1/images/generations "HTTP/1.1 200 OK"
2026-05-31 21:42:15,020 [INFO] __main__ — Generating page 12/30: landmark_2
2026-05-31 21:43:03,060 [INFO] httpx — HTTP Request: POST https://api.openai.com/v1/images/generations "HTTP/1.1 200 OK"
2026-05-31 21:43:03,573 [INFO] __main__ — Generating page 13/30: shopping
2026-05-31 21:43:54,720 [INFO] httpx — HTTP Request: POST https://api.openai.com/v1/images/generations "HTTP/1.1 200 OK"
2026-05-31 21:43:55,205 [INFO] __main__ — Generating page 14/30: craft
2026-05-31 21:44:47,515 [INFO] httpx — HTTP Request: POST https://api.openai.com/v1/images/generations "HTTP/1.1 200 OK"
2026-05-31 21:44:47,993 [INFO] __main__ — Generating page 15/30: temple
2026-05-31 21:45:36,233 [INFO] httpx — HTTP Request: POST https://api.openai.com/v1/images/generations "HTTP/1.1 200 OK"
2026-05-31 21:45:36,609 [INFO] __main__ — Generating page 16/30: viewpoint
2026-05-31 21:46:24,949 [INFO] httpx — HTTP Request: POST https://api.openai.com/v1/images/generations "HTTP/1.1 200 OK"
2026-05-31 21:46:25,383 [INFO] __main__ — Generating page 17/30: snack
2026-05-31 21:47:12,676 [INFO] httpx — HTTP Request: POST https://api.openai.com/v1/images/generations "HTTP/1.1 200 OK"
2026-05-31 21:47:13,059 [INFO] __main__ — Generating page 18/30: festival
2026-05-31 21:48:07,952 [INFO] httpx — HTTP Request: POST https://api.openai.com/v1/images/generations "HTTP/1.1 200 OK"
2026-05-31 21:48:08,322 [INFO] __main__ — Generating page 19/30: dinner
2026-05-31 21:49:03,866 [INFO] httpx — HTTP Request: POST https://api.openai.com/v1/images/generations "HTTP/1.1 200 OK"
2026-05-31 21:49:04,273 [INFO] __main__ — Generating page 20/30: evening_walk
2026-05-31 21:49:56,820 [INFO] httpx — HTTP Request: POST https://api.openai.com/v1/images/generations "HTTP/1.1 200 OK"
2026-05-31 21:49:57,226 [INFO] __main__ — Generating page 21/30: museum
2026-05-31 21:50:54,011 [INFO] httpx — HTTP Request: POST https://api.openai.com/v1/images/generations "HTTP/1.1 200 OK"
2026-05-31 21:50:54,486 [INFO] __main__ — Generating page 22/30: outdoor
2026-05-31 21:51:44,845 [INFO] httpx — HTTP Request: POST https://api.openai.com/v1/images/generations "HTTP/1.1 200 OK"
2026-05-31 21:51:45,303 [INFO] __main__ — Generating page 23/30: waterside
2026-05-31 21:52:38,101 [INFO] httpx — HTTP Request: POST https://api.openai.com/v1/images/generations "HTTP/1.1 200 OK"
2026-05-31 21:52:38,886 [INFO] __main__ — Generating page 24/30: sport
2026-05-31 21:53:28,100 [INFO] httpx — HTTP Request: POST https://api.openai.com/v1/images/generations "HTTP/1.1 200 OK"
2026-05-31 21:53:28,517 [INFO] __main__ — Generating page 25/30: art_market
2026-05-31 21:54:25,404 [INFO] httpx — HTTP Request: POST https://api.openai.com/v1/images/generations "HTTP/1.1 200 OK"
2026-05-31 21:54:25,799 [INFO] __main__ — Generating page 26/30: celebration
2026-05-31 21:55:15,769 [INFO] httpx — HTTP Request: POST https://api.openai.com/v1/images/generations "HTTP/1.1 200 OK"
2026-05-31 21:55:16,059 [INFO] __main__ — Generating page 27/30: new_friends
2026-05-31 21:56:11,103 [INFO] httpx — HTTP Request: POST https://api.openai.com/v1/images/generations "HTTP/1.1 200 OK"
2026-05-31 21:56:11,480 [INFO] __main__ — Generating page 28/30: packing
2026-05-31 21:57:02,997 [INFO] httpx — HTTP Request: POST https://api.openai.com/v1/images/generations "HTTP/1.1 200 OK"
2026-05-31 21:57:03,610 [INFO] __main__ — Generating page 29/30: farewell
2026-05-31 21:57:54,917 [INFO] httpx — HTTP Request: POST https://api.openai.com/v1/images/generations "HTTP/1.1 200 OK"
2026-05-31 21:57:55,349 [INFO] __main__ — Generating page 30/30: memories
2026-05-31 21:58:50,841 [INFO] httpx — HTTP Request: POST https://api.openai.com/v1/images/generations "HTTP/1.1 200 OK"
2026-05-31 21:59:20,888 [INFO] __main__ — Interior PDF: /Users/jonathan/kdp_coloring_books/output/interiors/explore_tokyo_interior.pdf
2026-05-31 21:59:22,889 [INFO] __main__ — Cover PDF: /Users/jonathan/kdp_coloring_books/output/covers/tokyo_cover.pdf
2026-05-31 21:59:22,897 [INFO] __main__ — Metadata: /Users/jonathan/kdp_coloring_books/output/metadata/iceland_metadata.json
2026-05-31 21:59:44,325 [INFO] __main__ — KDP-ready PDF: /Users/jonathan/kdp_coloring_books/output/kdp_ready/iceland/explore_tokyo_KDP_READY.pdf
2026-05-31 21:59:44,325 [INFO] __main__ — === Pipeline complete: iceland ===
2026-05-31 22:03:03,360 [INFO] __main__ — === Pipeline start: mexico_city ===
2026-05-31 22:03:03,580 [INFO] __main__ — Matched spreadsheet row: 0
2026-05-31 22:03:03,704 [INFO] __main__ — Book loaded: Explore Tokyo
2026-05-31 22:03:03,707 [INFO] __main__ — Storyboard ready — city=Tokyo, pages=30
2026-05-31 22:03:03,707 [INFO] __main__ — Image provider: openai-gpt-image-2
2026-05-31 22:03:03,707 [INFO] __main__ — Generating cover...
2026-05-31 22:03:04,878 [INFO] __main__ — === Pipeline start: egypt ===
2026-05-31 22:03:05,034 [INFO] __main__ — Matched spreadsheet row: 0
2026-05-31 22:03:05,118 [INFO] __main__ — Book loaded: Explore Tokyo
2026-05-31 22:03:05,120 [INFO] __main__ — Storyboard ready — city=Tokyo, pages=30
2026-05-31 22:03:05,120 [INFO] __main__ — Image provider: openai-gpt-image-2
2026-05-31 22:03:05,120 [INFO] __main__ — Generating cover...
2026-05-31 22:04:03,274 [INFO] httpx — HTTP Request: POST https://api.openai.com/v1/images/generations "HTTP/1.1 200 OK"
2026-05-31 22:04:04,088 [INFO] __main__ — Generating page 01/30: arrival
2026-05-31 22:04:06,564 [INFO] httpx — HTTP Request: POST https://api.openai.com/v1/images/generations "HTTP/1.1 200 OK"
2026-05-31 22:04:07,158 [INFO] __main__ — Generating page 01/30: arrival
2026-05-31 22:05:02,396 [INFO] httpx — HTTP Request: POST https://api.openai.com/v1/images/generations "HTTP/1.1 200 OK"
2026-05-31 22:05:02,849 [INFO] __main__ — Generating page 02/30: first_glimpse
2026-05-31 22:05:18,103 [INFO] httpx — HTTP Request: POST https://api.openai.com/v1/images/generations "HTTP/1.1 200 OK"
2026-05-31 22:05:18,423 [INFO] __main__ — Generating page 02/30: first_glimpse
2026-05-31 22:05:54,956 [INFO] httpx — HTTP Request: POST https://api.openai.com/v1/images/generations "HTTP/1.1 200 OK"
2026-05-31 22:05:55,433 [INFO] __main__ — Generating page 03/30: hotel
2026-05-31 22:06:06,656 [INFO] httpx — HTTP Request: POST https://api.openai.com/v1/images/generations "HTTP/1.1 200 OK"
2026-05-31 22:06:07,139 [INFO] __main__ — Generating page 03/30: hotel
2026-05-31 22:06:57,528 [INFO] httpx — HTTP Request: POST https://api.openai.com/v1/images/generations "HTTP/1.1 200 OK"
2026-05-31 22:06:57,937 [INFO] __main__ — Generating page 04/30: breakfast
2026-05-31 22:07:22,727 [INFO] httpx — HTTP Request: POST https://api.openai.com/v1/images/generations "HTTP/1.1 200 OK"
2026-05-31 22:07:23,639 [INFO] __main__ — Generating page 04/30: breakfast
2026-05-31 22:07:51,932 [INFO] httpx — HTTP Request: POST https://api.openai.com/v1/images/generations "HTTP/1.1 200 OK"
2026-05-31 22:07:52,398 [INFO] __main__ — Generating page 05/30: landmark_1
2026-05-31 22:08:22,539 [INFO] httpx — HTTP Request: POST https://api.openai.com/v1/images/generations "HTTP/1.1 200 OK"
2026-05-31 22:08:22,954 [INFO] __main__ — Generating page 05/30: landmark_1
2026-05-31 22:08:41,994 [INFO] httpx — HTTP Request: POST https://api.openai.com/v1/images/generations "HTTP/1.1 200 OK"
2026-05-31 22:08:42,407 [INFO] __main__ — Generating page 06/30: photo
2026-05-31 22:09:16,033 [INFO] httpx — HTTP Request: POST https://api.openai.com/v1/images/generations "HTTP/1.1 200 OK"
2026-05-31 22:09:16,473 [INFO] __main__ — Generating page 06/30: photo
2026-05-31 22:09:31,668 [INFO] httpx — HTTP Request: POST https://api.openai.com/v1/images/generations "HTTP/1.1 200 OK"
2026-05-31 22:09:32,431 [INFO] __main__ — Generating page 07/30: market
2026-05-31 22:10:09,037 [INFO] httpx — HTTP Request: POST https://api.openai.com/v1/images/generations "HTTP/1.1 200 OK"
2026-05-31 22:10:09,556 [INFO] __main__ — Generating page 07/30: market
2026-05-31 22:10:35,567 [INFO] httpx — HTTP Request: POST https://api.openai.com/v1/images/generations "HTTP/1.1 200 OK"
2026-05-31 22:10:35,981 [INFO] __main__ — Generating page 08/30: street_food
2026-05-31 22:10:59,838 [INFO] httpx — HTTP Request: POST https://api.openai.com/v1/images/generations "HTTP/1.1 200 OK"
2026-05-31 22:11:00,420 [INFO] __main__ — Generating page 08/30: street_food
2026-05-31 22:11:18,059 [INFO] __main__ — === Pipeline start: iceland ===
2026-05-31 22:11:18,271 [INFO] __main__ — Matched spreadsheet row: 0
2026-05-31 22:11:18,376 [INFO] __main__ — Book loaded: Explore Tokyo
2026-05-31 22:11:18,379 [INFO] __main__ — Storyboard ready — city=Tokyo, pages=30
2026-05-31 22:11:18,379 [INFO] __main__ — Image provider: openai-gpt-image-2
2026-05-31 22:11:18,379 [INFO] __main__ — Skipping cover generation (--skip-cover set).
2026-05-31 22:11:18,380 [INFO] __main__ — Generating page 11/30: transport
2026-05-31 22:11:37,818 [INFO] httpx — HTTP Request: POST https://api.openai.com/v1/images/generations "HTTP/1.1 200 OK"
2026-05-31 22:11:38,296 [INFO] __main__ — Generating page 09/30: park
2026-05-31 22:11:52,754 [INFO] httpx — HTTP Request: POST https://api.openai.com/v1/images/generations "HTTP/1.1 200 OK"
2026-05-31 22:11:53,063 [INFO] __main__ — Generating page 09/30: park
2026-05-31 22:12:11,433 [INFO] httpx — HTTP Request: POST https://api.openai.com/v1/images/generations "HTTP/1.1 200 OK"
2026-05-31 22:12:11,911 [INFO] __main__ — Generating page 14/30: craft
2026-05-31 22:12:34,929 [INFO] httpx — HTTP Request: POST https://api.openai.com/v1/images/generations "HTTP/1.1 200 OK"
2026-05-31 22:12:35,482 [INFO] __main__ — Generating page 10/30: local_animal
2026-05-31 22:12:55,136 [INFO] httpx — HTTP Request: POST https://api.openai.com/v1/images/generations "HTTP/1.1 200 OK"
2026-05-31 22:12:55,840 [INFO] __main__ — Generating page 10/30: local_animal
2026-05-31 22:13:07,116 [INFO] httpx — HTTP Request: POST https://api.openai.com/v1/images/generations "HTTP/1.1 200 OK"
2026-05-31 22:13:07,427 [INFO] __main__ — Generating page 18/30: festival
2026-05-31 22:13:27,786 [INFO] httpx — HTTP Request: POST https://api.openai.com/v1/images/generations "HTTP/1.1 200 OK"
2026-05-31 22:13:28,079 [INFO] __main__ — Generating page 11/30: transport
2026-05-31 22:13:47,872 [INFO] httpx — HTTP Request: POST https://api.openai.com/v1/images/generations "HTTP/1.1 200 OK"
2026-05-31 22:13:48,189 [INFO] __main__ — Generating page 11/30: transport
2026-05-31 22:14:03,840 [INFO] httpx — HTTP Request: POST https://api.openai.com/v1/images/generations "HTTP/1.1 200 OK"
2026-05-31 22:14:04,167 [INFO] __main__ — Generating page 23/30: waterside
2026-05-31 22:14:19,837 [INFO] httpx — HTTP Request: POST https://api.openai.com/v1/images/generations "HTTP/1.1 200 OK"
2026-05-31 22:14:20,110 [INFO] __main__ — Generating page 12/30: landmark_2
2026-05-31 22:14:41,013 [INFO] httpx — HTTP Request: POST https://api.openai.com/v1/images/generations "HTTP/1.1 200 OK"
2026-05-31 22:14:41,410 [INFO] __main__ — Generating page 12/30: landmark_2
2026-05-31 22:14:54,737 [INFO] httpx — HTTP Request: POST https://api.openai.com/v1/images/generations "HTTP/1.1 200 OK"
2026-05-31 22:15:12,963 [INFO] httpx — HTTP Request: POST https://api.openai.com/v1/images/generations "HTTP/1.1 200 OK"
2026-05-31 22:15:13,267 [INFO] __main__ — Generating page 13/30: shopping
2026-05-31 22:15:15,127 [INFO] __main__ — Interior PDF: /Users/jonathan/kdp_coloring_books/output/interiors/explore_tokyo_interior.pdf
2026-05-31 22:15:16,120 [INFO] __main__ — Cover PDF: /Users/jonathan/kdp_coloring_books/output/covers/tokyo_cover.pdf
2026-05-31 22:15:16,124 [INFO] __main__ — Metadata: /Users/jonathan/kdp_coloring_books/output/metadata/iceland_metadata.json
2026-05-31 22:15:35,077 [INFO] __main__ — KDP-ready PDF: /Users/jonathan/kdp_coloring_books/output/kdp_ready/iceland/explore_tokyo_KDP_READY.pdf
2026-05-31 22:15:35,082 [INFO] __main__ — === Pipeline complete: iceland ===
2026-05-31 22:15:41,953 [INFO] httpx — HTTP Request: POST https://api.openai.com/v1/images/generations "HTTP/1.1 200 OK"
2026-05-31 22:15:42,254 [INFO] __main__ — Generating page 13/30: shopping
2026-05-31 22:16:11,736 [INFO] httpx — HTTP Request: POST https://api.openai.com/v1/images/generations "HTTP/1.1 200 OK"
2026-05-31 22:16:12,043 [INFO] __main__ — Generating page 14/30: craft
2026-05-31 22:17:05,676 [INFO] httpx — HTTP Request: POST https://api.openai.com/v1/images/generations "HTTP/1.1 200 OK"
2026-05-31 22:17:06,013 [INFO] __main__ — Generating page 14/30: craft
2026-05-31 22:17:08,141 [INFO] httpx — HTTP Request: POST https://api.openai.com/v1/images/generations "HTTP/1.1 200 OK"
2026-05-31 22:17:08,491 [INFO] __main__ — Generating page 15/30: temple
2026-05-31 22:17:58,135 [INFO] httpx — HTTP Request: POST https://api.openai.com/v1/images/generations "HTTP/1.1 200 OK"
2026-05-31 22:17:58,556 [INFO] __main__ — Generating page 16/30: viewpoint
2026-05-31 22:18:05,201 [INFO] httpx — HTTP Request: POST https://api.openai.com/v1/images/generations "HTTP/1.1 200 OK"
2026-05-31 22:18:05,833 [INFO] __main__ — Generating page 15/30: temple
2026-05-31 22:18:48,065 [INFO] httpx — HTTP Request: POST https://api.openai.com/v1/images/generations "HTTP/1.1 200 OK"
2026-05-31 22:18:48,414 [INFO] __main__ — Generating page 17/30: snack
2026-05-31 22:18:59,395 [INFO] httpx — HTTP Request: POST https://api.openai.com/v1/images/generations "HTTP/1.1 200 OK"
2026-05-31 22:18:59,836 [INFO] __main__ — Generating page 16/30: viewpoint
2026-05-31 22:19:45,845 [INFO] httpx — HTTP Request: POST https://api.openai.com/v1/images/generations "HTTP/1.1 200 OK"
2026-05-31 22:19:46,299 [INFO] __main__ — Generating page 18/30: festival
2026-05-31 22:19:52,912 [INFO] httpx — HTTP Request: POST https://api.openai.com/v1/images/generations "HTTP/1.1 200 OK"
2026-05-31 22:19:53,241 [INFO] __main__ — Generating page 17/30: snack
2026-05-31 22:20:43,120 [INFO] httpx — HTTP Request: POST https://api.openai.com/v1/images/generations "HTTP/1.1 200 OK"
2026-05-31 22:20:43,465 [INFO] __main__ — Generating page 19/30: dinner
2026-05-31 22:20:48,104 [INFO] httpx — HTTP Request: POST https://api.openai.com/v1/images/generations "HTTP/1.1 200 OK"
2026-05-31 22:20:48,506 [INFO] __main__ — Generating page 18/30: festival
2026-05-31 22:21:34,901 [INFO] httpx — HTTP Request: POST https://api.openai.com/v1/images/generations "HTTP/1.1 200 OK"
2026-05-31 22:21:35,316 [INFO] __main__ — Generating page 20/30: evening_walk
2026-05-31 22:21:45,085 [INFO] httpx — HTTP Request: POST https://api.openai.com/v1/images/generations "HTTP/1.1 200 OK"
2026-05-31 22:21:45,957 [INFO] __main__ — Generating page 19/30: dinner
2026-05-31 22:22:26,043 [INFO] httpx — HTTP Request: POST https://api.openai.com/v1/images/generations "HTTP/1.1 200 OK"
2026-05-31 22:22:26,423 [INFO] __main__ — Generating page 21/30: museum
2026-05-31 22:22:41,572 [INFO] httpx — HTTP Request: POST https://api.openai.com/v1/images/generations "HTTP/1.1 200 OK"
2026-05-31 22:22:41,897 [INFO] __main__ — Generating page 20/30: evening_walk
2026-05-31 22:23:19,865 [INFO] httpx — HTTP Request: POST https://api.openai.com/v1/images/generations "HTTP/1.1 200 OK"
2026-05-31 22:23:20,250 [INFO] __main__ — Generating page 22/30: outdoor
2026-05-31 22:23:32,766 [INFO] httpx — HTTP Request: POST https://api.openai.com/v1/images/generations "HTTP/1.1 200 OK"
2026-05-31 22:23:33,143 [INFO] __main__ — Generating page 21/30: museum
2026-05-31 22:24:14,176 [INFO] httpx — HTTP Request: POST https://api.openai.com/v1/images/generations "HTTP/1.1 200 OK"
2026-05-31 22:24:14,607 [INFO] __main__ — Generating page 23/30: waterside
2026-05-31 22:24:32,366 [INFO] httpx — HTTP Request: POST https://api.openai.com/v1/images/generations "HTTP/1.1 200 OK"
2026-05-31 22:24:32,934 [INFO] __main__ — Generating page 22/30: outdoor
2026-05-31 22:25:05,036 [INFO] httpx — HTTP Request: POST https://api.openai.com/v1/images/generations "HTTP/1.1 200 OK"
2026-05-31 22:25:05,426 [INFO] __main__ — Generating page 24/30: sport
2026-05-31 22:25:23,519 [INFO] httpx — HTTP Request: POST https://api.openai.com/v1/images/generations "HTTP/1.1 200 OK"
2026-05-31 22:25:24,005 [INFO] __main__ — Generating page 23/30: waterside
2026-05-31 22:25:58,121 [INFO] httpx — HTTP Request: POST https://api.openai.com/v1/images/generations "HTTP/1.1 200 OK"
2026-05-31 22:25:58,494 [INFO] __main__ — Generating page 25/30: art_market
2026-05-31 22:26:24,158 [INFO] httpx — HTTP Request: POST https://api.openai.com/v1/images/generations "HTTP/1.1 200 OK"
2026-05-31 22:26:25,002 [INFO] __main__ — Generating page 24/30: sport
2026-05-31 22:27:05,359 [INFO] httpx — HTTP Request: POST https://api.openai.com/v1/images/generations "HTTP/1.1 200 OK"
2026-05-31 22:27:05,769 [INFO] __main__ — Generating page 26/30: celebration
2026-05-31 22:27:27,503 [INFO] httpx — HTTP Request: POST https://api.openai.com/v1/images/generations "HTTP/1.1 200 OK"
2026-05-31 22:27:28,307 [INFO] __main__ — Generating page 25/30: art_market
2026-05-31 22:27:59,206 [INFO] httpx — HTTP Request: POST https://api.openai.com/v1/images/generations "HTTP/1.1 200 OK"
2026-05-31 22:27:59,588 [INFO] __main__ — Generating page 27/30: new_friends
2026-05-31 22:28:24,822 [INFO] httpx — HTTP Request: POST https://api.openai.com/v1/images/generations "HTTP/1.1 200 OK"
2026-05-31 22:28:25,270 [INFO] __main__ — Generating page 26/30: celebration
2026-05-31 22:28:53,104 [INFO] httpx — HTTP Request: POST https://api.openai.com/v1/images/generations "HTTP/1.1 200 OK"
2026-05-31 22:28:53,568 [INFO] __main__ — Generating page 28/30: packing
2026-05-31 22:29:33,463 [INFO] httpx — HTTP Request: POST https://api.openai.com/v1/images/generations "HTTP/1.1 200 OK"
2026-05-31 22:29:33,926 [INFO] __main__ — Generating page 27/30: new_friends
2026-05-31 22:29:58,510 [INFO] httpx — HTTP Request: POST https://api.openai.com/v1/images/generations "HTTP/1.1 200 OK"
2026-05-31 22:29:58,976 [INFO] __main__ — Generating page 29/30: farewell
2026-05-31 22:30:28,895 [INFO] httpx — HTTP Request: POST https://api.openai.com/v1/images/generations "HTTP/1.1 200 OK"
2026-05-31 22:30:29,256 [INFO] __main__ — Generating page 28/30: packing
2026-05-31 22:30:52,681 [INFO] httpx — HTTP Request: POST https://api.openai.com/v1/images/generations "HTTP/1.1 200 OK"
2026-05-31 22:30:53,080 [INFO] __main__ — Generating page 30/30: memories
2026-05-31 22:31:26,990 [INFO] httpx — HTTP Request: POST https://api.openai.com/v1/images/generations "HTTP/1.1 200 OK"
2026-05-31 22:31:27,442 [INFO] __main__ — Generating page 29/30: farewell
2026-05-31 22:31:56,373 [INFO] httpx — HTTP Request: POST https://api.openai.com/v1/images/generations "HTTP/1.1 200 OK"
2026-05-31 22:32:21,819 [INFO] httpx — HTTP Request: POST https://api.openai.com/v1/images/generations "HTTP/1.1 200 OK"
2026-05-31 22:32:22,273 [INFO] __main__ — Generating page 30/30: memories
2026-05-31 22:32:26,740 [INFO] __main__ — Interior PDF: /Users/jonathan/kdp_coloring_books/output/interiors/explore_tokyo_interior.pdf
2026-05-31 22:32:28,518 [INFO] __main__ — Cover PDF: /Users/jonathan/kdp_coloring_books/output/covers/tokyo_cover.pdf
2026-05-31 22:32:28,519 [INFO] __main__ — Metadata: /Users/jonathan/kdp_coloring_books/output/metadata/egypt_metadata.json
2026-05-31 22:32:45,140 [INFO] __main__ — KDP-ready PDF: /Users/jonathan/kdp_coloring_books/output/kdp_ready/egypt/explore_tokyo_KDP_READY.pdf
2026-05-31 22:32:45,141 [INFO] __main__ — === Pipeline complete: egypt ===
2026-05-31 22:33:21,616 [INFO] httpx — HTTP Request: POST https://api.openai.com/v1/images/generations "HTTP/1.1 200 OK"
2026-05-31 22:33:35,097 [INFO] __main__ — === Pipeline start: egypt ===
2026-05-31 22:33:35,371 [INFO] __main__ — Matched spreadsheet row: 0
2026-05-31 22:33:35,515 [INFO] __main__ — Book loaded: Explore Tokyo
2026-05-31 22:33:35,518 [INFO] __main__ — Storyboard ready — city=Tokyo, pages=30
2026-05-31 22:33:56,486 [INFO] __main__ — Interior PDF: /Users/jonathan/kdp_coloring_books/output/interiors/explore_tokyo_interior.pdf
2026-05-31 22:33:58,231 [INFO] __main__ — Cover PDF: /Users/jonathan/kdp_coloring_books/output/covers/tokyo_cover.pdf
2026-05-31 22:33:58,237 [INFO] __main__ — Metadata: /Users/jonathan/kdp_coloring_books/output/metadata/mexico_city_metadata.json
2026-05-31 22:34:07,167 [INFO] __main__ — Interior PDF: /Users/jonathan/kdp_coloring_books/output/interiors/explore_tokyo_interior.pdf
2026-05-31 22:34:09,768 [INFO] __main__ — Cover PDF: /Users/jonathan/kdp_coloring_books/output/covers/tokyo_cover.pdf
2026-05-31 22:34:09,771 [INFO] __main__ — Metadata: /Users/jonathan/kdp_coloring_books/output/metadata/egypt_metadata.json
2026-05-31 22:34:34,135 [INFO] __main__ — KDP-ready PDF: /Users/jonathan/kdp_coloring_books/output/kdp_ready/mexico_city/explore_tokyo_KDP_READY.pdf
2026-05-31 22:34:34,141 [INFO] __main__ — === Pipeline complete: mexico_city ===
2026-05-31 22:34:43,191 [INFO] __main__ — KDP-ready PDF: /Users/jonathan/kdp_coloring_books/output/kdp_ready/egypt/explore_tokyo_KDP_READY.pdf
2026-05-31 22:34:43,197 [INFO] __main__ — === Pipeline complete: egypt ===
2026-05-31 23:19:32,175 [INFO] __main__ — === Pipeline start: mexico_city ===
2026-05-31 23:19:32,365 [INFO] __main__ — Matched spreadsheet row: 0
2026-05-31 23:19:32,466 [INFO] __main__ — Book loaded: Explore Tokyo
2026-05-31 23:19:32,469 [INFO] __main__ — Storyboard ready — city=Tokyo, pages=30
2026-05-31 23:19:57,690 [INFO] __main__ — Interior PDF: /Users/jonathan/kdp_coloring_books/output/interiors/explore_tokyo_interior.pdf
2026-05-31 23:19:59,525 [INFO] __main__ — Cover PDF: /Users/jonathan/kdp_coloring_books/output/covers/tokyo_cover.pdf
2026-05-31 23:19:59,527 [INFO] __main__ — Metadata: /Users/jonathan/kdp_coloring_books/output/metadata/mexico_city_metadata.json
2026-05-31 23:20:26,622 [INFO] __main__ — KDP-ready PDF: /Users/jonathan/kdp_coloring_books/output/kdp_ready/mexico_city/explore_tokyo_KDP_READY.pdf
2026-05-31 23:20:26,624 [INFO] __main__ — === Pipeline complete: mexico_city ===
2026-05-31 23:20:27,481 [INFO] __main__ — === Pipeline start: egypt ===
2026-05-31 23:20:27,670 [INFO] __main__ — Matched spreadsheet row: 0
2026-05-31 23:20:27,763 [INFO] __main__ — Book loaded: Explore Tokyo
2026-05-31 23:20:27,765 [INFO] __main__ — Storyboard ready — city=Tokyo, pages=30
2026-05-31 23:20:53,660 [INFO] __main__ — Interior PDF: /Users/jonathan/kdp_coloring_books/output/interiors/explore_tokyo_interior.pdf
2026-05-31 23:20:55,378 [INFO] __main__ — Cover PDF: /Users/jonathan/kdp_coloring_books/output/covers/tokyo_cover.pdf
2026-05-31 23:20:55,379 [INFO] __main__ — Metadata: /Users/jonathan/kdp_coloring_books/output/metadata/egypt_metadata.json
2026-05-31 23:21:24,036 [INFO] __main__ — KDP-ready PDF: /Users/jonathan/kdp_coloring_books/output/kdp_ready/egypt/explore_tokyo_KDP_READY.pdf
2026-05-31 23:21:24,037 [INFO] __main__ — === Pipeline complete: egypt ===
2026-05-31 23:55:50,083 [INFO] __main__ — === Pipeline start: mexico_city ===
2026-05-31 23:55:50,197 [INFO] __main__ — Matched spreadsheet row: 0
2026-05-31 23:55:50,251 [INFO] __main__ — Book loaded: Explore Tokyo
2026-05-31 23:55:50,253 [INFO] __main__ — Storyboard ready — city=Tokyo, pages=30
2026-06-01 00:47:16,698 [INFO] __main__ — === Pipeline start: mexico_city ===
2026-06-01 00:47:16,699 [INFO] __main__ — === Pipeline start: egypt ===
2026-06-01 00:47:16,824 [INFO] __main__ — Matched spreadsheet row: 0
2026-06-01 00:47:16,824 [INFO] __main__ — Matched spreadsheet row: 0
2026-06-01 00:47:16,879 [INFO] __main__ — Book loaded: Explore Tokyo
2026-06-01 00:47:16,880 [INFO] __main__ — Book loaded: Explore Tokyo
2026-06-01 00:47:16,882 [INFO] __main__ — Storyboard ready — city=Tokyo, pages=30
2026-06-01 00:47:16,882 [INFO] __main__ — Storyboard ready — city=Tokyo, pages=30
2026-06-01 00:47:16,882 [INFO] __main__ — Image provider: openai-gpt-image-2
2026-06-01 00:47:16,882 [INFO] __main__ — Image provider: openai-gpt-image-2
2026-06-01 00:47:16,882 [INFO] __main__ — Generating cover...
2026-06-01 00:47:16,882 [INFO] __main__ — Generating cover...
2026-06-01 00:48:14,604 [INFO] httpx — HTTP Request: POST https://api.openai.com/v1/images/generations "HTTP/1.1 200 OK"
2026-06-01 00:48:15,142 [INFO] __main__ — All pages already exist, skipping generation.
2026-06-01 00:48:15,772 [INFO] httpx — HTTP Request: POST https://api.openai.com/v1/images/generations "HTTP/1.1 200 OK"
2026-06-01 00:48:16,202 [INFO] __main__ — All pages already exist, skipping generation.
2026-06-01 00:48:29,896 [INFO] __main__ — Interior PDF: /Users/jonathan/kdp_coloring_books/output/interiors/explore_tokyo_interior.pdf
2026-06-01 00:48:30,031 [INFO] __main__ — Interior PDF: /Users/jonathan/kdp_coloring_books/output/interiors/explore_tokyo_interior.pdf
2026-06-01 00:48:30,861 [INFO] __main__ — Cover PDF: /Users/jonathan/kdp_coloring_books/output/covers/tokyo_cover.pdf
2026-06-01 00:48:30,863 [INFO] __main__ — Metadata: /Users/jonathan/kdp_coloring_books/output/metadata/mexico_city_metadata.json
2026-06-01 00:48:30,980 [INFO] __main__ — Cover PDF: /Users/jonathan/kdp_coloring_books/output/covers/tokyo_cover.pdf
2026-06-01 00:48:30,980 [INFO] __main__ — Metadata: /Users/jonathan/kdp_coloring_books/output/metadata/egypt_metadata.json
2026-06-01 00:48:45,404 [INFO] __main__ — KDP-ready PDF: /Users/jonathan/kdp_coloring_books/output/kdp_ready/egypt/explore_tokyo_KDP_READY.pdf
2026-06-01 00:48:45,405 [INFO] __main__ — === Pipeline complete: egypt ===
2026-06-01 00:48:46,199 [INFO] __main__ — KDP-ready PDF: /Users/jonathan/kdp_coloring_books/output/kdp_ready/mexico_city/explore_tokyo_KDP_READY.pdf
2026-06-01 00:48:46,199 [INFO] __main__ — === Pipeline complete: mexico_city ===
2026-06-01 00:57:18,847 [INFO] __main__ — === Pipeline start: mexico_city ===
2026-06-01 00:57:18,961 [INFO] __main__ — Matched spreadsheet row: 0
2026-06-01 00:57:19,013 [INFO] __main__ — Book loaded: Explore Tokyo
2026-06-01 00:57:19,015 [INFO] __main__ — Storyboard ready — city=Mexico City, pages=30
2026-06-01 00:57:19,015 [INFO] __main__ — Image provider: openai-gpt-image-2
2026-06-01 00:57:19,015 [INFO] __main__ — Generating cover...
2026-06-01 00:58:34,988 [INFO] httpx — HTTP Request: POST https://api.openai.com/v1/images/generations "HTTP/1.1 200 OK"
2026-06-01 00:58:35,600 [INFO] __main__ — All pages already exist, skipping generation.
2026-06-01 00:58:49,803 [INFO] __main__ — Interior PDF: /Users/jonathan/kdp_coloring_books/output/interiors/explore_tokyo_interior.pdf
2026-06-01 00:58:50,733 [INFO] __main__ — Cover PDF: /Users/jonathan/kdp_coloring_books/output/covers/mexico_city_cover.pdf
2026-06-01 00:58:50,734 [INFO] __main__ — Metadata: /Users/jonathan/kdp_coloring_books/output/metadata/mexico_city_metadata.json
2026-06-01 00:59:05,667 [INFO] __main__ — KDP-ready PDF: /Users/jonathan/kdp_coloring_books/output/kdp_ready/mexico_city/explore_tokyo_KDP_READY.pdf
2026-06-01 00:59:05,667 [INFO] __main__ — === Pipeline complete: mexico_city ===
2026-06-01 00:59:06,235 [INFO] __main__ — === Pipeline start: egypt ===
2026-06-01 00:59:06,341 [INFO] __main__ — Matched spreadsheet row: 0
2026-06-01 00:59:06,394 [INFO] __main__ — Book loaded: Explore Tokyo
2026-06-01 00:59:06,396 [INFO] __main__ — Storyboard ready — city=Cairo, pages=30
2026-06-01 00:59:06,396 [INFO] __main__ — Image provider: openai-gpt-image-2
2026-06-01 00:59:06,396 [INFO] __main__ — Generating cover...
2026-06-01 01:00:04,057 [INFO] httpx — HTTP Request: POST https://api.openai.com/v1/images/generations "HTTP/1.1 200 OK"
2026-06-01 01:00:04,492 [INFO] __main__ — All pages already exist, skipping generation.
2026-06-01 01:00:17,802 [INFO] __main__ — Interior PDF: /Users/jonathan/kdp_coloring_books/output/interiors/explore_tokyo_interior.pdf
2026-06-01 01:00:18,764 [INFO] __main__ — Cover PDF: /Users/jonathan/kdp_coloring_books/output/covers/cairo_cover.pdf
2026-06-01 01:00:18,764 [INFO] __main__ — Metadata: /Users/jonathan/kdp_coloring_books/output/metadata/egypt_metadata.json
2026-06-01 01:00:33,089 [INFO] __main__ — KDP-ready PDF: /Users/jonathan/kdp_coloring_books/output/kdp_ready/egypt/explore_tokyo_KDP_READY.pdf
2026-06-01 01:00:33,091 [INFO] __main__ — === Pipeline complete: egypt ===
2026-06-01 01:38:51,391 [INFO] __main__ — === Pipeline start: mexico_city ===
2026-06-01 01:38:51,514 [INFO] __main__ — Matched spreadsheet row: 0
2026-06-01 01:38:51,568 [INFO] __main__ — Book loaded: Explore Tokyo
2026-06-01 01:38:51,570 [INFO] __main__ — Storyboard ready — city=Mexico City, pages=30
2026-06-01 01:38:51,570 [INFO] __main__ — Image provider: openai-gpt-image-2
2026-06-01 01:38:51,570 [INFO] __main__ — Skipping cover generation (--skip-cover set).
2026-06-01 01:38:51,576 [INFO] __main__ — Generating page 26/30: celebration
2026-06-01 01:39:53,480 [INFO] httpx — HTTP Request: POST https://api.openai.com/v1/images/generations "HTTP/1.1 200 OK"
2026-06-01 01:40:08,350 [INFO] __main__ — Interior PDF: /Users/jonathan/kdp_coloring_books/output/interiors/explore_tokyo_interior.pdf
2026-06-01 01:40:09,274 [INFO] __main__ — Cover PDF: /Users/jonathan/kdp_coloring_books/output/covers/mexico_city_cover.pdf
2026-06-01 01:40:09,276 [INFO] __main__ — Metadata: /Users/jonathan/kdp_coloring_books/output/metadata/mexico_city_metadata.json
2026-06-01 01:40:24,334 [INFO] __main__ — KDP-ready PDF: /Users/jonathan/kdp_coloring_books/output/kdp_ready/mexico_city/explore_mexico_city_KDP_READY.pdf
2026-06-01 01:40:24,335 [INFO] __main__ — === Pipeline complete: mexico_city ===
